2026-08-20 13:12:39 [INFO] Telegram Bot dinlemeye başladı...
2026-08-20 13:12:39 [INFO] Start polling
2026-08-20 13:12:39 [INFO] Tüm USDT pariteleri aranıyor...
2026-08-20 13:12:39 [INFO] Web server started on port 8080
2026-08-20 13:12:40 [INFO] Run polling for bot @Kripto_tarama_bot id=8154127903 - 'Tarama'
2026-08-20 13:12:40 [INFO] [PING] Self-ping attı: HTTP 200
2026-08-20 13:12:40 [INFO] Toplam 527 adet USDT Futures paritesi bulundu.
2026-08-20 13:12:40 [INFO] 527 coin için geçmiş veriler indiriliyor ve simüle ediliyor, lütfen bekleyin...
2026-08-20 13:12:42 [INFO] [CHZUSDT] Geçmiş tarama: sinyal 2.7 dk önce oluşmuş. Timeout sınırı: 15 dk.
2026-08-20 13:12:42 [INFO] [CHZUSDT] Geçerli sinyal, veritabanına kaydediliyor.
2026-08-20 13:12:44 [INFO] [IMXUSDT] Geçmiş tarama: sinyal 2.7 dk önce oluşmuş. Timeout sınırı: 15 dk.
2026-08-20 13:12:44 [INFO] [IMXUSDT] Geçerli sinyal, veritabanına kaydediliyor.
2026-08-20 13:12:44 [INFO] [JASMYUSDT] Geçmiş tarama: sinyal 2.7 dk önce oluşmuş. Timeout sınırı: 15 dk.
2026-08-20 13:12:44 [INFO] [JASMYUSDT] Geçerli sinyal, veritabanına kaydediliyor.
2026-08-20 13:12:44 [ERROR] Failed to fetch updates - TelegramConflictError: Telegram server says - Conflict: terminated by other getUpdates request; make sure that only one bot instance is running
2026-08-20 13:12:44 [WARNING] Sleep for 1.000000 seconds and try again... (tryings = 0, bot id = 8154127903)
2026-08-20 13:12:45 [INFO] [WLDUSDT] Geçmiş tarama: sinyal 12.8 dk önce oluşmuş. Timeout sınırı: 15 dk.
2026-08-20 13:12:45 [INFO] [WLDUSDT] Geçerli sinyal, veritabanına kaydediliyor.
2026-08-20 13:12:46 [INFO] [DODOXUSDT] Geçmiş tarama: sinyal 2.8 dk önce oluşmuş. Timeout sınırı: 15 dk.
2026-08-20 13:12:46 [INFO] [DODOXUSDT] Geçerli sinyal, veritabanına kaydediliyor.
2026-08-20 13:12:46 [INFO] [RIFUSDT] Geçmiş tarama: sinyal 2.8 dk önce oluşmuş. Timeout sınırı: 15 dk.
2026-08-20 13:12:46 [INFO] [RIFUSDT] Geçerli sinyal, veritabanına kaydediliyor.
2026-08-20 13:12:46 [INFO] [BEAMXUSDT] Geçmiş tarama: sinyal 12.8 dk önce oluşmuş. Timeout sınırı: 15 dk.
2026-08-20 13:12:46 [INFO] [BEAMXUSDT] Geçerli sinyal, veritabanına kaydediliyor.
2026-08-20 13:12:47 [INFO] [AUCTIONUSDT] Geçmiş tarama: sinyal 2.8 dk önce oluşmuş. Timeout sınırı: 15 dk.
2026-08-20 13:12:47 [INFO] [AUCTIONUSDT] Geçerli sinyal, veritabanına kaydediliyor.
2026-08-20 13:12:48 [INFO] [AEVOUSDT] Geçmiş tarama: sinyal 2.8 dk önce oluşmuş. Timeout sınırı: 15 dk.
2026-08-20 13:12:48 [INFO] [AEVOUSDT] Geçerli sinyal, veritabanına kaydediliyor.
2026-08-20 13:12:49 [INFO] [ZROUSDT] Geçmiş tarama: sinyal 2.8 dk önce oluşmuş. Timeout sınırı: 15 dk.
2026-08-20 13:12:49 [INFO] [ZROUSDT] Geçerli sinyal, veritabanına kaydediliyor.
2026-08-20 13:12:49 [INFO] [SUNUSDT] Geçmiş tarama: sinyal 2.8 dk önce oluşmuş. Timeout sınırı: 15 dk.
2026-08-20 13:12:49 [INFO] [SUNUSDT] Geçerli sinyal, veritabanına kaydediliyor.
2026-08-20 13:12:50 [ERROR] Failed to fetch updates - TelegramConflictError: Telegram server says - Conflict: terminated by other getUpdates request; make sure that only one bot instance is running
2026-08-20 13:12:50 [WARNING] Sleep for 1.186516 seconds and try again... (tryings = 1, bot id = 8154127903)
2026-08-20 13:12:51 [INFO] [AEROUSDT] Geçmiş tarama: sinyal 2.9 dk önce oluşmuş. Timeout sınırı: 15 dk.
2026-08-20 13:12:51 [INFO] [AEROUSDT] Geçerli sinyal, veritabanına kaydediliyor.
2026-08-20 13:12:51 [INFO] [KOMAUSDT] Geçmiş tarama: sinyal 2.9 dk önce oluşmuş. Timeout sınırı: 15 dk.
2026-08-20 13:12:51 [INFO] [KOMAUSDT] Geçerli sinyal, veritabanına kaydediliyor.
2026-08-20 13:12:52 [INFO] [GRIFFAINUSDT] Geçmiş tarama: sinyal 2.9 dk önce oluşmuş. Timeout sınırı: 15 dk.
2026-08-20 13:12:52 [INFO] [GRIFFAINUSDT] Geçerli sinyal, veritabanına kaydediliyor.
2026-08-20 13:12:52 [INFO] [MELANIAUSDT] Geçmiş tarama: sinyal 12.9 dk önce oluşmuş. Timeout sınırı: 15 dk.
2026-08-20 13:12:52 [INFO] [MELANIAUSDT] Geçerli sinyal, veritabanına kaydediliyor.
2026-08-20 13:12:53 [INFO] [PLUMEUSDT] Geçmiş tarama: sinyal 17.9 dk önce oluşmuş. Timeout sınırı: 15 dk.
2026-08-20 13:12:53 [INFO] [PLUMEUSDT] TIMEOUT → IDLE'a sıfırlandı.
2026-08-20 13:12:53 [INFO] [ATHUSDT] Geçmiş tarama: sinyal 17.9 dk önce oluşmuş. Timeout sınırı: 15 dk.
2026-08-20 13:12:53 [INFO] [ATHUSDT] TIMEOUT → IDLE'a sıfırlandı.
2026-08-20 13:12:54 [INFO] [BANKUSDT] Geçmiş tarama: sinyal 2.9 dk önce oluşmuş. Timeout sınırı: 15 dk.
2026-08-20 13:12:54 [INFO] [BANKUSDT] Geçerli sinyal, veritabanına kaydediliyor.
2026-08-20 13:12:54 [INFO] [B2USDT] Geçmiş tarama: sinyal 12.9 dk önce oluşmuş. Timeout sınırı: 15 dk.
2026-08-20 13:12:54 [INFO] [B2USDT] Geçerli sinyal, veritabanına kaydediliyor.
2026-08-20 13:12:55 [INFO] [SPKUSDT] Geçmiş tarama: sinyal 12.9 dk önce oluşmuş. Timeout sınırı: 15 dk.
2026-08-20 13:12:55 [INFO] [SPKUSDT] Geçerli sinyal, veritabanına kaydediliyor.
2026-08-20 13:12:55 [INFO] [BULLAUSDT] Geçmiş tarama: sinyal 2.9 dk önce oluşmuş. Timeout sınırı: 15 dk.
2026-08-20 13:12:55 [INFO] [BULLAUSDT] Geçerli sinyal, veritabanına kaydediliyor.
2026-08-20 13:12:55 [INFO] [SAHARAUSDT] Geçmiş tarama: sinyal 12.9 dk önce oluşmuş. Timeout sınırı: 15 dk.
2026-08-20 13:12:55 [INFO] [SAHARAUSDT] Geçerli sinyal, veritabanına kaydediliyor.
2026-08-20 13:12:56 [ERROR] Failed to fetch updates - TelegramConflictError: Telegram server says - Conflict: terminated by other getUpdates request; make sure that only one bot instance is running
2026-08-20 13:12:56 [WARNING] Sleep for 1.596263 seconds and try again... (tryings = 2, bot id = 8154127903)
2026-08-20 13:12:56 [INFO] [VELVETUSDT] Geçmiş tarama: sinyal 2.9 dk önce oluşmuş. Timeout sınırı: 15 dk.
2026-08-20 13:12:56 [INFO] [VELVETUSDT] Geçerli sinyal, veritabanına kaydediliyor.
2026-08-20 13:12:56 [INFO] [TAGUSDT] Geçmiş tarama: sinyal 2.9 dk önce oluşmuş. Timeout sınırı: 15 dk.
2026-08-20 13:12:56 [INFO] [TAGUSDT] Geçerli sinyal, veritabanına kaydediliyor.
2026-08-20 13:12:56 [INFO] [NAORISUSDT] Geçmiş tarama: sinyal 2.9 dk önce oluşmuş. Timeout sınırı: 15 dk.
2026-08-20 13:12:56 [INFO] [NAORISUSDT] Geçerli sinyal, veritabanına kaydediliyor.
2026-08-20 13:12:57 [INFO] [ARIAUSDT] Geçmiş tarama: sinyal 3.0 dk önce oluşmuş. Timeout sınırı: 15 dk.
2026-08-20 13:12:57 [INFO] [ARIAUSDT] Geçerli sinyal, veritabanına kaydediliyor.
2026-08-20 13:12:57 [INFO] [OPENUSDT] Geçmiş tarama: sinyal 3.0 dk önce oluşmuş. Timeout sınırı: 15 dk.
2026-08-20 13:12:57 [INFO] [OPENUSDT] Geçerli sinyal, veritabanına kaydediliyor.
2026-08-20 13:12:57 [INFO] [COAIUSDT] Geçmiş tarama: sinyal 3.0 dk önce oluşmuş. Timeout sınırı: 15 dk.
2026-08-20 13:12:57 [INFO] [COAIUSDT] Geçerli sinyal, veritabanına kaydediliyor.
2026-08-20 13:12:57 [INFO] [HANAUSDT] Geçmiş tarama: sinyal 3.0 dk önce oluşmuş. Timeout sınırı: 15 dk.
2026-08-20 13:12:57 [INFO] [HANAUSDT] Geçerli sinyal, veritabanına kaydediliyor.
2026-08-20 13:12:58 [INFO] [LYNUSDT] Geçmiş tarama: sinyal 13.0 dk önce oluşmuş. Timeout sınırı: 15 dk.
2026-08-20 13:12:58 [INFO] [LYNUSDT] Geçerli sinyal, veritabanına kaydediliyor.
2026-08-20 13:12:59 [INFO] [BEATUSDT] Geçmiş tarama: sinyal 8.0 dk önce oluşmuş. Timeout sınırı: 15 dk.
2026-08-20 13:12:59 [INFO] [BEATUSDT] Geçerli sinyal, veritabanına kaydediliyor.
2026-08-20 13:13:01 [INFO] [ELSAUSDT] Geçmiş tarama: sinyal 3.0 dk önce oluşmuş. Timeout sınırı: 15 dk.
2026-08-20 13:13:01 [INFO] [ELSAUSDT] Geçerli sinyal, veritabanına kaydediliyor.
2026-08-20 13:13:01 [INFO] [BIRBUSDT] Geçmiş tarama: sinyal 3.0 dk önce oluşmuş. Timeout sınırı: 15 dk.
2026-08-20 13:13:01 [INFO] [BIRBUSDT] Geçerli sinyal, veritabanına kaydediliyor.
2026-08-20 13:13:01 [INFO] [ESPUSDT] Geçmiş tarama: sinyal 13.0 dk önce oluşmuş. Timeout sınırı: 15 dk.
2026-08-20 13:13:01 [INFO] [ESPUSDT] Geçerli sinyal, veritabanına kaydediliyor.
2026-08-20 13:13:01 [INFO] [OPNUSDT] Geçmiş tarama: sinyal 13.0 dk önce oluşmuş. Timeout sınırı: 15 dk.
2026-08-20 13:13:01 [INFO] [OPNUSDT] Geçerli sinyal, veritabanına kaydediliyor.
2026-08-20 13:13:02 [INFO] [AIGENSYNUSDT] Geçmiş tarama: sinyal 3.0 dk önce oluşmuş. Timeout sınırı: 15 dk.
2026-08-20 13:13:02 [INFO] [AIGENSYNUSDT] Geçerli sinyal, veritabanına kaydediliyor.
2026-08-20 13:13:02 [INFO] [OUSDT] Geçmiş tarama: sinyal 13.0 dk önce oluşmuş. Timeout sınırı: 15 dk.
2026-08-20 13:13:02 [INFO] [OUSDT] Geçerli sinyal, veritabanına kaydediliyor.
2026-08-20 13:13:02 [INFO] Geçmiş veriler ve durum simülasyonu tamamlandı. Çoklu WebSocket bağlantıları açılıyor...
2026-08-20 13:13:02 [INFO] [WS-1] WebSocket bağlanılıyor...
2026-08-20 13:13:02 [INFO] [WS-2] WebSocket bağlanılıyor...
2026-08-20 13:13:02 [INFO] [WS-3] WebSocket bağlanılıyor...
2026-08-20 13:13:02 [INFO] [WS-4] WebSocket bağlanılıyor...
2026-08-20 13:13:02 [ERROR] Failed to fetch updates - TelegramConflictError: Telegram server says - Conflict: terminated by other getUpdates request; make sure that only one bot instance is running
2026-08-20 13:13:02 [WARNING] Sleep for 2.148555 seconds and try again... (tryings = 3, bot id = 8154127903)
2026-08-20 13:13:03 [INFO] [WS-1] Bağlantı başarılı. 150 parite dinleniyor...
2026-08-20 13:13:03 [INFO] [WS-3] Bağlantı başarılı. 150 parite dinleniyor...
2026-08-20 13:13:03 [INFO] [WS-4] Bağlantı başarılı. 77 parite dinleniyor...
2026-08-20 13:13:03 [INFO] [WS-2] Bağlantı başarılı. 150 parite dinleniyor...
2026-08-20 13:13:04 [INFO] [WS-4] İlk ham mesaj alındı: {"stream":"cysusdt@kline_5m","data":{"e":"kline","E":1787220783937,"s":"CYSUSDT","k":{"t":1787220600000, "T":1787220899999, "s":"CYSUSDT", "i":"5m", "f":153345633, "L":153347105, "o":"0.5798000", "c":"0.5844000", "h":"0.5845000", "l":"0.5793000", "v":"89778", "n":1473, "x":false, "q":"52282.2572000"
2026-08-20 13:13:04 [INFO] [WS-1] İlk ham mesaj alındı: {"stream":"galausdt@kline_5m","data":{"e":"kline","E":1787220783972,"s":"GALAUSDT","k":{"t":1787220600000, "T":1787220899999, "s":"GALAUSDT", "i":"5m", "f":885933020, "L":885933304, "o":"0.0014470", "c":"0.0014460", "h":"0.0014480", "l":"0.0014450", "v":"20680304", "n":285, "x":false, "q":"29909.320
2026-08-20 13:13:04 [INFO] [WS-2] İlk ham mesaj alındı: {"stream":"aceusdt@kline_5m","data":{"e":"kline","E":1787220783985,"s":"ACEUSDT","k":{"t":1787220600000, "T":1787220899999, "s":"ACEUSDT", "i":"5m", "f":319235615, "L":319254570, "o":"0.205510", "c":"0.205310", "h":"0.208050", "l":"0.203990", "v":"3106126.92", "n":18955, "x":false, "q":"640263.92540
2026-08-20 13:13:04 [INFO] [BİLGİ] DEXEUSDT.P SMA 50'ye (Yukarı) dokundu. Referans: 1.8774, Hedef: 1.9713
2026-08-20 13:13:04 [INFO] [WS-3] İlk ham mesaj alındı: {"stream":"hypeusdt@kline_5m","data":{"e":"kline","E":1787220784006,"s":"HYPEUSDT","k":{"t":1787220600000, "T":1787220899999, "s":"HYPEUSDT", "i":"5m", "f":687914315, "L":687921893, "o":"73.38500", "c":"73.68200", "h":"73.69000", "l":"73.32800", "v":"49745.27", "n":7576, "x":false, "q":"3658468.7790
2026-08-20 13:13:04 [INFO] [BİLGİ] ARBUSDT.P SMA 50'ye (Aşağı) dokundu. Referans: 0.088951, Hedef: 0.084503
2026-08-20 13:13:04 [INFO] [BİLGİ] ASTERUSDT.P SMA 50'ye (Aşağı) dokundu. Referans: 0.662726, Hedef: 0.629590
2026-08-20 13:13:05 [INFO] [İPTAL] DODOXUSDT.P tekrar SMA üstüne çıktı. Takip sıfırlandı.
2026-08-20 13:13:05 [INFO] [İPTAL] ASTERUSDT.P tekrar SMA üstüne çıktı. Takip sıfırlandı.
2026-08-20 13:13:05 [INFO] [İPTAL] BANKUSDT.P tekrar SMA üstüne çıktı. Takip sıfırlandı.
2026-08-20 13:13:05 [INFO] [WS-1] Toplam 100 adet veri paketi başarıyla işlendi.
2026-08-20 13:13:05 [INFO] [WS-3] Toplam 100 adet veri paketi başarıyla işlendi.
2026-08-20 13:13:05 [INFO] [WS-2] Toplam 100 adet veri paketi başarıyla işlendi.
2026-08-20 13:13:06 [INFO] [İPTAL] HANAUSDT.P tekrar SMA altına indi. Takip sıfırlandı.
2026-08-20 13:13:06 [INFO] [İPTAL] OPENUSDT.P tekrar SMA üstüne çıktı. Takip sıfırlandı.
2026-08-20 13:13:06 [INFO] [İPTAL] RIFUSDT.P tekrar SMA altına indi. Takip sıfırlandı.
2026-08-20 13:13:06 [INFO] [WS-4] Toplam 100 adet veri paketi başarıyla işlendi.
2026-08-20 13:13:07 [INFO] [İPTAL] BIRBUSDT.P tekrar SMA üstüne çıktı. Takip sıfırlandı.
2026-08-20 13:13:07 [INFO] [BİLGİ] DODOXUSDT.P SMA 50'ye (Aşağı) dokundu. Referans: 0.020121, Hedef: 0.019115
2026-08-20 13:13:07 [INFO] [WS-1] Toplam 200 adet veri paketi başarıyla işlendi.
2026-08-20 13:13:07 [INFO] [WS-2] Toplam 200 adet veri paketi başarıyla işlendi.
2026-08-20 13:13:07 [INFO] [İPTAL] ZROUSDT.P tekrar SMA üstüne çıktı. Takip sıfırlandı.
2026-08-20 13:13:08 [INFO] [İPTAL] AEVOUSDT.P tekrar SMA üstüne çıktı. Takip sıfırlandı.
2026-08-20 13:13:08 [INFO] [İPTAL] GRIFFAINUSDT.P tekrar SMA altına indi. Takip sıfırlandı.
2026-08-20 13:13:08 [INFO] [WS-3] Toplam 200 adet veri paketi başarıyla işlendi.
2026-08-20 13:13:08 [INFO] [İPTAL] ELSAUSDT.P tekrar SMA üstüne çıktı. Takip sıfırlandı.
2026-08-20 13:13:09 [INFO] [WS-4] Toplam 200 adet veri paketi başarıyla işlendi.
2026-08-20 13:13:09 [INFO] [WS-2] Toplam 300 adet veri paketi başarıyla işlendi.
2026-08-20 13:13:09 [INFO] [WS-1] Toplam 300 adet veri paketi başarıyla işlendi.
2026-08-20 13:13:10 [ERROR] Failed to fetch updates - TelegramConflictError: Telegram server says - Conflict: terminated by other getUpdates request; make sure that only one bot instance is running
2026-08-20 13:13:10 [WARNING] Sleep for 2.800073 seconds and try again... (tryings = 4, bot id = 8154127903)
2026-08-20 13:13:11 [INFO] [BİLGİ] ASTERUSDT.P SMA 50'ye (Aşağı) dokundu. Referans: 0.662726, Hedef: 0.629590
2026-08-20 13:13:11 [INFO] [WS-3] Toplam 300 adet veri paketi başarıyla işlendi.
2026-08-20 13:13:11 [INFO] [İPTAL] NAORISUSDT.P tekrar SMA üstüne çıktı. Takip sıfırlandı.
2026-08-20 13:13:11 [INFO] [BİLGİ] XPLUSDT.P SMA 50'ye (Aşağı) dokundu. Referans: 0.082150, Hedef: 0.078043
2026-08-20 13:13:11 [INFO] [İPTAL] JASMYUSDT.P tekrar SMA üstüne çıktı. Takip sıfırlandı.
2026-08-20 13:13:11 [INFO] [İPTAL] COAIUSDT.P tekrar SMA üstüne çıktı. Takip sıfırlandı.
2026-08-20 13:13:11 [INFO] [İPTAL] DODOXUSDT.P tekrar SMA üstüne çıktı. Takip sıfırlandı.
2026-08-20 13:13:11 [INFO] [WS-2] Toplam 400 adet veri paketi başarıyla işlendi.
2026-08-20 13:13:11 [INFO] [WS-1] Toplam 400 adet veri paketi başarıyla işlendi.
2026-08-20 13:13:12 [INFO] [WS-4] Toplam 300 adet veri paketi başarıyla işlendi.
2026-08-20 13:13:13 [INFO] [BİLGİ] XNYUSDT.P SMA 50'ye (Aşağı) dokundu. Referans: 0.007257, Hedef: 0.006894
2026-08-20 13:13:13 [INFO] [WS-3] Toplam 400 adet veri paketi başarıyla işlendi.
2026-08-20 13:13:13 [INFO] [WS-1] Toplam 500 adet veri paketi başarıyla işlendi.
2026-08-20 13:13:14 [INFO] [WS-2] Toplam 500 adet veri paketi başarıyla işlendi.
2026-08-20 13:13:15 [INFO] [WS-1] Toplam 600 adet veri paketi başarıyla işlendi.
2026-08-20 13:13:15 [INFO] [WS-2] Toplam 600 adet veri paketi başarıyla işlendi.
2026-08-20 13:13:15 [INFO] [WS-4] Toplam 400 adet veri paketi başarıyla işlendi.
2026-08-20 13:13:16 [INFO] [İPTAL] KOMAUSDT.P tekrar SMA üstüne çıktı. Takip sıfırlandı.
2026-08-20 13:13:16 [ERROR] Failed to fetch updates - TelegramConflictError: Telegram server says - Conflict: terminated by other getUpdates request; make sure that only one bot instance is running
2026-08-20 13:13:16 [WARNING] Sleep for 3.743998 seconds and try again... (tryings = 5, bot id = 8154127903)
2026-08-20 13:13:17 [INFO] [WS-3] Toplam 500 adet veri paketi başarıyla işlendi.
2026-08-20 13:13:18 [INFO] [WS-1] Toplam 700 adet veri paketi başarıyla işlendi.
2026-08-20 13:13:18 [INFO] [WS-2] Toplam 700 adet veri paketi başarıyla işlendi.
2026-08-20 13:13:18 [INFO] [BİLGİ] COAIUSDT.P SMA 50'ye (Aşağı) dokundu. Referans: 0.312680, Hedef: 0.297046
2026-08-20 13:13:19 [INFO] [WS-4] Toplam 500 adet veri paketi başarıyla işlendi.
2026-08-20 13:13:20 [INFO] [WS-1] Toplam 800 adet veri paketi başarıyla işlendi.
2026-08-20 13:13:20 [INFO] [WS-3] Toplam 600 adet veri paketi başarıyla işlendi.
2026-08-20 13:13:21 [INFO] [WS-2] Toplam 800 adet veri paketi başarıyla işlendi.
2026-08-20 13:13:22 [INFO] [WS-1] Toplam 900 adet veri paketi başarıyla işlendi.
2026-08-20 13:13:23 [INFO] [İPTAL] BULLAUSDT.P tekrar SMA üstüne çıktı. Takip sıfırlandı.
2026-08-20 13:13:23 [INFO] [WS-4] Toplam 600 adet veri paketi başarıyla işlendi.
2026-08-20 13:13:23 [INFO] [WS-3] Toplam 700 adet veri paketi başarıyla işlendi.
2026-08-20 13:13:24 [INFO] [WS-2] Toplam 900 adet veri paketi başarıyla işlendi.
2026-08-20 13:13:24 [ERROR] Failed to fetch updates - TelegramConflictError: Telegram server says - Conflict: terminated by other getUpdates request; make sure that only one bot instance is running
2026-08-20 13:13:24 [WARNING] Sleep for 4.834867 seconds and try again... (tryings = 6, bot id = 8154127903)
2026-08-20 13:13:24 [INFO] [WS-1] Toplam 1000 adet veri paketi başarıyla işlendi.
2026-08-20 13:13:26 [INFO] [WS-4] Toplam 700 adet veri paketi başarıyla işlendi.
2026-08-20 13:13:26 [INFO] [WS-2] Toplam 1000 adet veri paketi başarıyla işlendi.
2026-08-20 13:13:26 [INFO] [WS-3] Toplam 800 adet veri paketi başarıyla işlendi.
2026-08-20 13:13:26 [INFO] [WS-1] Toplam 1100 adet veri paketi başarıyla işlendi.
2026-08-20 13:13:27 [INFO] [BİLGİ] DODOXUSDT.P SMA 50'ye (Aşağı) dokundu. Referans: 0.020121, Hedef: 0.019115
2026-08-20 13:13:28 [INFO] [WS-1] Toplam 1200 adet veri paketi başarıyla işlendi.
2026-08-20 13:13:28 [INFO] [WS-2] Toplam 1100 adet veri paketi başarıyla işlendi.
2026-08-20 13:13:29 [INFO] [WS-4] Toplam 800 adet veri paketi başarıyla işlendi.
2026-08-20 13:13:29 [INFO] [BİLGİ] BULLAUSDT.P SMA 50'ye (Aşağı) dokundu. Referans: 0.018047, Hedef: 0.017145
2026-08-20 13:13:29 [INFO] [WS-3] Toplam 900 adet veri paketi başarıyla işlendi.
2026-08-20 13:13:30 [INFO] [WS-1] Toplam 1300 adet veri paketi başarıyla işlendi.
2026-08-20 13:13:30 [INFO] [WS-2] Toplam 1200 adet veri paketi başarıyla işlendi.
2026-08-20 13:13:31 [INFO] [WS-1] Toplam 1400 adet veri paketi başarıyla işlendi.
2026-08-20 13:13:32 [INFO] [WS-3] Toplam 1000 adet veri paketi başarıyla işlendi.
2026-08-20 13:13:32 [INFO] [WS-2] Toplam 1300 adet veri paketi başarıyla işlendi.
2026-08-20 13:13:32 [INFO] [WS-4] Toplam 900 adet veri paketi başarıyla işlendi.
2026-08-20 13:13:33 [INFO] [WS-1] Toplam 1500 adet veri paketi başarıyla işlendi.
2026-08-20 13:13:34 [INFO] [WS-2] Toplam 1400 adet veri paketi başarıyla işlendi.
2026-08-20 13:13:34 [INFO] [WS-3] Toplam 1100 adet veri paketi başarıyla işlendi.
2026-08-20 13:13:34 [INFO] [İPTAL] BULLAUSDT.P tekrar SMA üstüne çıktı. Takip sıfırlandı.
2026-08-20 13:13:34 [INFO] [WS-1] Toplam 1600 adet veri paketi başarıyla işlendi.
2026-08-20 13:13:34 [ERROR] Failed to fetch updates - TelegramConflictError: Telegram server says - Conflict: terminated by other getUpdates request; make sure that only one bot instance is running
2026-08-20 13:13:34 [WARNING] Sleep for 4.903943 seconds and try again... (tryings = 7, bot id = 8154127903)
2026-08-20 13:13:35 [INFO] [WS-4] Toplam 1000 adet veri paketi başarıyla işlendi.
2026-08-20 13:13:35 [INFO] [BİLGİ] ESPORTSUSDT.P SMA 50'ye (Aşağı) dokundu. Referans: 0.016245, Hedef: 0.015432
2026-08-20 13:13:35 [INFO] [İPTAL] XPLUSDT.P tekrar SMA üstüne çıktı. Takip sıfırlandı.
2026-08-20 13:13:36 [INFO] [WS-2] Toplam 1500 adet veri paketi başarıyla işlendi.
2026-08-20 13:13:36 [INFO] [WS-1] Toplam 1700 adet veri paketi başarıyla işlendi.
2026-08-20 13:13:37 [INFO] [WS-3] Toplam 1200 adet veri paketi başarıyla işlendi.
2026-08-20 13:13:37 [INFO] [İPTAL] ESPORTSUSDT.P tekrar SMA üstüne çıktı. Takip sıfırlandı.
2026-08-20 13:13:38 [INFO] [WS-2] Toplam 1600 adet veri paketi başarıyla işlendi.
2026-08-20 13:13:38 [INFO] [WS-1] Toplam 1800 adet veri paketi başarıyla işlendi.
2026-08-20 13:13:39 [INFO] [WS-4] Toplam 1100 adet veri paketi başarıyla işlendi.
2026-08-20 13:13:40 [INFO] [WS-1] Toplam 1900 adet veri paketi başarıyla işlendi.
2026-08-20 13:13:40 [INFO] [WS-2] Toplam 1700 adet veri paketi başarıyla işlendi.
2026-08-20 13:13:41 [INFO] [WS-3] Toplam 1300 adet veri paketi başarıyla işlendi.
2026-08-20 13:13:41 [INFO] Connection established (tryings = 8, bot id = 8154127903)
2026-08-20 13:13:42 [INFO] Update id=326264817 is handled. Duration 802 ms by bot id=8154127903
2026-08-20 13:13:42 [INFO] [WS-1] Toplam 2000 adet veri paketi başarıyla işlendi.
2026-08-20 13:13:42 [INFO] [WS-4] Toplam 1200 adet veri paketi başarıyla işlendi.
2026-08-20 13:13:43 [INFO] [WS-2] Toplam 1800 adet veri paketi başarıyla işlendi.
2026-08-20 13:13:44 [INFO] Update id=326264818 is handled. Duration 571 ms by bot id=8154127903
2026-08-20 13:13:44 [INFO] [WS-3] Toplam 1400 adet veri paketi başarıyla işlendi.
2026-08-20 13:13:44 [INFO] [WS-1] Toplam 2100 adet veri paketi başarıyla işlendi.
2026-08-20 13:13:45 [ERROR] Failed to fetch updates - TelegramConflictError: Telegram server says - Conflict: terminated by other getUpdates request; make sure that only one bot instance is running
2026-08-20 13:13:45 [WARNING] Sleep for 1.000000 seconds and try again... (tryings = 0, bot id = 8154127903)
2026-08-20 13:13:45 [INFO] [WS-4] Toplam 1300 adet veri paketi başarıyla işlendi.
2026-08-20 13:13:46 [INFO] [WS-2] Toplam 1900 adet veri paketi başarıyla işlendi.
2026-08-20 13:13:46 [INFO] [WS-1] Toplam 2200 adet veri paketi başarıyla işlendi.
2026-08-20 13:13:47 [INFO] [WS-3] Toplam 1500 adet veri paketi başarıyla işlendi.
2026-08-20 13:13:48 [INFO] [WS-1] Toplam 2300 adet veri paketi başarıyla işlendi.
2026-08-20 13:13:48 [INFO] [WS-2] Toplam 2000 adet veri paketi başarıyla işlendi.
2026-08-20 13:13:49 [INFO] [WS-4] Toplam 1400 adet veri paketi başarıyla işlendi.
2026-08-20 13:13:50 [INFO] [WS-1] Toplam 2400 adet veri paketi başarıyla işlendi.
2026-08-20 13:13:50 [INFO] [WS-3] Toplam 1600 adet veri paketi başarıyla işlendi.
2026-08-20 13:13:50 [INFO] [WS-2] Toplam 2100 adet veri paketi başarıyla işlendi.
2026-08-20 13:13:52 [INFO] [WS-1] Toplam 2500 adet veri paketi başarıyla işlendi.
2026-08-20 13:13:52 [INFO] [WS-4] Toplam 1500 adet veri paketi başarıyla işlendi.
2026-08-20 13:13:53 [INFO] [WS-2] Toplam 2200 adet veri paketi başarıyla işlendi.
2026-08-20 13:13:53 [INFO] [WS-3] Toplam 1700 adet veri paketi başarıyla işlendi.
2026-08-20 13:13:54 [ERROR] Failed to fetch updates - TelegramConflictError: Telegram server says - Conflict: terminated by other getUpdates request; make sure that only one bot instance is running
2026-08-20 13:13:54 [WARNING] Sleep for 1.385408 seconds and try again... (tryings = 1, bot id = 8154127903)
2026-08-20 13:13:55 [INFO] [WS-1] Toplam 2600 adet veri paketi başarıyla işlendi.
2026-08-20 13:13:55 [INFO] [BİLGİ] BULLAUSDT.P SMA 50'ye (Aşağı) dokundu. Referans: 0.018047, Hedef: 0.017145
2026-08-20 13:13:55 [INFO] [WS-2] Toplam 2300 adet veri paketi başarıyla işlendi.
2026-08-20 13:13:56 [INFO] [WS-4] Toplam 1600 adet veri paketi başarıyla işlendi.
2026-08-20 13:13:56 [INFO] [İPTAL] BULLAUSDT.P tekrar SMA üstüne çıktı. Takip sıfırlandı.
2026-08-20 13:13:57 [INFO] [WS-1] Toplam 2700 adet veri paketi başarıyla işlendi.
2026-08-20 13:13:57 [INFO] [WS-3] Toplam 1800 adet veri paketi başarıyla işlendi.
2026-08-20 13:13:58 [INFO] [WS-2] Toplam 2400 adet veri paketi başarıyla işlendi.
2026-08-20 13:13:58 [INFO] [BİLGİ] XAUTUSDT.P SMA 50'ye (Yukarı) dokundu. Referans: 4469.16, Hedef: 4692.62
2026-08-20 13:13:59 [INFO] [WS-4] Toplam 1700 adet veri paketi başarıyla işlendi.
2026-08-20 13:13:59 [INFO] [WS-1] Toplam 2800 adet veri paketi başarıyla işlendi.
2026-08-20 13:14:00 [INFO] [WS-2] Toplam 2500 adet veri paketi başarıyla işlendi.
2026-08-20 13:14:00 [INFO] [WS-3] Toplam 1900 adet veri paketi başarıyla işlendi.
2026-08-20 13:14:00 [INFO] [BİLGİ] BULLAUSDT.P SMA 50'ye (Aşağı) dokundu. Referans: 0.018047, Hedef: 0.017145
2026-08-20 13:14:01 [INFO] [WS-1] Toplam 2900 adet veri paketi başarıyla işlendi.
2026-08-20 13:14:01 [INFO] [WS-2] Toplam 2600 adet veri paketi başarıyla işlendi.
2026-08-20 13:14:02 [INFO] [WS-4] Toplam 1800 adet veri paketi başarıyla işlendi.
2026-08-20 13:14:02 [INFO] [WS-3] Toplam 2000 adet veri paketi başarıyla işlendi.
2026-08-20 13:14:03 [INFO] [WS-1] Toplam 3000 adet veri paketi başarıyla işlendi.
2026-08-20 13:14:03 [INFO] [WS-2] Toplam 2700 adet veri paketi başarıyla işlendi.
2026-08-20 13:14:04 [ERROR] Failed to fetch updates - TelegramConflictError: Telegram server says - Conflict: terminated by other getUpdates request; make sure that only one bot instance is running
2026-08-20 13:14:04 [WARNING] Sleep for 1.699828 seconds and try again... (tryings = 2, bot id = 8154127903)
2026-08-20 13:14:04 [INFO] [WS-4] Toplam 1900 adet veri paketi başarıyla işlendi.
2026-08-20 13:14:05 [INFO] [WS-1] Toplam 3100 adet veri paketi başarıyla işlendi.
2026-08-20 13:14:05 [INFO] [WS-3] Toplam 2100 adet veri paketi başarıyla işlendi.
2026-08-20 13:14:06 [INFO] [WS-2] Toplam 2800 adet veri paketi başarıyla işlendi.
2026-08-20 13:14:06 [INFO] [WS-1] Toplam 3200 adet veri paketi başarıyla işlendi.
2026-08-20 13:14:06 [INFO] [İPTAL] XNYUSDT.P tekrar SMA üstüne çıktı. Takip sıfırlandı.
2026-08-20 13:14:07 [INFO] [İPTAL] DODOXUSDT.P tekrar SMA üstüne çıktı. Takip sıfırlandı.
2026-08-20 13:14:07 [INFO] [WS-2] Toplam 2900 adet veri paketi başarıyla işlendi.
2026-08-20 13:14:07 [INFO] [WS-4] Toplam 2000 adet veri paketi başarıyla işlendi.
2026-08-20 13:14:08 [INFO] [WS-1] Toplam 3300 adet veri paketi başarıyla işlendi.
2026-08-20 13:14:08 [INFO] [WS-3] Toplam 2200 adet veri paketi başarıyla işlendi.
2026-08-20 13:14:09 [INFO] [WS-2] Toplam 3000 adet veri paketi başarıyla işlendi.
2026-08-20 13:14:09 [INFO] [WS-1] Toplam 3400 adet veri paketi başarıyla işlendi.
2026-08-20 13:14:10 [INFO] [BİLGİ] AGLDUSDT.P SMA 50'ye (Aşağı) dokundu. Referans: 0.161146, Hedef: 0.153089
2026-08-20 13:14:10 [INFO] [WS-2] Toplam 3100 adet veri paketi başarıyla işlendi.
2026-08-20 13:14:10 [INFO] [WS-3] Toplam 2300 adet veri paketi başarıyla işlendi.
2026-08-20 13:14:10 [INFO] [İPTAL] ASTERUSDT.P tekrar SMA üstüne çıktı. Takip sıfırlandı.
2026-08-20 13:14:10 [INFO] [WS-4] Toplam 2100 adet veri paketi başarıyla işlendi.
2026-08-20 13:14:11 [INFO] [WS-1] Toplam 3500 adet veri paketi başarıyla işlendi.
2026-08-20 13:14:12 [INFO] [WS-2] Toplam 3200 adet veri paketi başarıyla işlendi.
2026-08-20 13:14:13 [INFO] [BİLGİ] RIFUSDT.P SMA 50'ye (Yukarı) dokundu. Referans: 0.077143, Hedef: 0.081000
2026-08-20 13:14:13 [INFO] [WS-3] Toplam 2400 adet veri paketi başarıyla işlendi.
2026-08-20 13:14:13 [INFO] [WS-1] Toplam 3600 adet veri paketi başarıyla işlendi.
2026-08-20 13:14:14 [INFO] [WS-4] Toplam 2200 adet veri paketi başarıyla işlendi.
2026-08-20 13:14:14 [ERROR] Failed to fetch updates - TelegramConflictError: Telegram server says - Conflict: terminated by other getUpdates request; make sure that only one bot instance is running
2026-08-20 13:14:14 [WARNING] Sleep for 2.315889 seconds and try again... (tryings = 3, bot id = 8154127903)
2026-08-20 13:14:14 [INFO] [WS-2] Toplam 3300 adet veri paketi başarıyla işlendi.
2026-08-20 13:14:14 [INFO] [İPTAL] BULLAUSDT.P tekrar SMA üstüne çıktı. Takip sıfırlandı.
2026-08-20 13:14:15 [INFO] [BİLGİ] BULLAUSDT.P SMA 50'ye (Aşağı) dokundu. Referans: 0.018047, Hedef: 0.017145
2026-08-20 13:14:15 [INFO] [WS-1] Toplam 3700 adet veri paketi başarıyla işlendi.
2026-08-20 13:14:15 [INFO] [BİLGİ] TLMUSDT.P SMA 50'ye (Yukarı) dokundu. Referans: 0.001387, Hedef: 0.001456
2026-08-20 13:14:15 [INFO] [WS-3] Toplam 2500 adet veri paketi başarıyla işlendi.
2026-08-20 13:14:16 [INFO] [BİLGİ] NMRUSDT.P SMA 50'ye (Aşağı) dokundu. Referans: 8.3976, Hedef: 7.9777
2026-08-20 13:14:16 [INFO] [WS-2] Toplam 3400 adet veri paketi başarıyla işlendi.
2026-08-20 13:14:17 [INFO] [WS-1] Toplam 3800 adet veri paketi başarıyla işlendi.
2026-08-20 13:14:17 [INFO] [WS-4] Toplam 2300 adet veri paketi başarıyla işlendi.
2026-08-20 13:14:18 [INFO] [WS-3] Toplam 2600 adet veri paketi başarıyla işlendi.
2026-08-20 13:14:18 [INFO] [İPTAL] NMRUSDT.P tekrar SMA üstüne çıktı. Takip sıfırlandı.
2026-08-20 13:14:18 [INFO] [WS-2] Toplam 3500 adet veri paketi başarıyla işlendi.
2026-08-20 13:14:19 [INFO] [WS-1] Toplam 3900 adet veri paketi başarıyla işlendi.
2026-08-20 13:14:21 [INFO] [WS-4] Toplam 2400 adet veri paketi başarıyla işlendi.
2026-08-20 13:14:21 [INFO] [WS-2] Toplam 3600 adet veri paketi başarıyla işlendi.
2026-08-20 13:14:21 [INFO] [WS-3] Toplam 2700 adet veri paketi başarıyla işlendi.
2026-08-20 13:14:21 [INFO] [WS-1] Toplam 4000 adet veri paketi başarıyla işlendi.
2026-08-20 13:14:22 [INFO] [İPTAL] BULLAUSDT.P tekrar SMA üstüne çıktı. Takip sıfırlandı.
2026-08-20 13:14:22 [INFO] [WS-2] Toplam 3700 adet veri paketi başarıyla işlendi.
2026-08-20 13:14:22 [INFO] [WS-1] Toplam 4100 adet veri paketi başarıyla işlendi.
2026-08-20 13:14:23 [INFO] [İPTAL] AGLDUSDT.P tekrar SMA üstüne çıktı. Takip sıfırlandı.
2026-08-20 13:14:23 [INFO] [WS-3] Toplam 2800 adet veri paketi başarıyla işlendi.
2026-08-20 13:14:24 [INFO] [WS-4] Toplam 2500 adet veri paketi başarıyla işlendi.
2026-08-20 13:14:24 [ERROR] Failed to fetch updates - TelegramConflictError: Telegram server says - Conflict: terminated by other getUpdates request; make sure that only one bot instance is running
2026-08-20 13:14:24 [WARNING] Sleep for 3.070893 seconds and try again... (tryings = 4, bot id = 8154127903)
2026-08-20 13:14:25 [INFO] [WS-1] Toplam 4200 adet veri paketi başarıyla işlendi.
2026-08-20 13:14:25 [INFO] [WS-2] Toplam 3800 adet veri paketi başarıyla işlendi.
2026-08-20 13:14:26 [INFO] [WS-3] Toplam 2900 adet veri paketi başarıyla işlendi.
2026-08-20 13:14:26 [INFO] [BİLGİ] ENSOUSDT.P SMA 50'ye (Yukarı) dokundu. Referans: 0.833100, Hedef: 0.874755
2026-08-20 13:14:27 [INFO] [WS-1] Toplam 4300 adet veri paketi başarıyla işlendi.
2026-08-20 13:14:27 [INFO] [WS-4] Toplam 2600 adet veri paketi başarıyla işlendi.
2026-08-20 13:14:27 [INFO] [WS-2] Toplam 3900 adet veri paketi başarıyla işlendi.
2026-08-20 13:14:29 [INFO] [WS-3] Toplam 3000 adet veri paketi başarıyla işlendi.
2026-08-20 13:14:29 [INFO] [WS-1] Toplam 4400 adet veri paketi başarıyla işlendi.
2026-08-20 13:14:30 [INFO] [WS-2] Toplam 4000 adet veri paketi başarıyla işlendi.
2026-08-20 13:14:31 [INFO] [WS-4] Toplam 2700 adet veri paketi başarıyla işlendi.
2026-08-20 13:14:31 [INFO] [WS-1] Toplam 4500 adet veri paketi başarıyla işlendi.
2026-08-20 13:14:32 [INFO] [WS-3] Toplam 3100 adet veri paketi başarıyla işlendi.
2026-08-20 13:14:32 [INFO] [WS-2] Toplam 4100 adet veri paketi başarıyla işlendi.
2026-08-20 13:14:33 [INFO] [WS-1] Toplam 4600 adet veri paketi başarıyla işlendi.
2026-08-20 13:14:33 [ERROR] Failed to fetch updates - TelegramConflictError: Telegram server says - Conflict: terminated by other getUpdates request; make sure that only one bot instance is running
2026-08-20 13:14:33 [WARNING] Sleep for 4.048082 seconds and try again... (tryings = 5, bot id = 8154127903)
2026-08-20 13:14:34 [INFO] [WS-4] Toplam 2800 adet veri paketi başarıyla işlendi.
2026-08-20 13:14:35 [INFO] [BİLGİ] PAXGUSDT.P SMA 50'ye (Yukarı) dokundu. Referans: 4475.92, Hedef: 4699.71
2026-08-20 13:14:35 [INFO] [WS-3] Toplam 3200 adet veri paketi başarıyla işlendi.
2026-08-20 13:14:35 [INFO] [WS-2] Toplam 4200 adet veri paketi başarıyla işlendi.
2026-08-20 13:14:35 [INFO] [WS-1] Toplam 4700 adet veri paketi başarıyla işlendi.
2026-08-20 13:14:37 [INFO] [WS-1] Toplam 4800 adet veri paketi başarıyla işlendi.
2026-08-20 13:14:38 [INFO] [WS-2] Toplam 4300 adet veri paketi başarıyla işlendi.
2026-08-20 13:14:38 [INFO] [WS-4] Toplam 2900 adet veri paketi başarıyla işlendi.
2026-08-20 13:14:39 [INFO] [WS-3] Toplam 3300 adet veri paketi başarıyla işlendi.
2026-08-20 13:14:39 [INFO] [WS-1] Toplam 4900 adet veri paketi başarıyla işlendi.
2026-08-20 13:14:40 [INFO] [WS-2] Toplam 4400 adet veri paketi başarıyla işlendi.
2026-08-20 13:14:41 [INFO] [BİLGİ] HANAUSDT.P SMA 50'ye (Yukarı) dokundu. Referans: 0.019339, Hedef: 0.020306
2026-08-20 13:14:41 [INFO] [WS-1] Toplam 5000 adet veri paketi başarıyla işlendi.
2026-08-20 13:14:41 [INFO] [WS-4] Toplam 3000 adet veri paketi başarıyla işlendi.
2026-08-20 13:14:41 [INFO] [WS-3] Toplam 3400 adet veri paketi başarıyla işlendi.
2026-08-20 13:14:42 [INFO] [WS-2] Toplam 4500 adet veri paketi başarıyla işlendi.
2026-08-20 13:14:42 [ERROR] Failed to fetch updates - TelegramConflictError: Telegram server says - Conflict: terminated by other getUpdates request; make sure that only one bot instance is running
2026-08-20 13:14:42 [WARNING] Sleep for 5.055258 seconds and try again... (tryings = 6, bot id = 8154127903)
2026-08-20 13:14:43 [INFO] [WS-1] Toplam 5100 adet veri paketi başarıyla işlendi.
2026-08-20 13:14:43 [INFO] [İPTAL] HANAUSDT.P tekrar SMA altına indi. Takip sıfırlandı.
2026-08-20 13:14:44 [INFO] [WS-2] Toplam 4600 adet veri paketi başarıyla işlendi.
2026-08-20 13:14:44 [INFO] [WS-3] Toplam 3500 adet veri paketi başarıyla işlendi.
2026-08-20 13:14:45 [INFO] [WS-4] Toplam 3100 adet veri paketi başarıyla işlendi.
2026-08-20 13:14:46 [INFO] [WS-1] Toplam 5200 adet veri paketi başarıyla işlendi.
2026-08-20 13:14:46 [INFO] [BİLGİ] NMRUSDT.P SMA 50'ye (Aşağı) dokundu. Referans: 8.3976, Hedef: 7.9777
2026-08-20 13:14:46 [INFO] [BİLGİ] HANAUSDT.P SMA 50'ye (Yukarı) dokundu. Referans: 0.019339, Hedef: 0.020306
2026-08-20 13:14:47 [INFO] [WS-2] Toplam 4700 adet veri paketi başarıyla işlendi.
2026-08-20 13:14:47 [INFO] [WS-1] Toplam 5300 adet veri paketi başarıyla işlendi.
2026-08-20 13:14:47 [INFO] [WS-3] Toplam 3600 adet veri paketi başarıyla işlendi.
2026-08-20 13:14:47 [INFO] [İPTAL] ENSOUSDT.P tekrar SMA altına indi. Takip sıfırlandı.
2026-08-20 13:14:48 [INFO] [WS-4] Toplam 3200 adet veri paketi başarıyla işlendi.
2026-08-20 13:14:49 [INFO] [WS-1] Toplam 5400 adet veri paketi başarıyla işlendi.
2026-08-20 13:14:49 [INFO] [WS-2] Toplam 4800 adet veri paketi başarıyla işlendi.
2026-08-20 13:14:50 [INFO] [WS-3] Toplam 3700 adet veri paketi başarıyla işlendi.
2026-08-20 13:14:51 [INFO] [WS-1] Toplam 5500 adet veri paketi başarıyla işlendi.
2026-08-20 13:14:51 [INFO] [WS-2] Toplam 4900 adet veri paketi başarıyla işlendi.
2026-08-20 13:14:52 [INFO] [WS-4] Toplam 3300 adet veri paketi başarıyla işlendi.
2026-08-20 13:14:52 [INFO] [WS-3] Toplam 3800 adet veri paketi başarıyla işlendi.
2026-08-20 13:14:52 [ERROR] Failed to fetch updates - TelegramConflictError: Telegram server says - Conflict: terminated by other getUpdates request; make sure that only one bot instance is running
2026-08-20 13:14:52 [WARNING] Sleep for 5.003396 seconds and try again... (tryings = 7, bot id = 8154127903)
2026-08-20 13:14:53 [INFO] [WS-1] Toplam 5600 adet veri paketi başarıyla işlendi.
2026-08-20 13:14:53 [INFO] [İPTAL] PAXGUSDT.P tekrar SMA altına indi. Takip sıfırlandı.
2026-08-20 13:14:54 [INFO] [WS-2] Toplam 5000 adet veri paketi başarıyla işlendi.
2026-08-20 13:14:56 [INFO] [WS-1] Toplam 5700 adet veri paketi başarıyla işlendi.
2026-08-20 13:14:56 [INFO] [WS-4] Toplam 3400 adet veri paketi başarıyla işlendi.
2026-08-20 13:14:56 [INFO] [WS-3] Toplam 3900 adet veri paketi başarıyla işlendi.
2026-08-20 13:14:56 [INFO] [WS-2] Toplam 5100 adet veri paketi başarıyla işlendi.
2026-08-20 13:14:57 [INFO] [BİLGİ] DODOXUSDT.P SMA 50'ye (Aşağı) dokundu. Referans: 0.020122, Hedef: 0.019115
2026-08-20 13:14:58 [INFO] [WS-1] Toplam 5800 adet veri paketi başarıyla işlendi.
2026-08-20 13:14:59 [INFO] [WS-1] Toplam 5900 adet veri paketi başarıyla işlendi.
2026-08-20 13:14:59 [INFO] [WS-3] Toplam 4000 adet veri paketi başarıyla işlendi.
2026-08-20 13:14:59 [INFO] [WS-2] Toplam 5200 adet veri paketi başarıyla işlendi.
2026-08-20 13:14:59 [INFO] [WS-4] Toplam 3500 adet veri paketi başarıyla işlendi.
2026-08-20 13:14:59 [INFO] [WS-2] Toplam 5300 adet veri paketi başarıyla işlendi.
2026-08-20 13:14:59 [INFO] [WS-1] Toplam 6000 adet veri paketi başarıyla işlendi.
2026-08-20 13:14:59 [INFO] [İPTAL] NMRUSDT.P tekrar SMA üstüne çıktı. Takip sıfırlandı.
2026-08-20 13:14:59 [INFO] [WS-3] Toplam 4100 adet veri paketi başarıyla işlendi.
2026-08-20 13:14:59 [INFO] [BİLGİ] INUSDT.P SMA 50'ye (Yukarı) dokundu. Referans: 0.032044, Hedef: 0.033646
2026-08-20 13:14:59 [INFO] [WS-1] Toplam 6100 adet veri paketi başarıyla işlendi.
2026-08-20 13:14:59 [INFO] [WS-2] Toplam 5400 adet veri paketi başarıyla işlendi.
2026-08-20 13:15:00 [INFO] [ZAMAN AŞIMI] ESPUSDT.P 15 dk içinde hedefe ulaşamadı. İptal edildi.
2026-08-20 13:15:00 [INFO] [ZAMAN AŞIMI] WLDUSDT.P 15 dk içinde hedefe ulaşamadı. İptal edildi.
2026-08-20 13:15:00 [INFO] [WS-4] Toplam 3600 adet veri paketi başarıyla işlendi.
2026-08-20 13:15:00 [INFO] [ZAMAN AŞIMI] LYNUSDT.P 15 dk içinde hedefe ulaşamadı. İptal edildi.
2026-08-20 13:15:00 [INFO] [WS-1] Toplam 6200 adet veri paketi başarıyla işlendi.
2026-08-20 13:15:00 [INFO] [WS-2] Toplam 5500 adet veri paketi başarıyla işlendi.
2026-08-20 13:15:01 [INFO] [WS-3] Toplam 4200 adet veri paketi başarıyla işlendi.
2026-08-20 13:15:01 [INFO] [İPTAL] HANAUSDT.P tekrar SMA altına indi. Takip sıfırlandı.
2026-08-20 13:15:01 [INFO] [ZAMAN AŞIMI] B2USDT.P 15 dk içinde hedefe ulaşamadı. İptal edildi.
2026-08-20 13:15:01 [INFO] [ZAMAN AŞIMI] BEAMXUSDT.P 15 dk içinde hedefe ulaşamadı. İptal edildi.
2026-08-20 13:15:01 [INFO] [WS-1] Toplam 6300 adet veri paketi başarıyla işlendi.
2026-08-20 13:15:02 [INFO] [ZAMAN AŞIMI] OPNUSDT.P 15 dk içinde hedefe ulaşamadı. İptal edildi.
2026-08-20 13:15:02 [INFO] [WS-2] Toplam 5600 adet veri paketi başarıyla işlendi.
2026-08-20 13:15:02 [INFO] [WS-1] Toplam 6400 adet veri paketi başarıyla işlendi.
2026-08-20 13:15:02 [INFO] [WS-4] Toplam 3700 adet veri paketi başarıyla işlendi.
2026-08-20 13:15:02 [INFO] [ZAMAN AŞIMI] SAHARAUSDT.P 15 dk içinde hedefe ulaşamadı. İptal edildi.
2026-08-20 13:15:02 [INFO] [WS-3] Toplam 4300 adet veri paketi başarıyla işlendi.
2026-08-20 13:15:03 [INFO] [ZAMAN AŞIMI] OUSDT.P 15 dk içinde hedefe ulaşamadı. İptal edildi.
2026-08-20 13:15:03 [INFO] [ZAMAN AŞIMI] MELANIAUSDT.P 15 dk içinde hedefe ulaşamadı. İptal edildi.
2026-08-20 13:15:03 [INFO] [ZAMAN AŞIMI] SPKUSDT.P 15 dk içinde hedefe ulaşamadı. İptal edildi.
2026-08-20 13:15:03 [INFO] [BİLGİ] ENSOUSDT.P SMA 50'ye (Yukarı) dokundu. Referans: 0.833100, Hedef: 0.874755
2026-08-20 13:15:03 [ERROR] Failed to fetch updates - TelegramConflictError: Telegram server says - Conflict: terminated by other getUpdates request; make sure that only one bot instance is running
2026-08-20 13:15:03 [WARNING] Sleep for 5.057535 seconds and try again... (tryings = 8, bot id = 8154127903)
2026-08-20 13:15:03 [INFO] [WS-2] Toplam 5700 adet veri paketi başarıyla işlendi.
2026-08-20 13:15:03 [INFO] [WS-1] Toplam 6500 adet veri paketi başarıyla işlendi.
2026-08-20 13:15:03 [INFO] [BİLGİ] HANAUSDT.P SMA 50'ye (Yukarı) dokundu. Referans: 0.019336, Hedef: 0.020302
2026-08-20 13:15:03 [INFO] [WS-3] Toplam 4400 adet veri paketi başarıyla işlendi.
2026-08-20 13:15:04 [INFO] [WS-1] Toplam 6600 adet veri paketi başarıyla işlendi.
2026-08-20 13:15:04 [INFO] [WS-2] Toplam 5800 adet veri paketi başarıyla işlendi.
2026-08-20 13:15:04 [INFO] [WS-4] Toplam 3800 adet veri paketi başarıyla işlendi.
2026-08-20 13:15:05 [INFO] [BİLGİ] BULLAUSDT.P SMA 50'ye (Aşağı) dokundu. Referans: 0.018049, Hedef: 0.017147
2026-08-20 13:15:05 [INFO] [WS-1] Toplam 6700 adet veri paketi başarıyla işlendi.
2026-08-20 13:15:05 [INFO] [WS-3] Toplam 4500 adet veri paketi başarıyla işlendi.
2026-08-20 13:15:05 [INFO] [WS-2] Toplam 5900 adet veri paketi başarıyla işlendi.
2026-08-20 13:15:06 [INFO] [WS-1] Toplam 6800 adet veri paketi başarıyla işlendi.
2026-08-20 13:15:07 [INFO] [WS-2] Toplam 6000 adet veri paketi başarıyla işlendi.
2026-08-20 13:15:07 [INFO] [WS-4] Toplam 3900 adet veri paketi başarıyla işlendi.
2026-08-20 13:15:07 [INFO] [WS-3] Toplam 4600 adet veri paketi başarıyla işlendi.
2026-08-20 13:15:07 [INFO] [WS-1] Toplam 6900 adet veri paketi başarıyla işlendi.
2026-08-20 13:15:08 [INFO] [WS-2] Toplam 6100 adet veri paketi başarıyla işlendi.
2026-08-20 13:15:08 [INFO] [WS-1] Toplam 7000 adet veri paketi başarıyla işlendi.
2026-08-20 13:15:08 [INFO] [WS-3] Toplam 4700 adet veri paketi başarıyla işlendi.
2026-08-20 13:15:08 [INFO] [WS-2] Toplam 6200 adet veri paketi başarıyla işlendi.
2026-08-20 13:15:08 [INFO] [WS-1] Toplam 7100 adet veri paketi başarıyla işlendi.
2026-08-20 13:15:08 [INFO] [WS-4] Toplam 4000 adet veri paketi başarıyla işlendi.
2026-08-20 13:15:08 [INFO] [BİLGİ] ATHUSDT.P SMA 50'ye (Yukarı) dokundu. Referans: 0.004051, Hedef: 0.004253
2026-08-20 13:15:09 [INFO] [İPTAL] ATHUSDT.P tekrar SMA altına indi. Takip sıfırlandı.
2026-08-20 13:15:09 [INFO] [WS-1] Toplam 7200 adet veri paketi başarıyla işlendi.
2026-08-20 13:15:09 [INFO] [WS-2] Toplam 6300 adet veri paketi başarıyla işlendi.
2026-08-20 13:15:10 [INFO] [WS-3] Toplam 4800 adet veri paketi başarıyla işlendi.
2026-08-20 13:15:10 [INFO] [WS-1] Toplam 7300 adet veri paketi başarıyla işlendi.
2026-08-20 13:15:11 [INFO] [WS-2] Toplam 6400 adet veri paketi başarıyla işlendi.
2026-08-20 13:15:11 [INFO] [WS-4] Toplam 4100 adet veri paketi başarıyla işlendi.
2026-08-20 13:15:11 [INFO] [WS-1] Toplam 7400 adet veri paketi başarıyla işlendi.
2026-08-20 13:15:12 [INFO] [WS-3] Toplam 4900 adet veri paketi başarıyla işlendi.
2026-08-20 13:15:13 [INFO] [WS-2] Toplam 6500 adet veri paketi başarıyla işlendi.
2026-08-20 13:15:13 [ERROR] Failed to fetch updates - TelegramConflictError: Telegram server says - Conflict: terminated by other getUpdates request; make sure that only one bot instance is running
2026-08-20 13:15:13 [WARNING] Sleep for 5.007175 seconds and try again... (tryings = 9, bot id = 8154127903)
2026-08-20 13:15:13 [INFO] [WS-1] Toplam 7500 adet veri paketi başarıyla işlendi.
2026-08-20 13:15:14 [INFO] [WS-4] Toplam 4200 adet veri paketi başarıyla işlendi.
2026-08-20 13:15:14 [INFO] [WS-3] Toplam 5000 adet veri paketi başarıyla işlendi.
2026-08-20 13:15:14 [INFO] [WS-2] Toplam 6600 adet veri paketi başarıyla işlendi.
2026-08-20 13:15:14 [INFO] [WS-1] Toplam 7600 adet veri paketi başarıyla işlendi.
2026-08-20 13:15:16 [INFO] [WS-1] Toplam 7700 adet veri paketi başarıyla işlendi.
2026-08-20 13:15:16 [INFO] [WS-3] Toplam 5100 adet veri paketi başarıyla işlendi.
2026-08-20 13:15:16 [INFO] [WS-2] Toplam 6700 adet veri paketi başarıyla işlendi.
2026-08-20 13:15:16 [INFO] [İPTAL] ENSOUSDT.P tekrar SMA altına indi. Takip sıfırlandı.
2026-08-20 13:15:16 [INFO] [WS-4] Toplam 4300 adet veri paketi başarıyla işlendi.
2026-08-20 13:15:17 [INFO] [WS-1] Toplam 7800 adet veri paketi başarıyla işlendi.
2026-08-20 13:15:17 [INFO] [WS-2] Toplam 6800 adet veri paketi başarıyla işlendi.
2026-08-20 13:15:17 [INFO] [WS-3] Toplam 5200 adet veri paketi başarıyla işlendi.
2026-08-20 13:15:18 [INFO] [WS-1] Toplam 7900 adet veri paketi başarıyla işlendi.
2026-08-20 13:15:18 [INFO] [WS-2] Toplam 6900 adet veri paketi başarıyla işlendi.
2026-08-20 13:15:19 [INFO] [WS-1] Toplam 8000 adet veri paketi başarıyla işlendi.
2026-08-20 13:15:19 [INFO] [WS-4] Toplam 4400 adet veri paketi başarıyla işlendi.
2026-08-20 13:15:19 [INFO] [WS-3] Toplam 5300 adet veri paketi başarıyla işlendi.
2026-08-20 13:15:20 [INFO] [WS-1] Toplam 8100 adet veri paketi başarıyla işlendi.
2026-08-20 13:15:20 [INFO] [WS-2] Toplam 7000 adet veri paketi başarıyla işlendi.
2026-08-20 13:15:20 [INFO] [WS-1] Toplam 8200 adet veri paketi başarıyla işlendi.
2026-08-20 13:15:21 [INFO] [WS-2] Toplam 7100 adet veri paketi başarıyla işlendi.
2026-08-20 13:15:21 [INFO] [WS-4] Toplam 4500 adet veri paketi başarıyla işlendi.
2026-08-20 13:15:21 [INFO] [WS-3] Toplam 5400 adet veri paketi başarıyla işlendi.
2026-08-20 13:15:21 [INFO] [WS-1] Toplam 8300 adet veri paketi başarıyla işlendi.
2026-08-20 13:15:21 [INFO] [BİLGİ] ATHUSDT.P SMA 50'ye (Yukarı) dokundu. Referans: 0.004051, Hedef: 0.004253
2026-08-20 13:15:21 [INFO] [WS-2] Toplam 7200 adet veri paketi başarıyla işlendi.
2026-08-20 13:15:21 [INFO] [WS-1] Toplam 8400 adet veri paketi başarıyla işlendi.
2026-08-20 13:15:22 [INFO] [WS-3] Toplam 5500 adet veri paketi başarıyla işlendi.
2026-08-20 13:15:23 [INFO] [WS-1] Toplam 8500 adet veri paketi başarıyla işlendi.
2026-08-20 13:15:23 [INFO] [WS-2] Toplam 7300 adet veri paketi başarıyla işlendi.
2026-08-20 13:15:23 [INFO] [WS-4] Toplam 4600 adet veri paketi başarıyla işlendi.
2026-08-20 13:15:23 [ERROR] Failed to fetch updates - TelegramConflictError: Telegram server says - Conflict: terminated by other getUpdates request; make sure that only one bot instance is running
2026-08-20 13:15:23 [WARNING] Sleep for 4.845739 seconds and try again... (tryings = 10, bot id = 8154127903)
2026-08-20 13:15:23 [INFO] [WS-3] Toplam 5600 adet veri paketi başarıyla işlendi.
2026-08-20 13:15:24 [INFO] [WS-1] Toplam 8600 adet veri paketi başarıyla işlendi.
2026-08-20 13:15:24 [INFO] [WS-2] Toplam 7400 adet veri paketi başarıyla işlendi.
2026-08-20 13:15:24 [INFO] [WS-1] Toplam 8700 adet veri paketi başarıyla işlendi.
2026-08-20 13:15:25 [INFO] [İPTAL] BULLAUSDT.P tekrar SMA üstüne çıktı. Takip sıfırlandı.
2026-08-20 13:15:25 [INFO] [WS-2] Toplam 7500 adet veri paketi başarıyla işlendi.
2026-08-20 13:15:25 [INFO] [WS-3] Toplam 5700 adet veri paketi başarıyla işlendi.
2026-08-20 13:15:25 [INFO] [WS-4] Toplam 4700 adet veri paketi başarıyla işlendi.
2026-08-20 13:15:25 [INFO] [BİLGİ] IRYSUSDT.P SMA 50'ye (Yukarı) dokundu. Referans: 0.013820, Hedef: 0.014511
2026-08-20 13:15:26 [INFO] [WS-1] Toplam 8800 adet veri paketi başarıyla işlendi.
2026-08-20 13:15:27 [INFO] [WS-2] Toplam 7600 adet veri paketi başarıyla işlendi.
2026-08-20 13:15:27 [INFO] [İPTAL] COAIUSDT.P tekrar SMA üstüne çıktı. Takip sıfırlandı.
2026-08-20 13:15:27 [INFO] [WS-1] Toplam 8900 adet veri paketi başarıyla işlendi.
2026-08-20 13:15:28 [INFO] [WS-3] Toplam 5800 adet veri paketi başarıyla işlendi.
2026-08-20 13:15:28 [INFO] [WS-1] Toplam 9000 adet veri paketi başarıyla işlendi.
2026-08-20 13:15:28 [INFO] [WS-2] Toplam 7700 adet veri paketi başarıyla işlendi.
2026-08-20 13:15:28 [INFO] [WS-4] Toplam 4800 adet veri paketi başarıyla işlendi.
2026-08-20 13:15:29 [INFO] [WS-1] Toplam 9100 adet veri paketi başarıyla işlendi.
2026-08-20 13:15:29 [INFO] [BİLGİ] PAXGUSDT.P SMA 50'ye (Yukarı) dokundu. Referans: 4475.93, Hedef: 4699.73
2026-08-20 13:15:30 [INFO] [WS-2] Toplam 7800 adet veri paketi başarıyla işlendi.
2026-08-20 13:15:30 [INFO] [WS-3] Toplam 5900 adet veri paketi başarıyla işlendi.
2026-08-20 13:15:31 [INFO] [WS-4] Toplam 4900 adet veri paketi başarıyla işlendi.
2026-08-20 13:15:31 [INFO] [WS-1] Toplam 9200 adet veri paketi başarıyla işlendi.
2026-08-20 13:15:31 [INFO] [WS-2] Toplam 7900 adet veri paketi başarıyla işlendi.
2026-08-20 13:15:32 [INFO] [WS-1] Toplam 9300 adet veri paketi başarıyla işlendi.
2026-08-20 13:15:32 [INFO] [WS-3] Toplam 6000 adet veri paketi başarıyla işlendi.
2026-08-20 13:15:32 [INFO] [BİLGİ] LYNUSDT.P SMA 50'ye (Aşağı) dokundu. Referans: 0.034901, Hedef: 0.033156
2026-08-20 13:15:33 [INFO] [BİLGİ] GRIFFAINUSDT.P SMA 50'ye (Yukarı) dokundu. Referans: 0.012873, Hedef: 0.013517
2026-08-20 13:15:33 [INFO] [WS-2] Toplam 8000 adet veri paketi başarıyla işlendi.
2026-08-20 13:15:33 [INFO] [WS-4] Toplam 5000 adet veri paketi başarıyla işlendi.
2026-08-20 13:15:33 [ERROR] Failed to fetch updates - TelegramConflictError: Telegram server says - Conflict: terminated by other getUpdates request; make sure that only one bot instance is running
2026-08-20 13:15:33 [WARNING] Sleep for 4.920867 seconds and try again... (tryings = 11, bot id = 8154127903)
2026-08-20 13:15:34 [INFO] [WS-1] Toplam 9400 adet veri paketi başarıyla işlendi.
2026-08-20 13:15:35 [INFO] [WS-3] Toplam 6100 adet veri paketi başarıyla işlendi.
2026-08-20 13:15:35 [INFO] [WS-2] Toplam 8100 adet veri paketi başarıyla işlendi.
2026-08-20 13:15:35 [INFO] [BİLGİ] BULLAUSDT.P SMA 50'ye (Aşağı) dokundu. Referans: 0.018049, Hedef: 0.017147
2026-08-20 13:15:35 [INFO] [WS-1] Toplam 9500 adet veri paketi başarıyla işlendi.
2026-08-20 13:15:35 [INFO] [WS-4] Toplam 5100 adet veri paketi başarıyla işlendi.
2026-08-20 13:15:35 [INFO] [İPTAL] DODOXUSDT.P tekrar SMA üstüne çıktı. Takip sıfırlandı.
2026-08-20 13:15:36 [INFO] [BİLGİ] FHEUSDT.P SMA 50'ye (Yukarı) dokundu. Referans: 0.025409, Hedef: 0.026680
2026-08-20 13:15:36 [INFO] [BİLGİ] ENSOUSDT.P SMA 50'ye (Yukarı) dokundu. Referans: 0.833136, Hedef: 0.874793
2026-08-20 13:15:36 [INFO] [WS-2] Toplam 8200 adet veri paketi başarıyla işlendi.
2026-08-20 13:15:36 [INFO] [WS-1] Toplam 9600 adet veri paketi başarıyla işlendi.
2026-08-20 13:15:36 [INFO] [WS-3] Toplam 6200 adet veri paketi başarıyla işlendi.
2026-08-20 13:15:36 [INFO] [BİLGİ] RIVERUSDT.P SMA 50'ye (Yukarı) dokundu. Referans: 2.6848, Hedef: 2.8191
2026-08-20 13:15:36 [INFO] [WS-1] Toplam 9700 adet veri paketi başarıyla işlendi.
2026-08-20 13:15:36 [INFO] [WS-2] Toplam 8300 adet veri paketi başarıyla işlendi.
2026-08-20 13:15:36 [INFO] [WS-3] Toplam 6300 adet veri paketi başarıyla işlendi.
2026-08-20 13:15:37 [INFO] [WS-1] Toplam 9800 adet veri paketi başarıyla işlendi.
2026-08-20 13:15:37 [INFO] [WS-2] Toplam 8400 adet veri paketi başarıyla işlendi.
2026-08-20 13:15:37 [INFO] [WS-4] Toplam 5200 adet veri paketi başarıyla işlendi.
2026-08-20 13:15:37 [INFO] [WS-1] Toplam 9900 adet veri paketi başarıyla işlendi.
2026-08-20 13:15:38 [INFO] [WS-2] Toplam 8500 adet veri paketi başarıyla işlendi.
2026-08-20 13:15:38 [INFO] [WS-3] Toplam 6400 adet veri paketi başarıyla işlendi.
2026-08-20 13:15:38 [INFO] [BİLGİ] EDENUSDT.P SMA 50'ye (Yukarı) dokundu. Referans: 0.054405, Hedef: 0.057125
2026-08-20 13:15:38 [INFO] [WS-1] Toplam 10000 adet veri paketi başarıyla işlendi.
2026-08-20 13:15:39 [INFO] [WS-1] Toplam 10100 adet veri paketi başarıyla işlendi.
2026-08-20 13:15:39 [INFO] [WS-4] Toplam 5300 adet veri paketi başarıyla işlendi.
2026-08-20 13:15:39 [INFO] [WS-2] Toplam 8600 adet veri paketi başarıyla işlendi.
2026-08-20 13:15:40 [INFO] [WS-3] Toplam 6500 adet veri paketi başarıyla işlendi.
2026-08-20 13:15:41 [INFO] [WS-1] Toplam 10200 adet veri paketi başarıyla işlendi.
2026-08-20 13:15:42 [INFO] [WS-2] Toplam 8700 adet veri paketi başarıyla işlendi.
2026-08-20 13:15:43 [INFO] [WS-4] Toplam 5400 adet veri paketi başarıyla işlendi.
2026-08-20 13:15:43 [INFO] [WS-1] Toplam 10300 adet veri paketi başarıyla işlendi.
2026-08-20 13:15:44 [INFO] [WS-3] Toplam 6600 adet veri paketi başarıyla işlendi.
2026-08-20 13:15:44 [ERROR] Failed to fetch updates - TelegramConflictError: Telegram server says - Conflict: terminated by other getUpdates request; make sure that only one bot instance is running
2026-08-20 13:15:44 [WARNING] Sleep for 5.067340 seconds and try again... (tryings = 12, bot id = 8154127903)
2026-08-20 13:15:44 [INFO] [WS-2] Toplam 8800 adet veri paketi başarıyla işlendi.
2026-08-20 13:15:44 [INFO] [WS-1] Toplam 10400 adet veri paketi başarıyla işlendi.
2026-08-20 13:15:46 [INFO] [WS-4] Toplam 5500 adet veri paketi başarıyla işlendi.
2026-08-20 13:15:46 [INFO] [WS-2] Toplam 8900 adet veri paketi başarıyla işlendi.
2026-08-20 13:15:46 [INFO] [WS-1] Toplam 10500 adet veri paketi başarıyla işlendi.
2026-08-20 13:15:47 [INFO] [WS-3] Toplam 6700 adet veri paketi başarıyla işlendi.
2026-08-20 13:15:47 [INFO] [BİLGİ] BIRBUSDT.P SMA 50'ye (Aşağı) dokundu. Referans: 0.054405, Hedef: 0.051685
2026-08-20 13:15:48 [INFO] [WS-1] Toplam 10600 adet veri paketi başarıyla işlendi.
2026-08-20 13:15:48 [INFO] [WS-2] Toplam 9000 adet veri paketi başarıyla işlendi.
2026-08-20 13:15:49 [INFO] [WS-4] Toplam 5600 adet veri paketi başarıyla işlendi.
2026-08-20 13:15:49 [INFO] [WS-3] Toplam 6800 adet veri paketi başarıyla işlendi.
2026-08-20 13:15:50 [INFO] [WS-1] Toplam 10700 adet veri paketi başarıyla işlendi.
2026-08-20 13:15:50 [INFO] [WS-2] Toplam 9100 adet veri paketi başarıyla işlendi.
2026-08-20 13:15:51 [INFO] [İPTAL] PAXGUSDT.P tekrar SMA altına indi. Takip sıfırlandı.
2026-08-20 13:15:52 [INFO] [WS-4] Toplam 5700 adet veri paketi başarıyla işlendi.
2026-08-20 13:15:52 [INFO] [WS-1] Toplam 10800 adet veri paketi başarıyla işlendi.
2026-08-20 13:15:52 [INFO] [WS-3] Toplam 6900 adet veri paketi başarıyla işlendi.
2026-08-20 13:15:52 [INFO] [WS-2] Toplam 9200 adet veri paketi başarıyla işlendi.
2026-08-20 13:15:53 [INFO] [WS-1] Toplam 10900 adet veri paketi başarıyla işlendi.
2026-08-20 13:15:53 [INFO] [İPTAL] RIVERUSDT.P tekrar SMA altına indi. Takip sıfırlandı.
2026-08-20 13:15:54 [INFO] [WS-2] Toplam 9300 adet veri paketi başarıyla işlendi.
2026-08-20 13:15:54 [ERROR] Failed to fetch updates - TelegramConflictError: Telegram server says - Conflict: terminated by other getUpdates request; make sure that only one bot instance is running
2026-08-20 13:15:54 [WARNING] Sleep for 5.052506 seconds and try again... (tryings = 13, bot id = 8154127903)
2026-08-20 13:15:55 [INFO] [WS-1] Toplam 11000 adet veri paketi başarıyla işlendi.
2026-08-20 13:15:55 [INFO] [WS-4] Toplam 5800 adet veri paketi başarıyla işlendi.
2026-08-20 13:15:55 [INFO] [WS-3] Toplam 7000 adet veri paketi başarıyla işlendi.
2026-08-20 13:15:56 [INFO] [WS-2] Toplam 9400 adet veri paketi başarıyla işlendi.
2026-08-20 13:15:56 [INFO] [WS-1] Toplam 11100 adet veri paketi başarıyla işlendi.
2026-08-20 13:15:58 [INFO] [BİLGİ] BROCCOLI714USDT.P SMA 50'ye (Yukarı) dokundu. Referans: 0.017285, Hedef: 0.018149
2026-08-20 13:15:58 [INFO] [WS-2] Toplam 9500 adet veri paketi başarıyla işlendi.
2026-08-20 13:15:58 [INFO] [WS-1] Toplam 11200 adet veri paketi başarıyla işlendi.
2026-08-20 13:15:58 [INFO] [WS-4] Toplam 5900 adet veri paketi başarıyla işlendi.
2026-08-20 13:15:59 [INFO] [WS-3] Toplam 7100 adet veri paketi başarıyla işlendi.
2026-08-20 13:16:00 [INFO] [WS-1] Toplam 11300 adet veri paketi başarıyla işlendi.
2026-08-20 13:16:00 [INFO] [WS-2] Toplam 9600 adet veri paketi başarıyla işlendi.
2026-08-20 13:16:00 [INFO] [BİLGİ] RIVERUSDT.P SMA 50'ye (Yukarı) dokundu. Referans: 2.6848, Hedef: 2.8190
2026-08-20 13:16:00 [INFO] [İPTAL] BULLAUSDT.P tekrar SMA üstüne çıktı. Takip sıfırlandı.
2026-08-20 13:16:00 [INFO] [WS-3] Toplam 7200 adet veri paketi başarıyla işlendi.
2026-08-20 13:16:00 [INFO] [WS-1] Toplam 11400 adet veri paketi başarıyla işlendi.
2026-08-20 13:16:01 [INFO] [WS-4] Toplam 6000 adet veri paketi başarıyla işlendi.
2026-08-20 13:16:01 [INFO] [WS-1] Toplam 11500 adet veri paketi başarıyla işlendi.
2026-08-20 13:16:01 [INFO] [WS-2] Toplam 9700 adet veri paketi başarıyla işlendi.
2026-08-20 13:16:01 [INFO] [WS-3] Toplam 7300 adet veri paketi başarıyla işlendi.
2026-08-20 13:16:01 [INFO] [WS-2] Toplam 9800 adet veri paketi başarıyla işlendi.
2026-08-20 13:16:02 [INFO] [WS-1] Toplam 11600 adet veri paketi başarıyla işlendi.
2026-08-20 13:16:02 [INFO] [WS-2] Toplam 9900 adet veri paketi başarıyla işlendi.
2026-08-20 13:16:02 [INFO] [WS-4] Toplam 6100 adet veri paketi başarıyla işlendi.
2026-08-20 13:16:03 [INFO] [WS-3] Toplam 7400 adet veri paketi başarıyla işlendi.
2026-08-20 13:16:03 [INFO] [İPTAL] ENSOUSDT.P tekrar SMA altına indi. Takip sıfırlandı.
2026-08-20 13:16:03 [INFO] [WS-1] Toplam 11700 adet veri paketi başarıyla işlendi.
2026-08-20 13:16:03 [INFO] [İPTAL] BIRBUSDT.P tekrar SMA üstüne çıktı. Takip sıfırlandı.
2026-08-20 13:16:03 [INFO] [WS-2] Toplam 10000 adet veri paketi başarıyla işlendi.
2026-08-20 13:16:04 [INFO] [WS-3] Toplam 7500 adet veri paketi başarıyla işlendi.
2026-08-20 13:16:04 [INFO] [WS-1] Toplam 11800 adet veri paketi başarıyla işlendi.
2026-08-20 13:16:04 [ERROR] Failed to fetch updates - TelegramConflictError: Telegram server says - Conflict: terminated by other getUpdates request; make sure that only one bot instance is running
2026-08-20 13:16:04 [WARNING] Sleep for 5.014281 seconds and try again... (tryings = 14, bot id = 8154127903)
2026-08-20 13:16:05 [INFO] [WS-4] Toplam 6200 adet veri paketi başarıyla işlendi.
2026-08-20 13:16:05 [INFO] [WS-2] Toplam 10100 adet veri paketi başarıyla işlendi.
2026-08-20 13:16:05 [INFO] [WS-1] Toplam 11900 adet veri paketi başarıyla işlendi.
2026-08-20 13:16:05 [INFO] [BİLGİ] NMRUSDT.P SMA 50'ye (Aşağı) dokundu. Referans: 8.3997, Hedef: 7.9797
2026-08-20 13:16:05 [INFO] [WS-3] Toplam 7600 adet veri paketi başarıyla işlendi.
2026-08-20 13:16:05 [INFO] [WS-2] Toplam 10200 adet veri paketi başarıyla işlendi.
2026-08-20 13:16:05 [INFO] [BİLGİ] AGLDUSDT.P SMA 50'ye (Aşağı) dokundu. Referans: 0.161172, Hedef: 0.153113
2026-08-20 13:16:05 [INFO] [WS-1] Toplam 12000 adet veri paketi başarıyla işlendi.
2026-08-20 13:16:06 [INFO] [BİLGİ] BIRBUSDT.P SMA 50'ye (Aşağı) dokundu. Referans: 0.054405, Hedef: 0.051685
2026-08-20 13:16:06 [INFO] [WS-2] Toplam 10300 adet veri paketi başarıyla işlendi.
2026-08-20 13:16:06 [INFO] [WS-4] Toplam 6300 adet veri paketi başarıyla işlendi.
2026-08-20 13:16:07 [INFO] [WS-3] Toplam 7700 adet veri paketi başarıyla işlendi.
2026-08-20 13:16:07 [INFO] [WS-1] Toplam 12100 adet veri paketi başarıyla işlendi.
2026-08-20 13:16:07 [INFO] [İPTAL] RIVERUSDT.P tekrar SMA altına indi. Takip sıfırlandı.
2026-08-20 13:16:07 [INFO] [İPTAL] IRYSUSDT.P tekrar SMA altına indi. Takip sıfırlandı.
2026-08-20 13:16:08 [INFO] [WS-2] Toplam 10400 adet veri paketi başarıyla işlendi.
2026-08-20 13:16:08 [INFO] [WS-1] Toplam 12200 adet veri paketi başarıyla işlendi.
2026-08-20 13:16:09 [INFO] [WS-3] Toplam 7800 adet veri paketi başarıyla işlendi.
2026-08-20 13:16:09 [INFO] [WS-4] Toplam 6400 adet veri paketi başarıyla işlendi.
2026-08-20 13:16:09 [INFO] [WS-2] Toplam 10500 adet veri paketi başarıyla işlendi.
2026-08-20 13:16:09 [INFO] [BİLGİ] RIVERUSDT.P SMA 50'ye (Yukarı) dokundu. Referans: 2.6848, Hedef: 2.8191
2026-08-20 13:16:09 [INFO] [WS-1] Toplam 12300 adet veri paketi başarıyla işlendi.
2026-08-20 13:16:10 [INFO] [WS-3] Toplam 7900 adet veri paketi başarıyla işlendi.
2026-08-20 13:16:11 [INFO] [WS-2] Toplam 10600 adet veri paketi başarıyla işlendi.
2026-08-20 13:16:11 [INFO] [WS-1] Toplam 12400 adet veri paketi başarıyla işlendi.
2026-08-20 13:16:11 [INFO] [WS-4] Toplam 6500 adet veri paketi başarıyla işlendi.
2026-08-20 13:16:12 [INFO] [İPTAL] AGLDUSDT.P tekrar SMA üstüne çıktı. Takip sıfırlandı.
2026-08-20 13:16:13 [INFO] [WS-3] Toplam 8000 adet veri paketi başarıyla işlendi.
2026-08-20 13:16:13 [INFO] [WS-2] Toplam 10700 adet veri paketi başarıyla işlendi.
2026-08-20 13:16:13 [INFO] [WS-1] Toplam 12500 adet veri paketi başarıyla işlendi.
2026-08-20 13:16:14 [INFO] [WS-4] Toplam 6600 adet veri paketi başarıyla işlendi.
2026-08-20 13:16:14 [INFO] [WS-2] Toplam 10800 adet veri paketi başarıyla işlendi.
2026-08-20 13:16:14 [INFO] [WS-1] Toplam 12600 adet veri paketi başarıyla işlendi.
2026-08-20 13:16:15 [ERROR] Failed to fetch updates - TelegramConflictError: Telegram server says - Conflict: terminated by other getUpdates request; make sure that only one bot instance is running
2026-08-20 13:16:15 [WARNING] Sleep for 4.966797 seconds and try again... (tryings = 15, bot id = 8154127903)
2026-08-20 13:16:15 [INFO] [WS-3] Toplam 8100 adet veri paketi başarıyla işlendi.
2026-08-20 13:16:16 [INFO] [WS-2] Toplam 10900 adet veri paketi başarıyla işlendi.
2026-08-20 13:16:16 [INFO] [WS-1] Toplam 12700 adet veri paketi başarıyla işlendi.
2026-08-20 13:16:16 [INFO] [WS-3] Toplam 8200 adet veri paketi başarıyla işlendi.
2026-08-20 13:16:16 [INFO] [WS-4] Toplam 6700 adet veri paketi başarıyla işlendi.
2026-08-20 13:16:17 [INFO] [WS-2] Toplam 11000 adet veri paketi başarıyla işlendi.
2026-08-20 13:16:17 [INFO] [WS-1] Toplam 12800 adet veri paketi başarıyla işlendi.
2026-08-20 13:16:18 [INFO] [WS-4] Toplam 6800 adet veri paketi başarıyla işlendi.
2026-08-20 13:16:18 [INFO] [WS-3] Toplam 8300 adet veri paketi başarıyla işlendi.
2026-08-20 13:16:18 [INFO] [İPTAL] BROCCOLI714USDT.P tekrar SMA altına indi. Takip sıfırlandı.
2026-08-20 13:16:18 [INFO] [WS-1] Toplam 12900 adet veri paketi başarıyla işlendi.
2026-08-20 13:16:19 [INFO] [WS-2] Toplam 11100 adet veri paketi başarıyla işlendi.
2026-08-20 13:16:20 [INFO] [İPTAL] NMRUSDT.P tekrar SMA üstüne çıktı. Takip sıfırlandı.
2026-08-20 13:16:20 [INFO] [BİLGİ] DODOXUSDT.P SMA 50'ye (Aşağı) dokundu. Referans: 0.020117, Hedef: 0.019111
2026-08-20 13:16:20 [INFO] [BİLGİ] PAXGUSDT.P SMA 50'ye (Yukarı) dokundu. Referans: 4475.93, Hedef: 4699.73
2026-08-20 13:16:20 [INFO] [WS-1] Toplam 13000 adet veri paketi başarıyla işlendi.
2026-08-20 13:16:21 [INFO] [WS-2] Toplam 11200 adet veri paketi başarıyla işlendi.
2026-08-20 13:16:21 [INFO] [WS-3] Toplam 8400 adet veri paketi başarıyla işlendi.
2026-08-20 13:16:21 [INFO] [WS-4] Toplam 6900 adet veri paketi başarıyla işlendi.
2026-08-20 13:16:22 [INFO] [İPTAL] BIRBUSDT.P tekrar SMA üstüne çıktı. Takip sıfırlandı.
2026-08-20 13:16:22 [INFO] [WS-1] Toplam 13100 adet veri paketi başarıyla işlendi.
2026-08-20 13:16:22 [INFO] [WS-2] Toplam 11300 adet veri paketi başarıyla işlendi.
2026-08-20 13:16:23 [INFO] [WS-3] Toplam 8500 adet veri paketi başarıyla işlendi.
2026-08-20 13:16:24 [INFO] [WS-1] Toplam 13200 adet veri paketi başarıyla işlendi.
2026-08-20 13:16:24 [INFO] [WS-4] Toplam 7000 adet veri paketi başarıyla işlendi.
2026-08-20 13:16:25 [INFO] [WS-2] Toplam 11400 adet veri paketi başarıyla işlendi.
2026-08-20 13:16:25 [ERROR] Failed to fetch updates - TelegramConflictError: Telegram server says - Conflict: terminated by other getUpdates request; make sure that only one bot instance is running
2026-08-20 13:16:25 [WARNING] Sleep for 5.045370 seconds and try again... (tryings = 16, bot id = 8154127903)
2026-08-20 13:16:26 [INFO] [WS-1] Toplam 13300 adet veri paketi başarıyla işlendi.
2026-08-20 13:16:26 [INFO] [WS-3] Toplam 8600 adet veri paketi başarıyla işlendi.
2026-08-20 13:16:27 [INFO] [WS-4] Toplam 7100 adet veri paketi başarıyla işlendi.
2026-08-20 13:16:27 [INFO] [WS-2] Toplam 11500 adet veri paketi başarıyla işlendi.
2026-08-20 13:16:28 [INFO] [WS-1] Toplam 13400 adet veri paketi başarıyla işlendi.
2026-08-20 13:16:28 [INFO] [BİLGİ] MITOUSDT.P SMA 50'ye (Aşağı) dokundu. Referans: 0.026860, Hedef: 0.025517
2026-08-20 13:16:28 [INFO] [WS-3] Toplam 8700 adet veri paketi başarıyla işlendi.
2026-08-20 13:16:29 [INFO] [WS-2] Toplam 11600 adet veri paketi başarıyla işlendi.
2026-08-20 13:16:29 [INFO] [WS-1] Toplam 13500 adet veri paketi başarıyla işlendi.
2026-08-20 13:16:30 [INFO] [WS-4] Toplam 7200 adet veri paketi başarıyla işlendi.
2026-08-20 13:16:30 [INFO] [WS-3] Toplam 8800 adet veri paketi başarıyla işlendi.
2026-08-20 13:16:30 [INFO] [WS-1] Toplam 13600 adet veri paketi başarıyla işlendi.
2026-08-20 13:16:30 [INFO] [WS-2] Toplam 11700 adet veri paketi başarıyla işlendi.
2026-08-20 13:16:32 [INFO] [WS-1] Toplam 13700 adet veri paketi başarıyla işlendi.
2026-08-20 13:16:32 [INFO] [WS-3] Toplam 8900 adet veri paketi başarıyla işlendi.
2026-08-20 13:16:32 [INFO] [WS-2] Toplam 11800 adet veri paketi başarıyla işlendi.
2026-08-20 13:16:32 [INFO] [İPTAL] RIFUSDT.P tekrar SMA altına indi. Takip sıfırlandı.
2026-08-20 13:16:32 [INFO] [WS-4] Toplam 7300 adet veri paketi başarıyla işlendi.
2026-08-20 13:16:33 [INFO] [WS-1] Toplam 13800 adet veri paketi başarıyla işlendi.
2026-08-20 13:16:35 [INFO] [WS-3] Toplam 9000 adet veri paketi başarıyla işlendi.
2026-08-20 13:16:35 [INFO] [WS-2] Toplam 11900 adet veri paketi başarıyla işlendi.
2026-08-20 13:16:35 [INFO] [WS-1] Toplam 13900 adet veri paketi başarıyla işlendi.
2026-08-20 13:16:35 [INFO] [WS-4] Toplam 7400 adet veri paketi başarıyla işlendi.
2026-08-20 13:16:36 [ERROR] Failed to fetch updates - TelegramConflictError: Telegram server says - Conflict: terminated by other getUpdates request; make sure that only one bot instance is running
2026-08-20 13:16:36 [WARNING] Sleep for 4.971769 seconds and try again... (tryings = 17, bot id = 8154127903)
2026-08-20 13:16:36 [INFO] [WS-2] Toplam 12000 adet veri paketi başarıyla işlendi.
2026-08-20 13:16:36 [INFO] [WS-1] Toplam 14000 adet veri paketi başarıyla işlendi.
2026-08-20 13:16:37 [INFO] [WS-3] Toplam 9100 adet veri paketi başarıyla işlendi.
2026-08-20 13:16:37 [INFO] [WS-4] Toplam 7500 adet veri paketi başarıyla işlendi.
2026-08-20 13:16:38 [INFO] [WS-1] Toplam 14100 adet veri paketi başarıyla işlendi.
2026-08-20 13:16:39 [INFO] [WS-2] Toplam 12100 adet veri paketi başarıyla işlendi.
2026-08-20 13:16:40 [INFO] [WS-3] Toplam 9200 adet veri paketi başarıyla işlendi.
2026-08-20 13:16:40 [INFO] [WS-1] Toplam 14200 adet veri paketi başarıyla işlendi.
2026-08-20 13:16:40 [INFO] [BİLGİ] ESPORTSUSDT.P SMA 50'ye (Aşağı) dokundu. Referans: 0.016241, Hedef: 0.015429
2026-08-20 13:16:40 [INFO] [WS-4] Toplam 7600 adet veri paketi başarıyla işlendi.
2026-08-20 13:16:41 [INFO] [WS-2] Toplam 12200 adet veri paketi başarıyla işlendi.
2026-08-20 13:16:42 [INFO] [WS-1] Toplam 14300 adet veri paketi başarıyla işlendi.
2026-08-20 13:16:42 [INFO] [WS-3] Toplam 9300 adet veri paketi başarıyla işlendi.
2026-08-20 13:16:43 [INFO] [WS-2] Toplam 12300 adet veri paketi başarıyla işlendi.
2026-08-20 13:16:43 [INFO] [WS-4] Toplam 7700 adet veri paketi başarıyla işlendi.
2026-08-20 13:16:43 [INFO] [WS-1] Toplam 14400 adet veri paketi başarıyla işlendi.
2026-08-20 13:16:44 [INFO] [İPTAL] MITOUSDT.P tekrar SMA üstüne çıktı. Takip sıfırlandı.
2026-08-20 13:16:45 [INFO] [WS-3] Toplam 9400 adet veri paketi başarıyla işlendi.
2026-08-20 13:16:45 [INFO] [WS-1] Toplam 14500 adet veri paketi başarıyla işlendi.
2026-08-20 13:16:45 [INFO] [WS-2] Toplam 12400 adet veri paketi başarıyla işlendi.
2026-08-20 13:16:46 [ERROR] Failed to fetch updates - TelegramConflictError: Telegram server says - Conflict: terminated by other getUpdates request; make sure that only one bot instance is running
2026-08-20 13:16:46 [WARNING] Sleep for 5.045418 seconds and try again... (tryings = 18, bot id = 8154127903)
2026-08-20 13:16:46 [INFO] [WS-4] Toplam 7800 adet veri paketi başarıyla işlendi.
2026-08-20 13:16:46 [INFO] [BİLGİ] ZORAUSDT.P SMA 50'ye (Aşağı) dokundu. Referans: 0.005111, Hedef: 0.004855
2026-08-20 13:16:46 [INFO] [WS-1] Toplam 14600 adet veri paketi başarıyla işlendi.
2026-08-20 13:16:47 [INFO] [BİLGİ] MITOUSDT.P SMA 50'ye (Aşağı) dokundu. Referans: 0.026860, Hedef: 0.025517
2026-08-20 13:16:47 [INFO] [WS-3] Toplam 9500 adet veri paketi başarıyla işlendi.
2026-08-20 13:16:47 [INFO] [WS-2] Toplam 12500 adet veri paketi başarıyla işlendi.
2026-08-20 13:16:47 [INFO] [BİLGİ] AGLDUSDT.P SMA 50'ye (Aşağı) dokundu. Referans: 0.161172, Hedef: 0.153113
2026-08-20 13:16:47 [INFO] [İPTAL] RIVERUSDT.P tekrar SMA altına indi. Takip sıfırlandı.
2026-08-20 13:16:48 [INFO] [WS-1] Toplam 14700 adet veri paketi başarıyla işlendi.
2026-08-20 13:16:49 [INFO] [WS-4] Toplam 7900 adet veri paketi başarıyla işlendi.
2026-08-20 13:16:49 [INFO] [WS-2] Toplam 12600 adet veri paketi başarıyla işlendi.
2026-08-20 13:16:49 [INFO] [WS-3] Toplam 9600 adet veri paketi başarıyla işlendi.
2026-08-20 13:16:49 [INFO] [WS-1] Toplam 14800 adet veri paketi başarıyla işlendi.
2026-08-20 13:16:50 [INFO] [İPTAL] ESPORTSUSDT.P tekrar SMA üstüne çıktı. Takip sıfırlandı.
2026-08-20 13:16:51 [INFO] [WS-1] Toplam 14900 adet veri paketi başarıyla işlendi.
2026-08-20 13:16:51 [INFO] [WS-3] Toplam 9700 adet veri paketi başarıyla işlendi.
2026-08-20 13:16:51 [INFO] [İPTAL] FHEUSDT.P tekrar SMA altına indi. Takip sıfırlandı.
2026-08-20 13:16:51 [INFO] [WS-2] Toplam 12700 adet veri paketi başarıyla işlendi.
2026-08-20 13:16:51 [INFO] [WS-4] Toplam 8000 adet veri paketi başarıyla işlendi.
2026-08-20 13:16:52 [INFO] [İPTAL] MITOUSDT.P tekrar SMA üstüne çıktı. Takip sıfırlandı.
2026-08-20 13:16:52 [INFO] [BİLGİ] VVVUSDT.P SMA 50'ye (Aşağı) dokundu. Referans: 14.2265, Hedef: 13.5152
2026-08-20 13:16:52 [INFO] [İPTAL] LYNUSDT.P tekrar SMA üstüne çıktı. Takip sıfırlandı.
2026-08-20 13:16:52 [INFO] [WS-1] Toplam 15000 adet veri paketi başarıyla işlendi.
2026-08-20 13:16:53 [INFO] [WS-2] Toplam 12800 adet veri paketi başarıyla işlendi.
2026-08-20 13:16:53 [INFO] [WS-3] Toplam 9800 adet veri paketi başarıyla işlendi.
2026-08-20 13:16:53 [INFO] [BİLGİ] BIRBUSDT.P SMA 50'ye (Aşağı) dokundu. Referans: 0.054406, Hedef: 0.051685
2026-08-20 13:16:54 [INFO] [WS-1] Toplam 15100 adet veri paketi başarıyla işlendi.
2026-08-20 13:16:54 [INFO] [WS-4] Toplam 8100 adet veri paketi başarıyla işlendi.
2026-08-20 13:16:55 [INFO] [WS-2] Toplam 12900 adet veri paketi başarıyla işlendi.
2026-08-20 13:16:55 [INFO] [WS-1] Toplam 15200 adet veri paketi başarıyla işlendi.
2026-08-20 13:16:56 [INFO] [WS-3] Toplam 9900 adet veri paketi başarıyla işlendi.
2026-08-20 13:16:56 [INFO] [BİLGİ] ASTERUSDT.P SMA 50'ye (Aşağı) dokundu. Referans: 0.663006, Hedef: 0.629856
2026-08-20 13:16:56 [ERROR] Failed to fetch updates - TelegramConflictError: Telegram server says - Conflict: terminated by other getUpdates request; make sure that only one bot instance is running
2026-08-20 13:16:56 [WARNING] Sleep for 5.020829 seconds and try again... (tryings = 19, bot id = 8154127903)
2026-08-20 13:16:57 [INFO] [İPTAL] ASTERUSDT.P tekrar SMA üstüne çıktı. Takip sıfırlandı.
2026-08-20 13:16:57 [INFO] [WS-4] Toplam 8200 adet veri paketi başarıyla işlendi.
2026-08-20 13:16:57 [INFO] [WS-1] Toplam 15300 adet veri paketi başarıyla işlendi.
2026-08-20 13:16:57 [INFO] [WS-2] Toplam 13000 adet veri paketi başarıyla işlendi.
2026-08-20 13:16:58 [INFO] [WS-3] Toplam 10000 adet veri paketi başarıyla işlendi.
2026-08-20 13:16:58 [INFO] [BİLGİ] FHEUSDT.P SMA 50'ye (Yukarı) dokundu. Referans: 0.025409, Hedef: 0.026680
2026-08-20 13:16:59 [INFO] [WS-1] Toplam 15400 adet veri paketi başarıyla işlendi.
2026-08-20 13:16:59 [INFO] [BİLGİ] NMRUSDT.P SMA 50'ye (Aşağı) dokundu. Referans: 8.3997, Hedef: 7.9797
2026-08-20 13:16:59 [INFO] [WS-2] Toplam 13100 adet veri paketi başarıyla işlendi.
2026-08-20 13:16:59 [INFO] [WS-4] Toplam 8300 adet veri paketi başarıyla işlendi.
2026-08-20 13:17:00 [INFO] [WS-3] Toplam 10100 adet veri paketi başarıyla işlendi.
2026-08-20 13:17:00 [INFO] [WS-1] Toplam 15500 adet veri paketi başarıyla işlendi.
2026-08-20 13:17:00 [INFO] [WS-2] Toplam 13200 adet veri paketi başarıyla işlendi.
2026-08-20 13:17:00 [INFO] [BİLGİ] BULLAUSDT.P SMA 50'ye (Aşağı) dokundu. Referans: 0.018049, Hedef: 0.017146
2026-08-20 13:17:00 [INFO] [BİLGİ] LYNUSDT.P SMA 50'ye (Aşağı) dokundu. Referans: 0.034901, Hedef: 0.033156
2026-08-20 13:17:00 [INFO] [İPTAL] AGLDUSDT.P tekrar SMA üstüne çıktı. Takip sıfırlandı.
2026-08-20 13:17:00 [INFO] [İPTAL] NMRUSDT.P tekrar SMA üstüne çıktı. Takip sıfırlandı.
2026-08-20 13:17:00 [INFO] [WS-3] Toplam 10200 adet veri paketi başarıyla işlendi.
2026-08-20 13:17:01 [INFO] [WS-1] Toplam 15600 adet veri paketi başarıyla işlendi.
2026-08-20 13:17:01 [INFO] [BİLGİ] TRIAUSDT.P SMA 50'ye (Aşağı) dokundu. Referans: 0.007639, Hedef: 0.007257
2026-08-20 13:17:01 [INFO] [İPTAL] LYNUSDT.P tekrar SMA üstüne çıktı. Takip sıfırlandı.
2026-08-20 13:17:01 [INFO] [İPTAL] TRIAUSDT.P tekrar SMA üstüne çıktı. Takip sıfırlandı.
2026-08-20 13:17:01 [INFO] [WS-2] Toplam 13300 adet veri paketi başarıyla işlendi.
2026-08-20 13:17:01 [INFO] [WS-4] Toplam 8400 adet veri paketi başarıyla işlendi.
2026-08-20 13:17:02 [INFO] [WS-1] Toplam 15700 adet veri paketi başarıyla işlendi.
2026-08-20 13:17:02 [INFO] [İPTAL] FHEUSDT.P tekrar SMA altına indi. Takip sıfırlandı.
2026-08-20 13:17:03 [INFO] [WS-3] Toplam 10300 adet veri paketi başarıyla işlendi.
2026-08-20 13:17:03 [INFO] [WS-2] Toplam 13400 adet veri paketi başarıyla işlendi.
2026-08-20 13:17:03 [INFO] [WS-1] Toplam 15800 adet veri paketi başarıyla işlendi.
2026-08-20 13:17:04 [INFO] [WS-4] Toplam 8500 adet veri paketi başarıyla işlendi.
2026-08-20 13:17:05 [INFO] [BİLGİ] RIVERUSDT.P SMA 50'ye (Yukarı) dokundu. Referans: 2.6848, Hedef: 2.8190
2026-08-20 13:17:05 [INFO] [WS-2] Toplam 13500 adet veri paketi başarıyla işlendi.
2026-08-20 13:17:05 [INFO] [WS-1] Toplam 15900 adet veri paketi başarıyla işlendi.
2026-08-20 13:17:05 [INFO] [WS-3] Toplam 10400 adet veri paketi başarıyla işlendi.
2026-08-20 13:17:07 [INFO] [WS-1] Toplam 16000 adet veri paketi başarıyla işlendi.
2026-08-20 13:17:07 [ERROR] Failed to fetch updates - TelegramConflictError: Telegram server says - Conflict: terminated by other getUpdates request; make sure that only one bot instance is running
2026-08-20 13:17:07 [WARNING] Sleep for 4.866103 seconds and try again... (tryings = 20, bot id = 8154127903)
2026-08-20 13:17:07 [INFO] [WS-2] Toplam 13600 adet veri paketi başarıyla işlendi.
2026-08-20 13:17:07 [INFO] [WS-4] Toplam 8600 adet veri paketi başarıyla işlendi.
2026-08-20 13:17:08 [INFO] [WS-3] Toplam 10500 adet veri paketi başarıyla işlendi.
2026-08-20 13:17:08 [INFO] [WS-1] Toplam 16100 adet veri paketi başarıyla işlendi.
2026-08-20 13:17:09 [INFO] [WS-2] Toplam 13700 adet veri paketi başarıyla işlendi.
2026-08-20 13:17:09 [INFO] [BİLGİ] NMRUSDT.P SMA 50'ye (Aşağı) dokundu. Referans: 8.3997, Hedef: 7.9797
2026-08-20 13:17:10 [INFO] [BİLGİ] RIFUSDT.P SMA 50'ye (Yukarı) dokundu. Referans: 0.077149, Hedef: 0.081006
2026-08-20 13:17:10 [INFO] [WS-4] Toplam 8700 adet veri paketi başarıyla işlendi.
2026-08-20 13:17:10 [INFO] [WS-1] Toplam 16200 adet veri paketi başarıyla işlendi.
2026-08-20 13:17:11 [INFO] [WS-3] Toplam 10600 adet veri paketi başarıyla işlendi.
2026-08-20 13:17:11 [INFO] [WS-2] Toplam 13800 adet veri paketi başarıyla işlendi.
2026-08-20 13:17:11 [INFO] [WS-1] Toplam 16300 adet veri paketi başarıyla işlendi.
2026-08-20 13:17:11 [INFO] [İPTAL] RIVERUSDT.P tekrar SMA altına indi. Takip sıfırlandı.
2026-08-20 13:17:12 [INFO] [WS-4] Toplam 8800 adet veri paketi başarıyla işlendi.
2026-08-20 13:17:12 [INFO] [WS-2] Toplam 13900 adet veri paketi başarıyla işlendi.
2026-08-20 13:17:13 [INFO] [WS-3] Toplam 10700 adet veri paketi başarıyla işlendi.
2026-08-20 13:17:13 [INFO] [WS-1] Toplam 16400 adet veri paketi başarıyla işlendi.
2026-08-20 13:17:13 [INFO] [BİLGİ] LYNUSDT.P SMA 50'ye (Aşağı) dokundu. Referans: 0.034901, Hedef: 0.033156
2026-08-20 13:17:14 [INFO] [WS-1] Toplam 16500 adet veri paketi başarıyla işlendi.
2026-08-20 13:17:14 [INFO] [WS-2] Toplam 14000 adet veri paketi başarıyla işlendi.
2026-08-20 13:17:14 [INFO] [WS-3] Toplam 10800 adet veri paketi başarıyla işlendi.
2026-08-20 13:17:14 [INFO] [WS-4] Toplam 8900 adet veri paketi başarıyla işlendi.
2026-08-20 13:17:14 [INFO] [İPTAL] LYNUSDT.P tekrar SMA üstüne çıktı. Takip sıfırlandı.
2026-08-20 13:17:15 [INFO] [WS-1] Toplam 16600 adet veri paketi başarıyla işlendi.
2026-08-20 13:17:15 [INFO] [İPTAL] BIRBUSDT.P tekrar SMA üstüne çıktı. Takip sıfırlandı.
2026-08-20 13:17:15 [INFO] [WS-2] Toplam 14100 adet veri paketi başarıyla işlendi.
2026-08-20 13:17:16 [INFO] [WS-3] Toplam 10900 adet veri paketi başarıyla işlendi.
2026-08-20 13:17:17 [INFO] [WS-1] Toplam 16700 adet veri paketi başarıyla işlendi.
2026-08-20 13:17:17 [ERROR] Failed to fetch updates - TelegramConflictError: Telegram server says - Conflict: terminated by other getUpdates request; make sure that only one bot instance is running
2026-08-20 13:17:17 [WARNING] Sleep for 4.992796 seconds and try again... (tryings = 21, bot id = 8154127903)
2026-08-20 13:17:17 [INFO] [WS-4] Toplam 9000 adet veri paketi başarıyla işlendi.
2026-08-20 13:17:17 [INFO] [WS-2] Toplam 14200 adet veri paketi başarıyla işlendi.
2026-08-20 13:17:18 [INFO] [WS-1] Toplam 16800 adet veri paketi başarıyla işlendi.
2026-08-20 13:17:19 [INFO] [WS-3] Toplam 11000 adet veri paketi başarıyla işlendi.
2026-08-20 13:17:19 [INFO] [BİLGİ] EVAAUSDT.P SMA 50'ye (Aşağı) dokundu. Referans: 0.766140, Hedef: 0.727833
2026-08-20 13:17:19 [INFO] [WS-2] Toplam 14300 adet veri paketi başarıyla işlendi.
2026-08-20 13:17:19 [INFO] [WS-1] Toplam 16900 adet veri paketi başarıyla işlendi.
2026-08-20 13:17:20 [INFO] [WS-4] Toplam 9100 adet veri paketi başarıyla işlendi.
2026-08-20 13:17:20 [INFO] [WS-3] Toplam 11100 adet veri paketi başarıyla işlendi.
2026-08-20 13:17:20 [INFO] [BİLGİ] CYSUSDT.P SMA 50'ye (Aşağı) dokundu. Referans: 0.582346, Hedef: 0.553229
2026-08-20 13:17:21 [INFO] [İPTAL] CYSUSDT.P tekrar SMA üstüne çıktı. Takip sıfırlandı.
2026-08-20 13:17:21 [INFO] [WS-2] Toplam 14400 adet veri paketi başarıyla işlendi.
2026-08-20 13:17:21 [INFO] [WS-1] Toplam 17000 adet veri paketi başarıyla işlendi.
2026-08-20 13:17:22 [INFO] [WS-4] Toplam 9200 adet veri paketi başarıyla işlendi.
2026-08-20 13:17:22 [INFO] [WS-3] Toplam 11200 adet veri paketi başarıyla işlendi.
2026-08-20 13:17:22 [INFO] [WS-2] Toplam 14500 adet veri paketi başarıyla işlendi.
2026-08-20 13:17:23 [INFO] [WS-1] Toplam 17100 adet veri paketi başarıyla işlendi.
2026-08-20 13:17:23 [INFO] [BİLGİ] CYSUSDT.P SMA 50'ye (Aşağı) dokundu. Referans: 0.582350, Hedef: 0.553232
2026-08-20 13:17:24 [INFO] [WS-2] Toplam 14600 adet veri paketi başarıyla işlendi.
2026-08-20 13:17:24 [INFO] [WS-1] Toplam 17200 adet veri paketi başarıyla işlendi.
2026-08-20 13:17:25 [INFO] [WS-3] Toplam 11300 adet veri paketi başarıyla işlendi.
2026-08-20 13:17:25 [INFO] [WS-4] Toplam 9300 adet veri paketi başarıyla işlendi.
2026-08-20 13:17:25 [INFO] [BİLGİ] BIRBUSDT.P SMA 50'ye (Aşağı) dokundu. Referans: 0.054405, Hedef: 0.051685
2026-08-20 13:17:26 [INFO] [WS-2] Toplam 14700 adet veri paketi başarıyla işlendi.
2026-08-20 13:17:26 [INFO] [WS-1] Toplam 17300 adet veri paketi başarıyla işlendi.
2026-08-20 13:17:27 [ERROR] Failed to fetch updates - TelegramConflictError: Telegram server says - Conflict: terminated by other getUpdates request; make sure that only one bot instance is running
2026-08-20 13:17:27 [WARNING] Sleep for 5.178921 seconds and try again... (tryings = 22, bot id = 8154127903)
2026-08-20 13:17:27 [INFO] [WS-3] Toplam 11400 adet veri paketi başarıyla işlendi.
2026-08-20 13:17:27 [INFO] [BİLGİ] FHEUSDT.P SMA 50'ye (Yukarı) dokundu. Referans: 0.025409, Hedef: 0.026680
2026-08-20 13:17:28 [INFO] [WS-1] Toplam 17400 adet veri paketi başarıyla işlendi.
2026-08-20 13:17:28 [INFO] [WS-2] Toplam 14800 adet veri paketi başarıyla işlendi.
2026-08-20 13:17:28 [INFO] [WS-4] Toplam 9400 adet veri paketi başarıyla işlendi.
2026-08-20 13:17:29 [INFO] [WS-1] Toplam 17500 adet veri paketi başarıyla işlendi.
2026-08-20 13:17:30 [INFO] [WS-2] Toplam 14900 adet veri paketi başarıyla işlendi.
2026-08-20 13:17:30 [INFO] [WS-3] Toplam 11500 adet veri paketi başarıyla işlendi.
2026-08-20 13:17:31 [INFO] [WS-4] Toplam 9500 adet veri paketi başarıyla işlendi.
2026-08-20 13:17:31 [INFO] [WS-1] Toplam 17600 adet veri paketi başarıyla işlendi.
2026-08-20 13:17:32 [INFO] [WS-2] Toplam 15000 adet veri paketi başarıyla işlendi.
2026-08-20 13:17:32 [INFO] [WS-3] Toplam 11600 adet veri paketi başarıyla işlendi.
2026-08-20 13:17:32 [INFO] [WS-1] Toplam 17700 adet veri paketi başarıyla işlendi.
2026-08-20 13:17:32 [INFO] [İPTAL] BIRBUSDT.P tekrar SMA üstüne çıktı. Takip sıfırlandı.
2026-08-20 13:17:32 [INFO] [WS-2] Toplam 15100 adet veri paketi başarıyla işlendi.
2026-08-20 13:17:32 [INFO] [İPTAL] VVVUSDT.P tekrar SMA üstüne çıktı. Takip sıfırlandı.
2026-08-20 13:17:32 [INFO] [WS-1] Toplam 17800 adet veri paketi başarıyla işlendi.
2026-08-20 13:17:32 [INFO] [WS-4] Toplam 9600 adet veri paketi başarıyla işlendi.
2026-08-20 13:17:33 [INFO] [WS-3] Toplam 11700 adet veri paketi başarıyla işlendi.
2026-08-20 13:17:34 [INFO] [WS-1] Toplam 17900 adet veri paketi başarıyla işlendi.
2026-08-20 13:17:34 [INFO] [WS-2] Toplam 15200 adet veri paketi başarıyla işlendi.
2026-08-20 13:17:35 [INFO] [WS-4] Toplam 9700 adet veri paketi başarıyla işlendi.
2026-08-20 13:17:35 [INFO] [WS-3] Toplam 11800 adet veri paketi başarıyla işlendi.
2026-08-20 13:17:35 [INFO] [WS-1] Toplam 18000 adet veri paketi başarıyla işlendi.
2026-08-20 13:17:35 [INFO] [BİLGİ] VVVUSDT.P SMA 50'ye (Aşağı) dokundu. Referans: 14.2265, Hedef: 13.5152
2026-08-20 13:17:36 [INFO] [WS-2] Toplam 15300 adet veri paketi başarıyla işlendi.
2026-08-20 13:17:37 [INFO] [WS-1] Toplam 18100 adet veri paketi başarıyla işlendi.
2026-08-20 13:17:37 [ERROR] Failed to fetch updates - TelegramConflictError: Telegram server says - Conflict: terminated by other getUpdates request; make sure that only one bot instance is running
2026-08-20 13:17:37 [WARNING] Sleep for 4.926337 seconds and try again... (tryings = 23, bot id = 8154127903)
2026-08-20 13:17:38 [INFO] [WS-2] Toplam 15400 adet veri paketi başarıyla işlendi.
2026-08-20 13:17:38 [INFO] [WS-3] Toplam 11900 adet veri paketi başarıyla işlendi.
2026-08-20 13:17:39 [INFO] [WS-4] Toplam 9800 adet veri paketi başarıyla işlendi.
2026-08-20 13:17:39 [INFO] [WS-1] Toplam 18200 adet veri paketi başarıyla işlendi.
2026-08-20 13:17:39 [INFO] [İPTAL] EVAAUSDT.P tekrar SMA üstüne çıktı. Takip sıfırlandı.
2026-08-20 13:17:39 [INFO] [WS-3] Toplam 12000 adet veri paketi başarıyla işlendi.
2026-08-20 13:17:40 [INFO] [WS-2] Toplam 15500 adet veri paketi başarıyla işlendi.
2026-08-20 13:17:40 [INFO] [İPTAL] RIFUSDT.P tekrar SMA altına indi. Takip sıfırlandı.
2026-08-20 13:17:40 [INFO] [İPTAL] VVVUSDT.P tekrar SMA üstüne çıktı. Takip sıfırlandı.
2026-08-20 13:17:40 [INFO] [WS-4] Toplam 9900 adet veri paketi başarıyla işlendi.
2026-08-20 13:17:41 [INFO] [PING] Self-ping attı: HTTP 200
2026-08-20 13:17:41 [INFO] [WS-1] Toplam 18300 adet veri paketi başarıyla işlendi.
2026-08-20 13:17:42 [INFO] [WS-2] Toplam 15600 adet veri paketi başarıyla işlendi.
2026-08-20 13:17:42 [INFO] [BİLGİ] BLESSUSDT.P SMA 50'ye (Yukarı) dokundu. Referans: 0.006869, Hedef: 0.007212
2026-08-20 13:17:43 [INFO] [WS-3] Toplam 12100 adet veri paketi başarıyla işlendi.
2026-08-20 13:17:43 [INFO] [WS-1] Toplam 18400 adet veri paketi başarıyla işlendi.
2026-08-20 13:17:44 [INFO] [WS-2] Toplam 15700 adet veri paketi başarıyla işlendi.
2026-08-20 13:17:44 [INFO] [WS-4] Toplam 10000 adet veri paketi başarıyla işlendi.
2026-08-20 13:17:45 [INFO] [WS-1] Toplam 18500 adet veri paketi başarıyla işlendi.
2026-08-20 13:17:45 [INFO] [WS-3] Toplam 12200 adet veri paketi başarıyla işlendi.
2026-08-20 13:17:45 [INFO] [İPTAL] HANAUSDT.P tekrar SMA altına indi. Takip sıfırlandı.
2026-08-20 13:17:46 [INFO] [WS-2] Toplam 15800 adet veri paketi başarıyla işlendi.
2026-08-20 13:17:46 [INFO] [WS-1] Toplam 18600 adet veri paketi başarıyla işlendi.
2026-08-20 13:17:46 [INFO] [WS-4] Toplam 10100 adet veri paketi başarıyla işlendi.
2026-08-20 13:17:47 [INFO] [İPTAL] ZORAUSDT.P tekrar SMA üstüne çıktı. Takip sıfırlandı.
2026-08-20 13:17:47 [INFO] [WS-3] Toplam 12300 adet veri paketi başarıyla işlendi.
2026-08-20 13:17:48 [ERROR] Failed to fetch updates - TelegramConflictError: Telegram server says - Conflict: terminated by other getUpdates request; make sure that only one bot instance is running
2026-08-20 13:17:48 [WARNING] Sleep for 4.906004 seconds and try again... (tryings = 24, bot id = 8154127903)
2026-08-20 13:17:48 [INFO] [WS-2] Toplam 15900 adet veri paketi başarıyla işlendi.
2026-08-20 13:17:48 [INFO] [WS-1] Toplam 18700 adet veri paketi başarıyla işlendi.
2026-08-20 13:17:49 [INFO] [BİLGİ] HANAUSDT.P SMA 50'ye (Yukarı) dokundu. Referans: 0.019336, Hedef: 0.020303
2026-08-20 13:17:50 [INFO] [WS-4] Toplam 10200 adet veri paketi başarıyla işlendi.
2026-08-20 13:17:50 [INFO] [WS-3] Toplam 12400 adet veri paketi başarıyla işlendi.
2026-08-20 13:17:50 [INFO] [WS-1] Toplam 18800 adet veri paketi başarıyla işlendi.
2026-08-20 13:17:50 [INFO] [WS-2] Toplam 16000 adet veri paketi başarıyla işlendi.
2026-08-20 13:17:52 [INFO] [BİLGİ] 2ZUSDT.P SMA 50'ye (Yukarı) dokundu. Referans: 0.052821, Hedef: 0.055462
2026-08-20 13:17:52 [INFO] [WS-1] Toplam 18900 adet veri paketi başarıyla işlendi.
2026-08-20 13:17:52 [INFO] [İPTAL] NMRUSDT.P tekrar SMA üstüne çıktı. Takip sıfırlandı.
2026-08-20 13:17:52 [INFO] [WS-2] Toplam 16100 adet veri paketi başarıyla işlendi.
2026-08-20 13:17:53 [INFO] [WS-4] Toplam 10300 adet veri paketi başarıyla işlendi.
2026-08-20 13:17:54 [INFO] [WS-3] Toplam 12500 adet veri paketi başarıyla işlendi.
2026-08-20 13:17:54 [INFO] [WS-1] Toplam 19000 adet veri paketi başarıyla işlendi.
2026-08-20 13:17:55 [INFO] [WS-2] Toplam 16200 adet veri paketi başarıyla işlendi.
2026-08-20 13:17:56 [INFO] [BİLGİ] ENSOUSDT.P SMA 50'ye (Yukarı) dokundu. Referans: 0.833136, Hedef: 0.874793
2026-08-20 13:17:56 [INFO] [WS-1] Toplam 19100 adet veri paketi başarıyla işlendi.
2026-08-20 13:17:56 [INFO] [WS-4] Toplam 10400 adet veri paketi başarıyla işlendi.
2026-08-20 13:17:56 [INFO] [WS-3] Toplam 12600 adet veri paketi başarıyla işlendi.
2026-08-20 13:17:57 [INFO] [WS-2] Toplam 16300 adet veri paketi başarıyla işlendi.
2026-08-20 13:17:57 [INFO] [WS-1] Toplam 19200 adet veri paketi başarıyla işlendi.
2026-08-20 13:17:58 [ERROR] Failed to fetch updates - TelegramConflictError: Telegram server says - Conflict: terminated by other getUpdates request; make sure that only one bot instance is running
2026-08-20 13:17:58 [WARNING] Sleep for 5.111639 seconds and try again... (tryings = 25, bot id = 8154127903)
2026-08-20 13:17:58 [INFO] [BİLGİ] HOLOUSDT.P SMA 50'ye (Yukarı) dokundu. Referans: 0.059453, Hedef: 0.062426
2026-08-20 13:17:59 [INFO] [WS-2] Toplam 16400 adet veri paketi başarıyla işlendi.
2026-08-20 13:17:59 [INFO] [WS-3] Toplam 12700 adet veri paketi başarıyla işlendi.
2026-08-20 13:17:59 [INFO] [WS-4] Toplam 10500 adet veri paketi başarıyla işlendi.
2026-08-20 13:17:59 [INFO] [WS-1] Toplam 19300 adet veri paketi başarıyla işlendi.
2026-08-20 13:18:00 [INFO] [WS-2] Toplam 16500 adet veri paketi başarıyla işlendi.
2026-08-20 13:18:00 [INFO] [WS-3] Toplam 12800 adet veri paketi başarıyla işlendi.
2026-08-20 13:18:00 [INFO] [İPTAL] HOLOUSDT.P tekrar SMA altına indi. Takip sıfırlandı.
2026-08-20 13:18:00 [INFO] [WS-1] Toplam 19400 adet veri paketi başarıyla işlendi.
2026-08-20 13:18:01 [INFO] [WS-1] Toplam 19500 adet veri paketi başarıyla işlendi.
2026-08-20 13:18:01 [INFO] [WS-2] Toplam 16600 adet veri paketi başarıyla işlendi.
2026-08-20 13:18:01 [INFO] [WS-4] Toplam 10600 adet veri paketi başarıyla işlendi.
2026-08-20 13:18:02 [INFO] [WS-3] Toplam 12900 adet veri paketi başarıyla işlendi.
2026-08-20 13:18:02 [INFO] [WS-1] Toplam 19600 adet veri paketi başarıyla işlendi.
2026-08-20 13:18:02 [INFO] [BİLGİ] RIFUSDT.P SMA 50'ye (Yukarı) dokundu. Referans: 0.077149, Hedef: 0.081006
2026-08-20 13:18:03 [INFO] [WS-2] Toplam 16700 adet veri paketi başarıyla işlendi.
2026-08-20 13:18:03 [INFO] [BİLGİ] RIVERUSDT.P SMA 50'ye (Yukarı) dokundu. Referans: 2.6848, Hedef: 2.8190
2026-08-20 13:18:03 [INFO] [BİLGİ] SAHARAUSDT.P SMA 50'ye (Yukarı) dokundu. Referans: 0.007805, Hedef: 0.008195
2026-08-20 13:18:04 [INFO] [WS-4] Toplam 10700 adet veri paketi başarıyla işlendi.
2026-08-20 13:18:04 [INFO] [WS-1] Toplam 19700 adet veri paketi başarıyla işlendi.
2026-08-20 13:18:04 [INFO] [WS-3] Toplam 13000 adet veri paketi başarıyla işlendi.
2026-08-20 13:18:04 [INFO] [WS-2] Toplam 16800 adet veri paketi başarıyla işlendi.
2026-08-20 13:18:04 [INFO] [WS-1] Toplam 19800 adet veri paketi başarıyla işlendi.
2026-08-20 13:18:05 [INFO] [WS-2] Toplam 16900 adet veri paketi başarıyla işlendi.
2026-08-20 13:18:05 [INFO] [WS-1] Toplam 19900 adet veri paketi başarıyla işlendi.
2026-08-20 13:18:06 [INFO] [WS-3] Toplam 13100 adet veri paketi başarıyla işlendi.
2026-08-20 13:18:06 [INFO] [WS-4] Toplam 10800 adet veri paketi başarıyla işlendi.
2026-08-20 13:18:06 [INFO] [WS-2] Toplam 17000 adet veri paketi başarıyla işlendi.
2026-08-20 13:18:07 [INFO] [WS-1] Toplam 20000 adet veri paketi başarıyla işlendi.
2026-08-20 13:18:07 [INFO] [BİLGİ] ESPORTSUSDT.P SMA 50'ye (Aşağı) dokundu. Referans: 0.016241, Hedef: 0.015429
2026-08-20 13:18:07 [INFO] [WS-2] Toplam 17100 adet veri paketi başarıyla işlendi.
2026-08-20 13:18:07 [INFO] [WS-1] Toplam 20100 adet veri paketi başarıyla işlendi.
2026-08-20 13:18:08 [INFO] [WS-3] Toplam 13200 adet veri paketi başarıyla işlendi.
2026-08-20 13:18:08 [INFO] [WS-1] Toplam 20200 adet veri paketi başarıyla işlendi.
2026-08-20 13:18:08 [INFO] [WS-4] Toplam 10900 adet veri paketi başarıyla işlendi.
2026-08-20 13:18:09 [ERROR] Failed to fetch updates - TelegramConflictError: Telegram server says - Conflict: terminated by other getUpdates request; make sure that only one bot instance is running
2026-08-20 13:18:09 [WARNING] Sleep for 4.932143 seconds and try again... (tryings = 26, bot id = 8154127903)
2026-08-20 13:18:09 [INFO] [BİLGİ] IRYSUSDT.P SMA 50'ye (Yukarı) dokundu. Referans: 0.013820, Hedef: 0.014511
2026-08-20 13:18:09 [INFO] [WS-2] Toplam 17200 adet veri paketi başarıyla işlendi.
2026-08-20 13:18:09 [INFO] [WS-3] Toplam 13300 adet veri paketi başarıyla işlendi.
2026-08-20 13:18:09 [INFO] [WS-1] Toplam 20300 adet veri paketi başarıyla işlendi.
2026-08-20 13:18:10 [INFO] [WS-2] Toplam 17300 adet veri paketi başarıyla işlendi.
2026-08-20 13:18:10 [INFO] [BİLGİ] HOLOUSDT.P SMA 50'ye (Yukarı) dokundu. Referans: 0.059453, Hedef: 0.062426
2026-08-20 13:18:11 [INFO] [WS-1] Toplam 20400 adet veri paketi başarıyla işlendi.
2026-08-20 13:18:11 [INFO] [WS-3] Toplam 13400 adet veri paketi başarıyla işlendi.
2026-08-20 13:18:11 [INFO] [WS-4] Toplam 11000 adet veri paketi başarıyla işlendi.
2026-08-20 13:18:11 [INFO] [WS-2] Toplam 17400 adet veri paketi başarıyla işlendi.
2026-08-20 13:18:12 [INFO] [WS-1] Toplam 20500 adet veri paketi başarıyla işlendi.
2026-08-20 13:18:13 [INFO] [WS-2] Toplam 17500 adet veri paketi başarıyla işlendi.
2026-08-20 13:18:13 [INFO] [WS-1] Toplam 20600 adet veri paketi başarıyla işlendi.
2026-08-20 13:18:14 [INFO] [WS-3] Toplam 13500 adet veri paketi başarıyla işlendi.
2026-08-20 13:18:14 [INFO] [WS-4] Toplam 11100 adet veri paketi başarıyla işlendi.
2026-08-20 13:18:14 [INFO] [WS-1] Toplam 20700 adet veri paketi başarıyla işlendi.
2026-08-20 13:18:15 [INFO] [WS-2] Toplam 17600 adet veri paketi başarıyla işlendi.
2026-08-20 13:18:16 [INFO] [WS-1] Toplam 20800 adet veri paketi başarıyla işlendi.
2026-08-20 13:18:17 [INFO] [WS-3] Toplam 13600 adet veri paketi başarıyla işlendi.
2026-08-20 13:18:17 [INFO] [WS-2] Toplam 17700 adet veri paketi başarıyla işlendi.
2026-08-20 13:18:17 [INFO] [WS-4] Toplam 11200 adet veri paketi başarıyla işlendi.
2026-08-20 13:18:17 [INFO] [WS-1] Toplam 20900 adet veri paketi başarıyla işlendi.
2026-08-20 13:18:17 [INFO] [İPTAL] HOLOUSDT.P tekrar SMA altına indi. Takip sıfırlandı.
2026-08-20 13:18:18 [INFO] [WS-1] Toplam 21000 adet veri paketi başarıyla işlendi.
2026-08-20 13:18:18 [INFO] [WS-2] Toplam 17800 adet veri paketi başarıyla işlendi.
2026-08-20 13:18:19 [ERROR] Failed to fetch updates - TelegramConflictError: Telegram server says - Conflict: terminated by other getUpdates request; make sure that only one bot instance is running
2026-08-20 13:18:19 [WARNING] Sleep for 5.102330 seconds and try again... (tryings = 27, bot id = 8154127903)
2026-08-20 13:18:19 [INFO] [İPTAL] RIFUSDT.P tekrar SMA altına indi. Takip sıfırlandı.
2026-08-20 13:18:19 [INFO] [WS-3] Toplam 13700 adet veri paketi başarıyla işlendi.
2026-08-20 13:18:20 [INFO] [WS-1] Toplam 21100 adet veri paketi başarıyla işlendi.
2026-08-20 13:18:20 [INFO] [WS-4] Toplam 11300 adet veri paketi başarıyla işlendi.
2026-08-20 13:18:20 [INFO] [WS-2] Toplam 17900 adet veri paketi başarıyla işlendi.
2026-08-20 13:18:21 [INFO] [WS-1] Toplam 21200 adet veri paketi başarıyla işlendi.
2026-08-20 13:18:22 [INFO] [WS-3] Toplam 13800 adet veri paketi başarıyla işlendi.
2026-08-20 13:18:22 [INFO] [WS-2] Toplam 18000 adet veri paketi başarıyla işlendi.
2026-08-20 13:18:22 [INFO] [İPTAL] SAHARAUSDT.P tekrar SMA altına indi. Takip sıfırlandı.
2026-08-20 13:18:23 [INFO] [WS-1] Toplam 21300 adet veri paketi başarıyla işlendi.
2026-08-20 13:18:23 [INFO] [WS-4] Toplam 11400 adet veri paketi başarıyla işlendi.
2026-08-20 13:18:24 [INFO] [WS-2] Toplam 18100 adet veri paketi başarıyla işlendi.
2026-08-20 13:18:25 [INFO] [WS-1] Toplam 21400 adet veri paketi başarıyla işlendi.
2026-08-20 13:18:25 [INFO] [WS-3] Toplam 13900 adet veri paketi başarıyla işlendi.
2026-08-20 13:18:26 [INFO] [WS-1] Toplam 21500 adet veri paketi başarıyla işlendi.
2026-08-20 13:18:26 [INFO] [WS-2] Toplam 18200 adet veri paketi başarıyla işlendi.
2026-08-20 13:18:26 [INFO] [WS-4] Toplam 11500 adet veri paketi başarıyla işlendi.
2026-08-20 13:18:27 [INFO] [WS-3] Toplam 14000 adet veri paketi başarıyla işlendi.
2026-08-20 13:18:28 [INFO] [WS-1] Toplam 21600 adet veri paketi başarıyla işlendi.
2026-08-20 13:18:28 [INFO] [WS-2] Toplam 18300 adet veri paketi başarıyla işlendi.
2026-08-20 13:18:29 [INFO] [WS-4] Toplam 11600 adet veri paketi başarıyla işlendi.
2026-08-20 13:18:29 [INFO] [WS-1] Toplam 21700 adet veri paketi başarıyla işlendi.
2026-08-20 13:18:29 [ERROR] Failed to fetch updates - TelegramConflictError: Telegram server says - Conflict: terminated by other getUpdates request; make sure that only one bot instance is running
2026-08-20 13:18:29 [WARNING] Sleep for 4.952873 seconds and try again... (tryings = 28, bot id = 8154127903)
2026-08-20 13:18:30 [INFO] [WS-2] Toplam 18400 adet veri paketi başarıyla işlendi.
2026-08-20 13:18:31 [INFO] [WS-3] Toplam 14100 adet veri paketi başarıyla işlendi.
2026-08-20 13:18:31 [INFO] [WS-1] Toplam 21800 adet veri paketi başarıyla işlendi.
2026-08-20 13:18:32 [INFO] [WS-2] Toplam 18500 adet veri paketi başarıyla işlendi.
2026-08-20 13:18:32 [INFO] [WS-1] Toplam 21900 adet veri paketi başarıyla işlendi.
2026-08-20 13:18:32 [INFO] [WS-4] Toplam 11700 adet veri paketi başarıyla işlendi.
2026-08-20 13:18:33 [INFO] [WS-3] Toplam 14200 adet veri paketi başarıyla işlendi.
2026-08-20 13:18:33 [INFO] [WS-2] Toplam 18600 adet veri paketi başarıyla işlendi.
2026-08-20 13:18:34 [INFO] [WS-1] Toplam 22000 adet veri paketi başarıyla işlendi.
2026-08-20 13:18:34 [INFO] [BİLGİ] COAIUSDT.P SMA 50'ye (Aşağı) dokundu. Referans: 0.312656, Hedef: 0.297023
2026-08-20 13:18:35 [INFO] [WS-4] Toplam 11800 adet veri paketi başarıyla işlendi.
2026-08-20 13:18:35 [INFO] [WS-2] Toplam 18700 adet veri paketi başarıyla işlendi.
2026-08-20 13:18:35 [INFO] [WS-1] Toplam 22100 adet veri paketi başarıyla işlendi.
2026-08-20 13:18:36 [INFO] [WS-3] Toplam 14300 adet veri paketi başarıyla işlendi.
2026-08-20 13:18:37 [INFO] [WS-1] Toplam 22200 adet veri paketi başarıyla işlendi.
2026-08-20 13:18:37 [INFO] [WS-4] Toplam 11900 adet veri paketi başarıyla işlendi.
2026-08-20 13:18:38 [INFO] [WS-2] Toplam 18800 adet veri paketi başarıyla işlendi.
2026-08-20 13:18:38 [INFO] [BİLGİ] ZORAUSDT.P SMA 50'ye (Aşağı) dokundu. Referans: 0.005111, Hedef: 0.004855
2026-08-20 13:18:39 [INFO] [WS-1] Toplam 22300 adet veri paketi başarıyla işlendi.
2026-08-20 13:18:40 [INFO] [WS-3] Toplam 14400 adet veri paketi başarıyla işlendi.
2026-08-20 13:18:40 [INFO] [WS-2] Toplam 18900 adet veri paketi başarıyla işlendi.
2026-08-20 13:18:40 [ERROR] Failed to fetch updates - TelegramConflictError: Telegram server says - Conflict: terminated by other getUpdates request; make sure that only one bot instance is running
2026-08-20 13:18:40 [WARNING] Sleep for 4.887910 seconds and try again... (tryings = 29, bot id = 8154127903)
2026-08-20 13:18:41 [INFO] [WS-4] Toplam 12000 adet veri paketi başarıyla işlendi.
2026-08-20 13:18:41 [INFO] [BİLGİ] EVAAUSDT.P SMA 50'ye (Aşağı) dokundu. Referans: 0.766132, Hedef: 0.727825
2026-08-20 13:18:41 [INFO] [WS-1] Toplam 22400 adet veri paketi başarıyla işlendi.
2026-08-20 13:18:42 [INFO] [WS-2] Toplam 19000 adet veri paketi başarıyla işlendi.
2026-08-20 13:18:42 [INFO] [WS-3] Toplam 14500 adet veri paketi başarıyla işlendi.
2026-08-20 13:18:43 [INFO] [WS-1] Toplam 22500 adet veri paketi başarıyla işlendi.
2026-08-20 13:18:45 [INFO] [WS-4] Toplam 12100 adet veri paketi başarıyla işlendi.
2026-08-20 13:18:45 [INFO] [WS-2] Toplam 19100 adet veri paketi başarıyla işlendi.
2026-08-20 13:18:45 [INFO] [WS-1] Toplam 22600 adet veri paketi başarıyla işlendi.
2026-08-20 13:18:46 [INFO] [WS-3] Toplam 14600 adet veri paketi başarıyla işlendi.
2026-08-20 13:18:47 [INFO] [WS-1] Toplam 22700 adet veri paketi başarıyla işlendi.
2026-08-20 13:18:47 [INFO] [WS-2] Toplam 19200 adet veri paketi başarıyla işlendi.
2026-08-20 13:18:47 [INFO] [İPTAL] COAIUSDT.P tekrar SMA üstüne çıktı. Takip sıfırlandı.
2026-08-20 13:18:48 [INFO] [WS-4] Toplam 12200 adet veri paketi başarıyla işlendi.
2026-08-20 13:18:48 [INFO] [İPTAL] ZORAUSDT.P tekrar SMA üstüne çıktı. Takip sıfırlandı.
2026-08-20 13:18:49 [INFO] [WS-3] Toplam 14700 adet veri paketi başarıyla işlendi.
2026-08-20 13:18:49 [INFO] [WS-1] Toplam 22800 adet veri paketi başarıyla işlendi.
2026-08-20 13:18:49 [INFO] [WS-2] Toplam 19300 adet veri paketi başarıyla işlendi.
2026-08-20 13:18:50 [ERROR] Failed to fetch updates - TelegramConflictError: Telegram server says - Conflict: terminated by other getUpdates request; make sure that only one bot instance is running
2026-08-20 13:18:50 [WARNING] Sleep for 5.108274 seconds and try again... (tryings = 30, bot id = 8154127903)
2026-08-20 13:18:51 [INFO] [WS-1] Toplam 22900 adet veri paketi başarıyla işlendi.
2026-08-20 13:18:51 [INFO] [WS-4] Toplam 12300 adet veri paketi başarıyla işlendi.
2026-08-20 13:18:51 [INFO] [WS-3] Toplam 14800 adet veri paketi başarıyla işlendi.
2026-08-20 13:18:51 [INFO] [WS-2] Toplam 19400 adet veri paketi başarıyla işlendi.
2026-08-20 13:18:52 [INFO] [WS-1] Toplam 23000 adet veri paketi başarıyla işlendi.
2026-08-20 13:18:54 [INFO] [WS-4] Toplam 12400 adet veri paketi başarıyla işlendi.
2026-08-20 13:18:54 [INFO] [WS-3] Toplam 14900 adet veri paketi başarıyla işlendi.
2026-08-20 13:18:54 [INFO] [WS-2] Toplam 19500 adet veri paketi başarıyla işlendi.
2026-08-20 13:18:54 [INFO] [WS-1] Toplam 23100 adet veri paketi başarıyla işlendi.
2026-08-20 13:18:55 [INFO] [İPTAL] BULLAUSDT.P tekrar SMA üstüne çıktı. Takip sıfırlandı.
2026-08-20 13:18:56 [INFO] [WS-1] Toplam 23200 adet veri paketi başarıyla işlendi.
2026-08-20 13:18:56 [INFO] [WS-2] Toplam 19600 adet veri paketi başarıyla işlendi.
2026-08-20 13:18:57 [INFO] [WS-3] Toplam 15000 adet veri paketi başarıyla işlendi.
2026-08-20 13:18:58 [INFO] [WS-4] Toplam 12500 adet veri paketi başarıyla işlendi.
2026-08-20 13:18:58 [INFO] [WS-1] Toplam 23300 adet veri paketi başarıyla işlendi.
2026-08-20 13:18:59 [INFO] [WS-2] Toplam 19700 adet veri paketi başarıyla işlendi.
2026-08-20 13:19:00 [INFO] [WS-3] Toplam 15100 adet veri paketi başarıyla işlendi.
2026-08-20 13:19:00 [INFO] [WS-1] Toplam 23400 adet veri paketi başarıyla işlendi.
2026-08-20 13:19:00 [INFO] [WS-2] Toplam 19800 adet veri paketi başarıyla işlendi.
2026-08-20 13:19:00 [INFO] [WS-4] Toplam 12600 adet veri paketi başarıyla işlendi.
2026-08-20 13:19:00 [ERROR] Failed to fetch updates - TelegramConflictError: Telegram server says - Conflict: terminated by other getUpdates request; make sure that only one bot instance is running
2026-08-20 13:19:00 [WARNING] Sleep for 5.117278 seconds and try again... (tryings = 31, bot id = 8154127903)
2026-08-20 13:19:01 [INFO] [WS-3] Toplam 15200 adet veri paketi başarıyla işlendi.
2026-08-20 13:19:01 [INFO] [WS-1] Toplam 23500 adet veri paketi başarıyla işlendi.
2026-08-20 13:19:01 [INFO] [WS-2] Toplam 19900 adet veri paketi başarıyla işlendi.
2026-08-20 13:19:03 [INFO] [WS-1] Toplam 23600 adet veri paketi başarıyla işlendi.
2026-08-20 13:19:03 [INFO] [WS-2] Toplam 20000 adet veri paketi başarıyla işlendi.
2026-08-20 13:19:03 [INFO] [WS-3] Toplam 15300 adet veri paketi başarıyla işlendi.
2026-08-20 13:19:04 [INFO] [WS-4] Toplam 12700 adet veri paketi başarıyla işlendi.
2026-08-20 13:19:04 [INFO] [WS-1] Toplam 23700 adet veri paketi başarıyla işlendi.
2026-08-20 13:19:05 [INFO] [WS-2] Toplam 20100 adet veri paketi başarıyla işlendi.
2026-08-20 13:19:06 [INFO] [WS-1] Toplam 23800 adet veri paketi başarıyla işlendi.
2026-08-20 13:19:06 [INFO] [WS-3] Toplam 15400 adet veri paketi başarıyla işlendi.
2026-08-20 13:19:06 [INFO] [WS-2] Toplam 20200 adet veri paketi başarıyla işlendi.
2026-08-20 13:19:06 [INFO] [WS-4] Toplam 12800 adet veri paketi başarıyla işlendi.
2026-08-20 13:19:07 [INFO] [WS-1] Toplam 23900 adet veri paketi başarıyla işlendi.
2026-08-20 13:19:08 [INFO] [WS-3] Toplam 15500 adet veri paketi başarıyla işlendi.
2026-08-20 13:19:08 [INFO] [WS-2] Toplam 20300 adet veri paketi başarıyla işlendi.
2026-08-20 13:19:08 [INFO] [WS-1] Toplam 24000 adet veri paketi başarıyla işlendi.
2026-08-20 13:19:10 [INFO] [WS-4] Toplam 12900 adet veri paketi başarıyla işlendi.
2026-08-20 13:19:10 [INFO] [WS-1] Toplam 24100 adet veri paketi başarıyla işlendi.
2026-08-20 13:19:10 [INFO] [WS-2] Toplam 20400 adet veri paketi başarıyla işlendi.
2026-08-20 13:19:10 [INFO] [WS-3] Toplam 15600 adet veri paketi başarıyla işlendi.
2026-08-20 13:19:11 [ERROR] Failed to fetch updates - TelegramConflictError: Telegram server says - Conflict: terminated by other getUpdates request; make sure that only one bot instance is running
2026-08-20 13:19:11 [WARNING] Sleep for 5.010515 seconds and try again... (tryings = 32, bot id = 8154127903)
2026-08-20 13:19:12 [INFO] [WS-1] Toplam 24200 adet veri paketi başarıyla işlendi.
2026-08-20 13:19:12 [INFO] [WS-2] Toplam 20500 adet veri paketi başarıyla işlendi.
2026-08-20 13:19:12 [INFO] [İPTAL] EDENUSDT.P tekrar SMA altına indi. Takip sıfırlandı.
2026-08-20 13:19:12 [INFO] [WS-3] Toplam 15700 adet veri paketi başarıyla işlendi.
2026-08-20 13:19:12 [INFO] [WS-4] Toplam 13000 adet veri paketi başarıyla işlendi.
2026-08-20 13:19:13 [INFO] [BİLGİ] RIFUSDT.P SMA 50'ye (Yukarı) dokundu. Referans: 0.077149, Hedef: 0.081006
2026-08-20 13:19:13 [INFO] [WS-1] Toplam 24300 adet veri paketi başarıyla işlendi.
2026-08-20 13:19:14 [INFO] [İPTAL] RIFUSDT.P tekrar SMA altına indi. Takip sıfırlandı.
2026-08-20 13:19:14 [INFO] [WS-2] Toplam 20600 adet veri paketi başarıyla işlendi.
2026-08-20 13:19:14 [INFO] [WS-3] Toplam 15800 adet veri paketi başarıyla işlendi.
2026-08-20 13:19:15 [INFO] [WS-1] Toplam 24400 adet veri paketi başarıyla işlendi.
2026-08-20 13:19:15 [INFO] [BİLGİ] EDENUSDT.P SMA 50'ye (Yukarı) dokundu. Referans: 0.054405, Hedef: 0.057126
2026-08-20 13:19:15 [INFO] [WS-4] Toplam 13100 adet veri paketi başarıyla işlendi.
2026-08-20 13:19:15 [INFO] [WS-2] Toplam 20700 adet veri paketi başarıyla işlendi.
2026-08-20 13:19:16 [INFO] [BİLGİ] RIFUSDT.P SMA 50'ye (Yukarı) dokundu. Referans: 0.077149, Hedef: 0.081006
2026-08-20 13:19:17 [INFO] [WS-1] Toplam 24500 adet veri paketi başarıyla işlendi.
2026-08-20 13:19:17 [INFO] [WS-3] Toplam 15900 adet veri paketi başarıyla işlendi.
2026-08-20 13:19:17 [INFO] [WS-2] Toplam 20800 adet veri paketi başarıyla işlendi.
2026-08-20 13:19:18 [INFO] [WS-4] Toplam 13200 adet veri paketi başarıyla işlendi.
2026-08-20 13:19:19 [INFO] [WS-1] Toplam 24600 adet veri paketi başarıyla işlendi.
2026-08-20 13:19:19 [INFO] [WS-2] Toplam 20900 adet veri paketi başarıyla işlendi.
2026-08-20 13:19:19 [INFO] [WS-3] Toplam 16000 adet veri paketi başarıyla işlendi.
2026-08-20 13:19:20 [INFO] [BİLGİ] VVVUSDT.P SMA 50'ye (Aşağı) dokundu. Referans: 14.2262, Hedef: 13.5149
2026-08-20 13:19:20 [INFO] [WS-1] Toplam 24700 adet veri paketi başarıyla işlendi.
2026-08-20 13:19:21 [INFO] [WS-2] Toplam 21000 adet veri paketi başarıyla işlendi.
2026-08-20 13:19:21 [ERROR] Failed to fetch updates - TelegramConflictError: Telegram server says - Conflict: terminated by other getUpdates request; make sure that only one bot instance is running
2026-08-20 13:19:21 [WARNING] Sleep for 4.957603 seconds and try again... (tryings = 33, bot id = 8154127903)
2026-08-20 13:19:22 [INFO] [WS-4] Toplam 13300 adet veri paketi başarıyla işlendi.
2026-08-20 13:19:22 [INFO] [WS-1] Toplam 24800 adet veri paketi başarıyla işlendi.
2026-08-20 13:19:22 [INFO] [WS-3] Toplam 16100 adet veri paketi başarıyla işlendi.
2026-08-20 13:19:24 [INFO] [WS-1] Toplam 24900 adet veri paketi başarıyla işlendi.
2026-08-20 13:19:24 [INFO] [WS-2] Toplam 21100 adet veri paketi başarıyla işlendi.
2026-08-20 13:19:25 [INFO] [WS-4] Toplam 13400 adet veri paketi başarıyla işlendi.
2026-08-20 13:19:25 [INFO] [WS-1] Toplam 25000 adet veri paketi başarıyla işlendi.
2026-08-20 13:19:26 [INFO] [WS-3] Toplam 16200 adet veri paketi başarıyla işlendi.
2026-08-20 13:19:26 [INFO] [WS-2] Toplam 21200 adet veri paketi başarıyla işlendi.
2026-08-20 13:19:27 [INFO] [WS-1] Toplam 25100 adet veri paketi başarıyla işlendi.
2026-08-20 13:19:27 [INFO] [İPTAL] RIFUSDT.P tekrar SMA altına indi. Takip sıfırlandı.
2026-08-20 13:19:28 [INFO] [WS-2] Toplam 21300 adet veri paketi başarıyla işlendi.
2026-08-20 13:19:28 [INFO] [WS-3] Toplam 16300 adet veri paketi başarıyla işlendi.
2026-08-20 13:19:28 [INFO] [WS-1] Toplam 25200 adet veri paketi başarıyla işlendi.
2026-08-20 13:19:28 [INFO] [WS-4] Toplam 13500 adet veri paketi başarıyla işlendi.
2026-08-20 13:19:29 [INFO] [WS-2] Toplam 21400 adet veri paketi başarıyla işlendi.
2026-08-20 13:19:30 [INFO] [WS-1] Toplam 25300 adet veri paketi başarıyla işlendi.
2026-08-20 13:19:31 [INFO] [WS-3] Toplam 16400 adet veri paketi başarıyla işlendi.
2026-08-20 13:19:32 [INFO] [WS-2] Toplam 21500 adet veri paketi başarıyla işlendi.
2026-08-20 13:19:32 [ERROR] Failed to fetch updates - TelegramConflictError: Telegram server says - Conflict: terminated by other getUpdates request; make sure that only one bot instance is running
2026-08-20 13:19:32 [WARNING] Sleep for 5.103285 seconds and try again... (tryings = 34, bot id = 8154127903)
2026-08-20 13:19:32 [INFO] [WS-1] Toplam 25400 adet veri paketi başarıyla işlendi.
2026-08-20 13:19:32 [INFO] [WS-4] Toplam 13600 adet veri paketi başarıyla işlendi.
2026-08-20 13:19:34 [INFO] [WS-2] Toplam 21600 adet veri paketi başarıyla işlendi.
2026-08-20 13:19:34 [INFO] [WS-1] Toplam 25500 adet veri paketi başarıyla işlendi.
2026-08-20 13:19:34 [INFO] [WS-3] Toplam 16500 adet veri paketi başarıyla işlendi.
2026-08-20 13:19:35 [INFO] [WS-4] Toplam 13700 adet veri paketi başarıyla işlendi.
2026-08-20 13:19:36 [INFO] [WS-1] Toplam 25600 adet veri paketi başarıyla işlendi.
2026-08-20 13:19:37 [INFO] [WS-2] Toplam 21700 adet veri paketi başarıyla işlendi.
2026-08-20 13:19:37 [INFO] [WS-3] Toplam 16600 adet veri paketi başarıyla işlendi.
2026-08-20 13:19:37 [INFO] [WS-1] Toplam 25700 adet veri paketi başarıyla işlendi.
2026-08-20 13:19:38 [INFO] [WS-2] Toplam 21800 adet veri paketi başarıyla işlendi.
2026-08-20 13:19:38 [INFO] [WS-1] Toplam 25800 adet veri paketi başarıyla işlendi.
2026-08-20 13:19:39 [INFO] [WS-4] Toplam 13800 adet veri paketi başarıyla işlendi.
2026-08-20 13:19:40 [INFO] [WS-3] Toplam 16700 adet veri paketi başarıyla işlendi.
2026-08-20 13:19:40 [INFO] [WS-1] Toplam 25900 adet veri paketi başarıyla işlendi.
2026-08-20 13:19:40 [INFO] [WS-2] Toplam 21900 adet veri paketi başarıyla işlendi.
2026-08-20 13:19:41 [INFO] [İPTAL] EDENUSDT.P tekrar SMA altına indi. Takip sıfırlandı.
2026-08-20 13:19:42 [INFO] [WS-4] Toplam 13900 adet veri paketi başarıyla işlendi.
2026-08-20 13:19:42 [INFO] [WS-1] Toplam 26000 adet veri paketi başarıyla işlendi.
2026-08-20 13:19:42 [ERROR] Failed to fetch updates - TelegramConflictError: Telegram server says - Conflict: terminated by other getUpdates request; make sure that only one bot instance is running
2026-08-20 13:19:42 [WARNING] Sleep for 4.940840 seconds and try again... (tryings = 35, bot id = 8154127903)
2026-08-20 13:19:43 [INFO] [WS-2] Toplam 22000 adet veri paketi başarıyla işlendi.
2026-08-20 13:19:43 [INFO] [WS-3] Toplam 16800 adet veri paketi başarıyla işlendi.
2026-08-20 13:19:44 [INFO] [WS-1] Toplam 26100 adet veri paketi başarıyla işlendi.
2026-08-20 13:19:45 [INFO] [WS-2] Toplam 22100 adet veri paketi başarıyla işlendi.
2026-08-20 13:19:46 [INFO] [WS-4] Toplam 14000 adet veri paketi başarıyla işlendi.
2026-08-20 13:19:46 [INFO] [WS-1] Toplam 26200 adet veri paketi başarıyla işlendi.
2026-08-20 13:19:46 [INFO] [WS-3] Toplam 16900 adet veri paketi başarıyla işlendi.
2026-08-20 13:19:47 [INFO] [WS-2] Toplam 22200 adet veri paketi başarıyla işlendi.
2026-08-20 13:19:48 [INFO] [WS-1] Toplam 26300 adet veri paketi başarıyla işlendi.
2026-08-20 13:19:49 [INFO] [WS-4] Toplam 14100 adet veri paketi başarıyla işlendi.
2026-08-20 13:19:49 [INFO] [İPTAL] RIVERUSDT.P tekrar SMA altına indi. Takip sıfırlandı.
2026-08-20 13:19:49 [INFO] [WS-3] Toplam 17000 adet veri paketi başarıyla işlendi.
2026-08-20 13:19:49 [INFO] [İPTAL] TAGUSDT.P tekrar SMA altına indi. Takip sıfırlandı.
2026-08-20 13:19:49 [INFO] [BİLGİ] XANUSDT.P SMA 50'ye (Aşağı) dokundu. Referans: 0.011014, Hedef: 0.010463
2026-08-20 13:19:50 [INFO] [WS-1] Toplam 26400 adet veri paketi başarıyla işlendi.
2026-08-20 13:19:50 [INFO] [WS-2] Toplam 22300 adet veri paketi başarıyla işlendi.
2026-08-20 13:19:52 [INFO] [WS-4] Toplam 14200 adet veri paketi başarıyla işlendi.
2026-08-20 13:19:52 [INFO] [WS-1] Toplam 26500 adet veri paketi başarıyla işlendi.
2026-08-20 13:19:52 [INFO] [BİLGİ] RIVERUSDT.P SMA 50'ye (Yukarı) dokundu. Referans: 2.6848, Hedef: 2.8190
2026-08-20 13:19:52 [INFO] [WS-3] Toplam 17100 adet veri paketi başarıyla işlendi.
2026-08-20 13:19:52 [INFO] [WS-2] Toplam 22400 adet veri paketi başarıyla işlendi.
2026-08-20 13:19:53 [ERROR] Failed to fetch updates - TelegramConflictError: Telegram server says - Conflict: terminated by other getUpdates request; make sure that only one bot instance is running
2026-08-20 13:19:53 [WARNING] Sleep for 5.140355 seconds and try again... (tryings = 36, bot id = 8154127903)
2026-08-20 13:19:53 [INFO] [BİLGİ] TAGUSDT.P SMA 50'ye (Yukarı) dokundu. Referans: 0.000938, Hedef: 0.000985
2026-08-20 13:19:53 [INFO] [WS-1] Toplam 26600 adet veri paketi başarıyla işlendi.
2026-08-20 13:19:54 [INFO] [WS-2] Toplam 22500 adet veri paketi başarıyla işlendi.
2026-08-20 13:19:54 [INFO] [WS-3] Toplam 17200 adet veri paketi başarıyla işlendi.
2026-08-20 13:19:55 [INFO] [WS-1] Toplam 26700 adet veri paketi başarıyla işlendi.
2026-08-20 13:19:55 [INFO] [WS-4] Toplam 14300 adet veri paketi başarıyla işlendi.
2026-08-20 13:19:55 [INFO] [WS-2] Toplam 22600 adet veri paketi başarıyla işlendi.
2026-08-20 13:19:56 [INFO] [WS-3] Toplam 17300 adet veri paketi başarıyla işlendi.
2026-08-20 13:19:56 [INFO] [WS-1] Toplam 26800 adet veri paketi başarıyla işlendi.
2026-08-20 13:19:56 [INFO] [BİLGİ] BROCCOLIF3BUSDT.P SMA 50'ye (Yukarı) dokundu. Referans: 0.006368, Hedef: 0.006686
2026-08-20 13:19:57 [INFO] [WS-2] Toplam 22700 adet veri paketi başarıyla işlendi.
2026-08-20 13:19:57 [INFO] [İPTAL] XANUSDT.P tekrar SMA üstüne çıktı. Takip sıfırlandı.
2026-08-20 13:19:57 [INFO] [WS-1] Toplam 26900 adet veri paketi başarıyla işlendi.
2026-08-20 13:19:57 [INFO] [WS-3] Toplam 17400 adet veri paketi başarıyla işlendi.
2026-08-20 13:19:57 [INFO] [WS-4] Toplam 14400 adet veri paketi başarıyla işlendi.
2026-08-20 13:19:59 [INFO] [WS-1] Toplam 27000 adet veri paketi başarıyla işlendi.
2026-08-20 13:19:59 [INFO] [WS-2] Toplam 22800 adet veri paketi başarıyla işlendi.
2026-08-20 13:20:00 [INFO] [ZAMAN AŞIMI] BEATUSDT.P 15 dk içinde hedefe ulaşamadı. İptal edildi.
2026-08-20 13:20:00 [INFO] [BİLGİ] LSKUSDT.P SMA 50'ye (Aşağı) dokundu. Referans: 0.083490, Hedef: 0.079316
2026-08-20 13:20:00 [INFO] [WS-3] Toplam 17500 adet veri paketi başarıyla işlendi.
2026-08-20 13:20:00 [INFO] [WS-2] Toplam 22900 adet veri paketi başarıyla işlendi.
2026-08-20 13:20:00 [INFO] [WS-4] Toplam 14500 adet veri paketi başarıyla işlendi.
2026-08-20 13:20:00 [INFO] [BİLGİ] TSTUSDT.P SMA 50'ye (Yukarı) dokundu. Referans: 0.015132, Hedef: 0.015889
2026-08-20 13:20:00 [INFO] [WS-1] Toplam 27100 adet veri paketi başarıyla işlendi.
2026-08-20 13:20:01 [INFO] [WS-1] Toplam 27200 adet veri paketi başarıyla işlendi.
2026-08-20 13:20:01 [INFO] [WS-2] Toplam 23000 adet veri paketi başarıyla işlendi.
2026-08-20 13:20:02 [INFO] [WS-3] Toplam 17600 adet veri paketi başarıyla işlendi.
2026-08-20 13:20:03 [INFO] [İPTAL] BROCCOLIF3BUSDT.P tekrar SMA altına indi. Takip sıfırlandı.
2026-08-20 13:20:03 [INFO] [WS-3] Toplam 17700 adet veri paketi başarıyla işlendi.
2026-08-20 13:20:03 [INFO] [WS-2] Toplam 23100 adet veri paketi başarıyla işlendi.
2026-08-20 13:20:03 [INFO] [WS-1] Toplam 27300 adet veri paketi başarıyla işlendi.
2026-08-20 13:20:03 [INFO] [WS-4] Toplam 14600 adet veri paketi başarıyla işlendi.
2026-08-20 13:20:03 [INFO] [İPTAL] TSTUSDT.P tekrar SMA altına indi. Takip sıfırlandı.
2026-08-20 13:20:03 [ERROR] Failed to fetch updates - TelegramConflictError: Telegram server says - Conflict: terminated by other getUpdates request; make sure that only one bot instance is running
2026-08-20 13:20:03 [WARNING] Sleep for 4.886768 seconds and try again... (tryings = 37, bot id = 8154127903)
2026-08-20 13:20:03 [INFO] [İPTAL] ESPORTSUSDT.P tekrar SMA üstüne çıktı. Takip sıfırlandı.
2026-08-20 13:20:04 [INFO] [WS-1] Toplam 27400 adet veri paketi başarıyla işlendi.
2026-08-20 13:20:04 [INFO] [WS-2] Toplam 23200 adet veri paketi başarıyla işlendi.
2026-08-20 13:20:04 [INFO] [İPTAL] VVVUSDT.P tekrar SMA üstüne çıktı. Takip sıfırlandı.
2026-08-20 13:20:05 [INFO] [WS-1] Toplam 27500 adet veri paketi başarıyla işlendi.
2026-08-20 13:20:05 [INFO] [WS-3] Toplam 17800 adet veri paketi başarıyla işlendi.
2026-08-20 13:20:05 [INFO] [WS-4] Toplam 14700 adet veri paketi başarıyla işlendi.
2026-08-20 13:20:06 [INFO] [WS-2] Toplam 23300 adet veri paketi başarıyla işlendi.
2026-08-20 13:20:06 [INFO] [WS-1] Toplam 27600 adet veri paketi başarıyla işlendi.
2026-08-20 13:20:07 [INFO] [WS-3] Toplam 17900 adet veri paketi başarıyla işlendi.
2026-08-20 13:20:07 [INFO] [WS-2] Toplam 23400 adet veri paketi başarıyla işlendi.
2026-08-20 13:20:08 [INFO] [WS-1] Toplam 27700 adet veri paketi başarıyla işlendi.
2026-08-20 13:20:08 [INFO] [WS-4] Toplam 14800 adet veri paketi başarıyla işlendi.
2026-08-20 13:20:08 [INFO] [BİLGİ] ZORAUSDT.P SMA 50'ye (Aşağı) dokundu. Referans: 0.005112, Hedef: 0.004857
2026-08-20 13:20:09 [INFO] [WS-3] Toplam 18000 adet veri paketi başarıyla işlendi.
2026-08-20 13:20:09 [INFO] [WS-2] Toplam 23500 adet veri paketi başarıyla işlendi.
2026-08-20 13:20:09 [INFO] [WS-1] Toplam 27800 adet veri paketi başarıyla işlendi.
2026-08-20 13:20:09 [INFO] [WS-1] Toplam 27900 adet veri paketi başarıyla işlendi.
2026-08-20 13:20:10 [INFO] [WS-2] Toplam 23600 adet veri paketi başarıyla işlendi.
2026-08-20 13:20:10 [INFO] [WS-3] Toplam 18100 adet veri paketi başarıyla işlendi.
2026-08-20 13:20:10 [INFO] [WS-4] Toplam 14900 adet veri paketi başarıyla işlendi.
2026-08-20 13:20:10 [INFO] [BİLGİ] RIFUSDT.P SMA 50'ye (Yukarı) dokundu. Referans: 0.077144, Hedef: 0.081001
2026-08-20 13:20:11 [INFO] [WS-1] Toplam 28000 adet veri paketi başarıyla işlendi.
2026-08-20 13:20:11 [INFO] [WS-2] Toplam 23700 adet veri paketi başarıyla işlendi.
2026-08-20 13:20:11 [INFO] [WS-1] Toplam 28100 adet veri paketi başarıyla işlendi.
2026-08-20 13:20:12 [INFO] [WS-3] Toplam 18200 adet veri paketi başarıyla işlendi.
2026-08-20 13:20:13 [INFO] [WS-1] Toplam 28200 adet veri paketi başarıyla işlendi.
2026-08-20 13:20:13 [INFO] [İPTAL] RIFUSDT.P tekrar SMA altına indi. Takip sıfırlandı.
2026-08-20 13:20:13 [INFO] [WS-2] Toplam 23800 adet veri paketi başarıyla işlendi.
2026-08-20 13:20:13 [INFO] [WS-4] Toplam 15000 adet veri paketi başarıyla işlendi.
2026-08-20 13:20:13 [INFO] [WS-3] Toplam 18300 adet veri paketi başarıyla işlendi.
2026-08-20 13:20:13 [INFO] [WS-1] Toplam 28300 adet veri paketi başarıyla işlendi.
2026-08-20 13:20:13 [ERROR] Failed to fetch updates - TelegramConflictError: Telegram server says - Conflict: terminated by other getUpdates request; make sure that only one bot instance is running
2026-08-20 13:20:13 [WARNING] Sleep for 4.915508 seconds and try again... (tryings = 38, bot id = 8154127903)
2026-08-20 13:20:14 [INFO] [WS-2] Toplam 23900 adet veri paketi başarıyla işlendi.
2026-08-20 13:20:14 [INFO] [WS-1] Toplam 28400 adet veri paketi başarıyla işlendi.
2026-08-20 13:20:14 [INFO] [WS-3] Toplam 18400 adet veri paketi başarıyla işlendi.
2026-08-20 13:20:14 [INFO] [WS-4] Toplam 15100 adet veri paketi başarıyla işlendi.
2026-08-20 13:20:15 [INFO] [WS-2] Toplam 24000 adet veri paketi başarıyla işlendi.
2026-08-20 13:20:16 [INFO] [WS-1] Toplam 28500 adet veri paketi başarıyla işlendi.
2026-08-20 13:20:16 [INFO] [İPTAL] EVAAUSDT.P tekrar SMA üstüne çıktı. Takip sıfırlandı.
2026-08-20 13:20:16 [INFO] [WS-2] Toplam 24100 adet veri paketi başarıyla işlendi.
2026-08-20 13:20:16 [INFO] [WS-3] Toplam 18500 adet veri paketi başarıyla işlendi.
2026-08-20 13:20:17 [INFO] [WS-4] Toplam 15200 adet veri paketi başarıyla işlendi.
2026-08-20 13:20:17 [INFO] [WS-1] Toplam 28600 adet veri paketi başarıyla işlendi.
2026-08-20 13:20:18 [INFO] [WS-2] Toplam 24200 adet veri paketi başarıyla işlendi.
2026-08-20 13:20:18 [INFO] [BİLGİ] EVAAUSDT.P SMA 50'ye (Aşağı) dokundu. Referans: 0.766076, Hedef: 0.727772
2026-08-20 13:20:18 [INFO] [WS-3] Toplam 18600 adet veri paketi başarıyla işlendi.
2026-08-20 13:20:19 [INFO] [WS-1] Toplam 28700 adet veri paketi başarıyla işlendi.
2026-08-20 13:20:20 [INFO] [WS-4] Toplam 15300 adet veri paketi başarıyla işlendi.
2026-08-20 13:20:21 [INFO] [WS-2] Toplam 24300 adet veri paketi başarıyla işlendi.
2026-08-20 13:20:21 [INFO] [WS-1] Toplam 28800 adet veri paketi başarıyla işlendi.
2026-08-20 13:20:21 [INFO] [WS-3] Toplam 18700 adet veri paketi başarıyla işlendi.
2026-08-20 13:20:22 [INFO] [WS-1] Toplam 28900 adet veri paketi başarıyla işlendi.
2026-08-20 13:20:23 [INFO] [BİLGİ] VVVUSDT.P SMA 50'ye (Aşağı) dokundu. Referans: 14.2277, Hedef: 13.5163
2026-08-20 13:20:23 [INFO] [WS-2] Toplam 24400 adet veri paketi başarıyla işlendi.
2026-08-20 13:20:24 [INFO] [WS-4] Toplam 15400 adet veri paketi başarıyla işlendi.
2026-08-20 13:20:24 [INFO] [İPTAL] XAUTUSDT.P tekrar SMA altına indi. Takip sıfırlandı.
2026-08-20 13:20:24 [ERROR] Failed to fetch updates - TelegramConflictError: Telegram server says - Conflict: terminated by other getUpdates request; make sure that only one bot instance is running
2026-08-20 13:20:24 [WARNING] Sleep for 5.182178 seconds and try again... (tryings = 39, bot id = 8154127903)
2026-08-20 13:20:25 [INFO] [WS-1] Toplam 29000 adet veri paketi başarıyla işlendi.
2026-08-20 13:20:25 [INFO] [WS-3] Toplam 18800 adet veri paketi başarıyla işlendi.
2026-08-20 13:20:25 [INFO] [WS-2] Toplam 24500 adet veri paketi başarıyla işlendi.
2026-08-20 13:20:25 [INFO] [İPTAL] PAXGUSDT.P tekrar SMA altına indi. Takip sıfırlandı.
2026-08-20 13:20:26 [INFO] [WS-1] Toplam 29100 adet veri paketi başarıyla işlendi.
2026-08-20 13:20:26 [INFO] [BİLGİ] PAXGUSDT.P SMA 50'ye (Yukarı) dokundu. Referans: 4475.89, Hedef: 4699.69
2026-08-20 13:20:26 [INFO] [İPTAL] LSKUSDT.P tekrar SMA üstüne çıktı. Takip sıfırlandı.
2026-08-20 13:20:26 [INFO] [WS-4] Toplam 15500 adet veri paketi başarıyla işlendi.
2026-08-20 13:20:27 [INFO] [WS-2] Toplam 24600 adet veri paketi başarıyla işlendi.
2026-08-20 13:20:27 [INFO] [WS-1] Toplam 29200 adet veri paketi başarıyla işlendi.
2026-08-20 13:20:27 [INFO] [WS-3] Toplam 18900 adet veri paketi başarıyla işlendi.
2026-08-20 13:20:29 [INFO] [WS-1] Toplam 29300 adet veri paketi başarıyla işlendi.
2026-08-20 13:20:29 [INFO] [WS-2] Toplam 24700 adet veri paketi başarıyla işlendi.
2026-08-20 13:20:29 [INFO] [WS-4] Toplam 15600 adet veri paketi başarıyla işlendi.
2026-08-20 13:20:30 [INFO] [WS-3] Toplam 19000 adet veri paketi başarıyla işlendi.
2026-08-20 13:20:31 [INFO] [WS-1] Toplam 29400 adet veri paketi başarıyla işlendi.
2026-08-20 13:20:31 [INFO] [WS-2] Toplam 24800 adet veri paketi başarıyla işlendi.
2026-08-20 13:20:32 [INFO] [İPTAL] VVVUSDT.P tekrar SMA üstüne çıktı. Takip sıfırlandı.
2026-08-20 13:20:32 [INFO] [WS-4] Toplam 15700 adet veri paketi başarıyla işlendi.
2026-08-20 13:20:32 [INFO] [WS-1] Toplam 29500 adet veri paketi başarıyla işlendi.
2026-08-20 13:20:33 [INFO] [İPTAL] PAXGUSDT.P tekrar SMA altına indi. Takip sıfırlandı.
2026-08-20 13:20:33 [INFO] [WS-3] Toplam 19100 adet veri paketi başarıyla işlendi.
2026-08-20 13:20:33 [INFO] [WS-2] Toplam 24900 adet veri paketi başarıyla işlendi.
2026-08-20 13:20:34 [ERROR] Failed to fetch updates - TelegramConflictError: Telegram server says - Conflict: terminated by other getUpdates request; make sure that only one bot instance is running
2026-08-20 13:20:34 [WARNING] Sleep for 4.971335 seconds and try again... (tryings = 40, bot id = 8154127903)
2026-08-20 13:20:35 [INFO] [WS-1] Toplam 29600 adet veri paketi başarıyla işlendi.
2026-08-20 13:20:36 [INFO] [WS-2] Toplam 25000 adet veri paketi başarıyla işlendi.
2026-08-20 13:20:36 [INFO] [WS-3] Toplam 19200 adet veri paketi başarıyla işlendi.
2026-08-20 13:20:36 [INFO] [WS-4] Toplam 15800 adet veri paketi başarıyla işlendi.
2026-08-20 13:20:37 [INFO] [WS-1] Toplam 29700 adet veri paketi başarıyla işlendi.
2026-08-20 13:20:38 [INFO] [WS-2] Toplam 25100 adet veri paketi başarıyla işlendi.
2026-08-20 13:20:39 [INFO] [WS-3] Toplam 19300 adet veri paketi başarıyla işlendi.
2026-08-20 13:20:39 [INFO] [WS-1] Toplam 29800 adet veri paketi başarıyla işlendi.
2026-08-20 13:20:39 [INFO] [WS-4] Toplam 15900 adet veri paketi başarıyla işlendi.
2026-08-20 13:20:40 [INFO] [WS-2] Toplam 25200 adet veri paketi başarıyla işlendi.
2026-08-20 13:20:41 [INFO] [WS-1] Toplam 29900 adet veri paketi başarıyla işlendi.
2026-08-20 13:20:42 [INFO] [BİLGİ] ESPORTSUSDT.P SMA 50'ye (Aşağı) dokundu. Referans: 0.016233, Hedef: 0.015421
2026-08-20 13:20:42 [INFO] [WS-2] Toplam 25300 adet veri paketi başarıyla işlendi.
2026-08-20 13:20:42 [INFO] [WS-4] Toplam 16000 adet veri paketi başarıyla işlendi.
2026-08-20 13:20:42 [INFO] [WS-3] Toplam 19400 adet veri paketi başarıyla işlendi.
2026-08-20 13:20:44 [INFO] [WS-1] Toplam 30000 adet veri paketi başarıyla işlendi.
2026-08-20 13:20:44 [INFO] [İPTAL] RIVERUSDT.P tekrar SMA altına indi. Takip sıfırlandı.
2026-08-20 13:20:44 [INFO] [WS-2] Toplam 25400 adet veri paketi başarıyla işlendi.
2026-08-20 13:20:44 [ERROR] Failed to fetch updates - TelegramConflictError: Telegram server says - Conflict: terminated by other getUpdates request; make sure that only one bot instance is running
2026-08-20 13:20:44 [WARNING] Sleep for 4.935839 seconds and try again... (tryings = 41, bot id = 8154127903)
2026-08-20 13:20:45 [INFO] [WS-3] Toplam 19500 adet veri paketi başarıyla işlendi.
2026-08-20 13:20:45 [INFO] [İPTAL] ESPORTSUSDT.P tekrar SMA üstüne çıktı. Takip sıfırlandı.
2026-08-20 13:20:45 [INFO] [WS-1] Toplam 30100 adet veri paketi başarıyla işlendi.
2026-08-20 13:20:45 [INFO] [WS-4] Toplam 16100 adet veri paketi başarıyla işlendi.
2026-08-20 13:20:46 [INFO] [WS-2] Toplam 25500 adet veri paketi başarıyla işlendi.
2026-08-20 13:20:46 [INFO] [BİLGİ] VVVUSDT.P SMA 50'ye (Aşağı) dokundu. Referans: 14.2277, Hedef: 13.5163
2026-08-20 13:20:47 [INFO] [WS-1] Toplam 30200 adet veri paketi başarıyla işlendi.
2026-08-20 13:20:47 [INFO] [WS-2] Toplam 25600 adet veri paketi başarıyla işlendi.
2026-08-20 13:20:47 [INFO] [İPTAL] VVVUSDT.P tekrar SMA üstüne çıktı. Takip sıfırlandı.
2026-08-20 13:20:48 [INFO] [WS-3] Toplam 19600 adet veri paketi başarıyla işlendi.
2026-08-20 13:20:49 [INFO] [WS-4] Toplam 16200 adet veri paketi başarıyla işlendi.
2026-08-20 13:20:49 [INFO] [WS-1] Toplam 30300 adet veri paketi başarıyla işlendi.
2026-08-20 13:20:49 [INFO] [WS-2] Toplam 25700 adet veri paketi başarıyla işlendi.
2026-08-20 13:20:51 [INFO] [WS-1] Toplam 30400 adet veri paketi başarıyla işlendi.
2026-08-20 13:20:51 [INFO] [WS-2] Toplam 25800 adet veri paketi başarıyla işlendi.
2026-08-20 13:20:52 [INFO] [WS-3] Toplam 19700 adet veri paketi başarıyla işlendi.
2026-08-20 13:20:52 [INFO] [WS-4] Toplam 16300 adet veri paketi başarıyla işlendi.
2026-08-20 13:20:54 [INFO] [WS-1] Toplam 30500 adet veri paketi başarıyla işlendi.
2026-08-20 13:20:54 [INFO] [WS-2] Toplam 25900 adet veri paketi başarıyla işlendi.
2026-08-20 13:20:54 [INFO] [BİLGİ] PAXGUSDT.P SMA 50'ye (Yukarı) dokundu. Referans: 4475.89, Hedef: 4699.68
2026-08-20 13:20:55 [ERROR] Failed to fetch updates - TelegramConflictError: Telegram server says - Conflict: terminated by other getUpdates request; make sure that only one bot instance is running
2026-08-20 13:20:55 [WARNING] Sleep for 4.825153 seconds and try again... (tryings = 42, bot id = 8154127903)
2026-08-20 13:20:55 [INFO] [WS-3] Toplam 19800 adet veri paketi başarıyla işlendi.
2026-08-20 13:20:55 [INFO] [BİLGİ] EDENUSDT.P SMA 50'ye (Yukarı) dokundu. Referans: 0.054403, Hedef: 0.057123
2026-08-20 13:20:56 [INFO] [WS-1] Toplam 30600 adet veri paketi başarıyla işlendi.
2026-08-20 13:20:56 [INFO] [WS-4] Toplam 16400 adet veri paketi başarıyla işlendi.
2026-08-20 13:20:56 [INFO] [WS-2] Toplam 26000 adet veri paketi başarıyla işlendi.
2026-08-20 13:20:57 [INFO] [BİLGİ] VVVUSDT.P SMA 50'ye (Aşağı) dokundu. Referans: 14.2277, Hedef: 13.5163
2026-08-20 13:20:58 [INFO] [WS-1] Toplam 30700 adet veri paketi başarıyla işlendi.
2026-08-20 13:20:58 [INFO] [WS-2] Toplam 26100 adet veri paketi başarıyla işlendi.
2026-08-20 13:20:59 [INFO] [WS-3] Toplam 19900 adet veri paketi başarıyla işlendi.
2026-08-20 13:20:59 [INFO] [WS-4] Toplam 16500 adet veri paketi başarıyla işlendi.
2026-08-20 13:21:00 [INFO] [WS-1] Toplam 30800 adet veri paketi başarıyla işlendi.
2026-08-20 13:21:00 [INFO] [WS-2] Toplam 26200 adet veri paketi başarıyla işlendi.
2026-08-20 13:21:00 [INFO] [WS-1] Toplam 30900 adet veri paketi başarıyla işlendi.
2026-08-20 13:21:00 [INFO] [WS-3] Toplam 20000 adet veri paketi başarıyla işlendi.
2026-08-20 13:21:01 [INFO] [WS-2] Toplam 26300 adet veri paketi başarıyla işlendi.
2026-08-20 13:21:01 [INFO] [WS-1] Toplam 31000 adet veri paketi başarıyla işlendi.
2026-08-20 13:21:01 [INFO] [WS-4] Toplam 16600 adet veri paketi başarıyla işlendi.
2026-08-20 13:21:02 [INFO] [WS-3] Toplam 20100 adet veri paketi başarıyla işlendi.
2026-08-20 13:21:02 [INFO] [WS-2] Toplam 26400 adet veri paketi başarıyla işlendi.
2026-08-20 13:21:02 [INFO] [WS-1] Toplam 31100 adet veri paketi başarıyla işlendi.
2026-08-20 13:21:03 [INFO] [WS-2] Toplam 26500 adet veri paketi başarıyla işlendi.
2026-08-20 13:21:04 [INFO] [WS-3] Toplam 20200 adet veri paketi başarıyla işlendi.
2026-08-20 13:21:04 [INFO] [WS-1] Toplam 31200 adet veri paketi başarıyla işlendi.
2026-08-20 13:21:04 [INFO] [WS-4] Toplam 16700 adet veri paketi başarıyla işlendi.
2026-08-20 13:21:05 [INFO] [WS-2] Toplam 26600 adet veri paketi başarıyla işlendi.
2026-08-20 13:21:05 [ERROR] Failed to fetch updates - TelegramConflictError: Telegram server says - Conflict: terminated by other getUpdates request; make sure that only one bot instance is running
2026-08-20 13:21:05 [WARNING] Sleep for 5.040684 seconds and try again... (tryings = 43, bot id = 8154127903)
2026-08-20 13:21:05 [INFO] [WS-1] Toplam 31300 adet veri paketi başarıyla işlendi.
2026-08-20 13:21:06 [INFO] [WS-3] Toplam 20300 adet veri paketi başarıyla işlendi.
2026-08-20 13:21:06 [INFO] [WS-1] Toplam 31400 adet veri paketi başarıyla işlendi.
2026-08-20 13:21:06 [INFO] [WS-2] Toplam 26700 adet veri paketi başarıyla işlendi.
2026-08-20 13:21:07 [INFO] [WS-4] Toplam 16800 adet veri paketi başarıyla işlendi.
2026-08-20 13:21:07 [INFO] [WS-1] Toplam 31500 adet veri paketi başarıyla işlendi.
2026-08-20 13:21:07 [INFO] [WS-3] Toplam 20400 adet veri paketi başarıyla işlendi.
2026-08-20 13:21:08 [INFO] [WS-2] Toplam 26800 adet veri paketi başarıyla işlendi.
2026-08-20 13:21:09 [INFO] [WS-1] Toplam 31600 adet veri paketi başarıyla işlendi.
2026-08-20 13:21:09 [INFO] [WS-2] Toplam 26900 adet veri paketi başarıyla işlendi.
2026-08-20 13:21:09 [INFO] [WS-3] Toplam 20500 adet veri paketi başarıyla işlendi.
2026-08-20 13:21:10 [INFO] [WS-4] Toplam 16900 adet veri paketi başarıyla işlendi.
2026-08-20 13:21:10 [INFO] [İPTAL] EDENUSDT.P tekrar SMA altına indi. Takip sıfırlandı.
2026-08-20 13:21:10 [INFO] [WS-1] Toplam 31700 adet veri paketi başarıyla işlendi.
2026-08-20 13:21:10 [INFO] [İPTAL] PAXGUSDT.P tekrar SMA altına indi. Takip sıfırlandı.
2026-08-20 13:21:11 [INFO] [WS-2] Toplam 27000 adet veri paketi başarıyla işlendi.
2026-08-20 13:21:12 [INFO] [WS-1] Toplam 31800 adet veri paketi başarıyla işlendi.
2026-08-20 13:21:12 [INFO] [WS-3] Toplam 20600 adet veri paketi başarıyla işlendi.
2026-08-20 13:21:13 [INFO] [BİLGİ] EDENUSDT.P SMA 50'ye (Yukarı) dokundu. Referans: 0.054403, Hedef: 0.057123
2026-08-20 13:21:13 [INFO] [WS-4] Toplam 17000 adet veri paketi başarıyla işlendi.
2026-08-20 13:21:13 [INFO] [WS-2] Toplam 27100 adet veri paketi başarıyla işlendi.
2026-08-20 13:21:14 [INFO] [WS-1] Toplam 31900 adet veri paketi başarıyla işlendi.
2026-08-20 13:21:14 [INFO] [WS-3] Toplam 20700 adet veri paketi başarıyla işlendi.
2026-08-20 13:21:14 [INFO] [WS-2] Toplam 27200 adet veri paketi başarıyla işlendi.
2026-08-20 13:21:15 [INFO] [WS-1] Toplam 32000 adet veri paketi başarıyla işlendi.
2026-08-20 13:21:15 [ERROR] Failed to fetch updates - TelegramConflictError: Telegram server says - Conflict: terminated by other getUpdates request; make sure that only one bot instance is running
2026-08-20 13:21:15 [WARNING] Sleep for 5.063196 seconds and try again... (tryings = 44, bot id = 8154127903)
2026-08-20 13:21:16 [INFO] [WS-4] Toplam 17100 adet veri paketi başarıyla işlendi.
2026-08-20 13:21:17 [INFO] [WS-1] Toplam 32100 adet veri paketi başarıyla işlendi.
2026-08-20 13:21:17 [INFO] [WS-3] Toplam 20800 adet veri paketi başarıyla işlendi.
2026-08-20 13:21:17 [INFO] [WS-2] Toplam 27300 adet veri paketi başarıyla işlendi.
2026-08-20 13:21:18 [INFO] [WS-2] Toplam 27400 adet veri paketi başarıyla işlendi.
2026-08-20 13:21:18 [INFO] [BİLGİ] GUAUSDT.P SMA 50'ye (Yukarı) dokundu. Referans: 0.044705, Hedef: 0.046940
2026-08-20 13:21:18 [INFO] [WS-1] Toplam 32200 adet veri paketi başarıyla işlendi.
2026-08-20 13:21:18 [INFO] [BİLGİ] ESPORTSUSDT.P SMA 50'ye (Aşağı) dokundu. Referans: 0.016232, Hedef: 0.015421
2026-08-20 13:21:19 [INFO] [WS-3] Toplam 20900 adet veri paketi başarıyla işlendi.
2026-08-20 13:21:19 [INFO] [WS-4] Toplam 17200 adet veri paketi başarıyla işlendi.
2026-08-20 13:21:19 [INFO] [WS-2] Toplam 27500 adet veri paketi başarıyla işlendi.
2026-08-20 13:21:20 [INFO] [WS-1] Toplam 32300 adet veri paketi başarıyla işlendi.
2026-08-20 13:21:20 [INFO] [BİLGİ] BULLAUSDT.P SMA 50'ye (Aşağı) dokundu. Referans: 0.018053, Hedef: 0.017150
2026-08-20 13:21:21 [INFO] [WS-2] Toplam 27600 adet veri paketi başarıyla işlendi.
2026-08-20 13:21:22 [INFO] [WS-4] Toplam 17300 adet veri paketi başarıyla işlendi.
2026-08-20 13:21:22 [INFO] [WS-1] Toplam 32400 adet veri paketi başarıyla işlendi.
2026-08-20 13:21:22 [INFO] [WS-3] Toplam 21000 adet veri paketi başarıyla işlendi.
2026-08-20 13:21:23 [INFO] [İPTAL] EDENUSDT.P tekrar SMA altına indi. Takip sıfırlandı.
2026-08-20 13:21:23 [INFO] [WS-2] Toplam 27700 adet veri paketi başarıyla işlendi.
2026-08-20 13:21:24 [INFO] [WS-1] Toplam 32500 adet veri paketi başarıyla işlendi.
2026-08-20 13:21:24 [INFO] [İPTAL] ENSOUSDT.P tekrar SMA altına indi. Takip sıfırlandı.
2026-08-20 13:21:24 [INFO] [WS-2] Toplam 27800 adet veri paketi başarıyla işlendi.
2026-08-20 13:21:25 [INFO] [WS-3] Toplam 21100 adet veri paketi başarıyla işlendi.
2026-08-20 13:21:25 [INFO] [WS-4] Toplam 17400 adet veri paketi başarıyla işlendi.
2026-08-20 13:21:25 [INFO] [WS-1] Toplam 32600 adet veri paketi başarıyla işlendi.
2026-08-20 13:21:26 [ERROR] Failed to fetch updates - TelegramConflictError: Telegram server says - Conflict: terminated by other getUpdates request; make sure that only one bot instance is running
2026-08-20 13:21:26 [WARNING] Sleep for 4.959244 seconds and try again... (tryings = 45, bot id = 8154127903)
2026-08-20 13:21:26 [INFO] [WS-2] Toplam 27900 adet veri paketi başarıyla işlendi.
2026-08-20 13:21:27 [INFO] [WS-1] Toplam 32700 adet veri paketi başarıyla işlendi.
2026-08-20 13:21:28 [INFO] [WS-4] Toplam 17500 adet veri paketi başarıyla işlendi.
2026-08-20 13:21:28 [INFO] [WS-3] Toplam 21200 adet veri paketi başarıyla işlendi.
2026-08-20 13:21:28 [INFO] [WS-2] Toplam 28000 adet veri paketi başarıyla işlendi.
2026-08-20 13:21:29 [INFO] [WS-1] Toplam 32800 adet veri paketi başarıyla işlendi.
2026-08-20 13:21:31 [INFO] [WS-2] Toplam 28100 adet veri paketi başarıyla işlendi.
2026-08-20 13:21:31 [INFO] [WS-4] Toplam 17600 adet veri paketi başarıyla işlendi.
2026-08-20 13:21:31 [INFO] [WS-1] Toplam 32900 adet veri paketi başarıyla işlendi.
2026-08-20 13:21:31 [INFO] [WS-3] Toplam 21300 adet veri paketi başarıyla işlendi.
2026-08-20 13:21:32 [INFO] [BİLGİ] PAXGUSDT.P SMA 50'ye (Yukarı) dokundu. Referans: 4475.90, Hedef: 4699.69
2026-08-20 13:21:32 [INFO] [İPTAL] BULLAUSDT.P tekrar SMA üstüne çıktı. Takip sıfırlandı.
2026-08-20 13:21:32 [INFO] [WS-2] Toplam 28200 adet veri paketi başarıyla işlendi.
2026-08-20 13:21:32 [INFO] [WS-1] Toplam 33000 adet veri paketi başarıyla işlendi.
2026-08-20 13:21:33 [INFO] [İPTAL] VVVUSDT.P tekrar SMA üstüne çıktı. Takip sıfırlandı.
2026-08-20 13:21:33 [INFO] [WS-4] Toplam 17700 adet veri paketi başarıyla işlendi.
2026-08-20 13:21:34 [INFO] [WS-2] Toplam 28300 adet veri paketi başarıyla işlendi.
2026-08-20 13:21:34 [INFO] [WS-3] Toplam 21400 adet veri paketi başarıyla işlendi.
2026-08-20 13:21:34 [INFO] [WS-1] Toplam 33100 adet veri paketi başarıyla işlendi.
2026-08-20 13:21:34 [INFO] [BİLGİ] VVVUSDT.P SMA 50'ye (Aşağı) dokundu. Referans: 14.2277, Hedef: 13.5163
2026-08-20 13:21:34 [INFO] [BİLGİ] BULLAUSDT.P SMA 50'ye (Aşağı) dokundu. Referans: 0.018053, Hedef: 0.017150
2026-08-20 13:21:35 [INFO] [WS-2] Toplam 28400 adet veri paketi başarıyla işlendi.
2026-08-20 13:21:36 [INFO] [İPTAL] BULLAUSDT.P tekrar SMA üstüne çıktı. Takip sıfırlandı.
2026-08-20 13:21:36 [INFO] [WS-3] Toplam 21500 adet veri paketi başarıyla işlendi.
2026-08-20 13:21:36 [INFO] [WS-1] Toplam 33200 adet veri paketi başarıyla işlendi.
2026-08-20 13:21:36 [ERROR] Failed to fetch updates - TelegramConflictError: Telegram server says - Conflict: terminated by other getUpdates request; make sure that only one bot instance is running
2026-08-20 13:21:36 [WARNING] Sleep for 4.933237 seconds and try again... (tryings = 46, bot id = 8154127903)
2026-08-20 13:21:36 [INFO] [BİLGİ] BEATUSDT.P SMA 50'ye (Aşağı) dokundu. Referans: 0.136930, Hedef: 0.130084
2026-08-20 13:21:37 [INFO] [WS-4] Toplam 17800 adet veri paketi başarıyla işlendi.
2026-08-20 13:21:37 [INFO] [WS-2] Toplam 28500 adet veri paketi başarıyla işlendi.
2026-08-20 13:21:38 [INFO] [İPTAL] BEATUSDT.P tekrar SMA üstüne çıktı. Takip sıfırlandı.
2026-08-20 13:21:39 [INFO] [WS-3] Toplam 21600 adet veri paketi başarıyla işlendi.
2026-08-20 13:21:39 [INFO] [WS-1] Toplam 33300 adet veri paketi başarıyla işlendi.
2026-08-20 13:21:39 [INFO] [WS-2] Toplam 28600 adet veri paketi başarıyla işlendi.
2026-08-20 13:21:40 [INFO] [WS-1] Toplam 33400 adet veri paketi başarıyla işlendi.
2026-08-20 13:21:40 [INFO] [BİLGİ] BEATUSDT.P SMA 50'ye (Aşağı) dokundu. Referans: 0.136926, Hedef: 0.130080
2026-08-20 13:21:41 [INFO] [WS-2] Toplam 28700 adet veri paketi başarıyla işlendi.
2026-08-20 13:21:41 [INFO] [WS-3] Toplam 21700 adet veri paketi başarıyla işlendi.
2026-08-20 13:21:41 [INFO] [WS-4] Toplam 17900 adet veri paketi başarıyla işlendi.
2026-08-20 13:21:42 [INFO] [WS-1] Toplam 33500 adet veri paketi başarıyla işlendi.
2026-08-20 13:21:43 [INFO] [WS-2] Toplam 28800 adet veri paketi başarıyla işlendi.
2026-08-20 13:21:44 [INFO] [WS-1] Toplam 33600 adet veri paketi başarıyla işlendi.
2026-08-20 13:21:44 [INFO] [WS-3] Toplam 21800 adet veri paketi başarıyla işlendi.
2026-08-20 13:21:45 [INFO] [WS-4] Toplam 18000 adet veri paketi başarıyla işlendi.
2026-08-20 13:21:45 [INFO] [WS-2] Toplam 28900 adet veri paketi başarıyla işlendi.
2026-08-20 13:21:46 [ERROR] Failed to fetch updates - TelegramConflictError: Telegram server says - Conflict: terminated by other getUpdates request; make sure that only one bot instance is running
2026-08-20 13:21:46 [WARNING] Sleep for 4.889972 seconds and try again... (tryings = 47, bot id = 8154127903)
2026-08-20 13:21:46 [INFO] [WS-1] Toplam 33700 adet veri paketi başarıyla işlendi.
2026-08-20 13:21:47 [INFO] [WS-3] Toplam 21900 adet veri paketi başarıyla işlendi.
2026-08-20 13:21:47 [INFO] [WS-2] Toplam 29000 adet veri paketi başarıyla işlendi.
2026-08-20 13:21:48 [INFO] [WS-1] Toplam 33800 adet veri paketi başarıyla işlendi.
2026-08-20 13:21:48 [INFO] [WS-4] Toplam 18100 adet veri paketi başarıyla işlendi.
2026-08-20 13:21:48 [INFO] [BİLGİ] XANUSDT.P SMA 50'ye (Aşağı) dokundu. Referans: 0.011014, Hedef: 0.010464
2026-08-20 13:21:49 [INFO] [İPTAL] PAXGUSDT.P tekrar SMA altına indi. Takip sıfırlandı.
2026-08-20 13:21:49 [INFO] [WS-1] Toplam 33900 adet veri paketi başarıyla işlendi.
2026-08-20 13:21:49 [INFO] [WS-2] Toplam 29100 adet veri paketi başarıyla işlendi.
2026-08-20 13:21:50 [INFO] [WS-3] Toplam 22000 adet veri paketi başarıyla işlendi.
2026-08-20 13:21:51 [INFO] [WS-1] Toplam 34000 adet veri paketi başarıyla işlendi.
2026-08-20 13:21:51 [INFO] [WS-2] Toplam 29200 adet veri paketi başarıyla işlendi.
2026-08-20 13:21:51 [INFO] [WS-4] Toplam 18200 adet veri paketi başarıyla işlendi.
2026-08-20 13:21:53 [INFO] [WS-1] Toplam 34100 adet veri paketi başarıyla işlendi.
2026-08-20 13:21:54 [INFO] [WS-2] Toplam 29300 adet veri paketi başarıyla işlendi.
2026-08-20 13:21:54 [INFO] [WS-3] Toplam 22100 adet veri paketi başarıyla işlendi.
2026-08-20 13:21:55 [INFO] [WS-1] Toplam 34200 adet veri paketi başarıyla işlendi.
2026-08-20 13:21:55 [INFO] [WS-4] Toplam 18300 adet veri paketi başarıyla işlendi.
2026-08-20 13:21:55 [INFO] [WS-2] Toplam 29400 adet veri paketi başarıyla işlendi.
2026-08-20 13:21:55 [INFO] [İPTAL] BEATUSDT.P tekrar SMA üstüne çıktı. Takip sıfırlandı.
2026-08-20 13:21:56 [INFO] [WS-3] Toplam 22200 adet veri paketi başarıyla işlendi.
2026-08-20 13:21:56 [INFO] [WS-1] Toplam 34300 adet veri paketi başarıyla işlendi.
2026-08-20 13:21:57 [ERROR] Failed to fetch updates - TelegramConflictError: Telegram server says - Conflict: terminated by other getUpdates request; make sure that only one bot instance is running
2026-08-20 13:21:57 [WARNING] Sleep for 4.931858 seconds and try again... (tryings = 48, bot id = 8154127903)
2026-08-20 13:21:57 [INFO] [WS-4] Toplam 18400 adet veri paketi başarıyla işlendi.
2026-08-20 13:21:57 [INFO] [WS-2] Toplam 29500 adet veri paketi başarıyla işlendi.
2026-08-20 13:21:58 [INFO] [WS-1] Toplam 34400 adet veri paketi başarıyla işlendi.
2026-08-20 13:22:00 [INFO] [WS-2] Toplam 29600 adet veri paketi başarıyla işlendi.
2026-08-20 13:22:00 [INFO] [WS-3] Toplam 22300 adet veri paketi başarıyla işlendi.
2026-08-20 13:22:00 [INFO] [BİLGİ] BEATUSDT.P SMA 50'ye (Aşağı) dokundu. Referans: 0.136930, Hedef: 0.130084
2026-08-20 13:22:00 [INFO] [WS-1] Toplam 34500 adet veri paketi başarıyla işlendi.
2026-08-20 13:22:00 [INFO] [WS-4] Toplam 18500 adet veri paketi başarıyla işlendi.
2026-08-20 13:22:01 [INFO] [WS-2] Toplam 29700 adet veri paketi başarıyla işlendi.
2026-08-20 13:22:01 [INFO] [WS-3] Toplam 22400 adet veri paketi başarıyla işlendi.
2026-08-20 13:22:01 [INFO] [İPTAL] BEATUSDT.P tekrar SMA üstüne çıktı. Takip sıfırlandı.
2026-08-20 13:22:01 [INFO] [WS-1] Toplam 34600 adet veri paketi başarıyla işlendi.
2026-08-20 13:22:02 [INFO] [WS-2] Toplam 29800 adet veri paketi başarıyla işlendi.
2026-08-20 13:22:02 [INFO] [WS-3] Toplam 22500 adet veri paketi başarıyla işlendi.
2026-08-20 13:22:03 [INFO] [WS-4] Toplam 18600 adet veri paketi başarıyla işlendi.
2026-08-20 13:22:03 [INFO] [WS-1] Toplam 34700 adet veri paketi başarıyla işlendi.
2026-08-20 13:22:03 [INFO] [BİLGİ] BEATUSDT.P SMA 50'ye (Aşağı) dokundu. Referans: 0.136930, Hedef: 0.130084
2026-08-20 13:22:04 [INFO] [İPTAL] BEATUSDT.P tekrar SMA üstüne çıktı. Takip sıfırlandı.
2026-08-20 13:22:04 [INFO] [WS-2] Toplam 29900 adet veri paketi başarıyla işlendi.
2026-08-20 13:22:04 [INFO] [WS-1] Toplam 34800 adet veri paketi başarıyla işlendi.
2026-08-20 13:22:05 [INFO] [WS-3] Toplam 22600 adet veri paketi başarıyla işlendi.
2026-08-20 13:22:05 [INFO] [WS-2] Toplam 30000 adet veri paketi başarıyla işlendi.
2026-08-20 13:22:05 [INFO] [WS-4] Toplam 18700 adet veri paketi başarıyla işlendi.
2026-08-20 13:22:06 [INFO] [WS-1] Toplam 34900 adet veri paketi başarıyla işlendi.
2026-08-20 13:22:07 [INFO] [WS-3] Toplam 22700 adet veri paketi başarıyla işlendi.
2026-08-20 13:22:07 [INFO] [WS-2] Toplam 30100 adet veri paketi başarıyla işlendi.
2026-08-20 13:22:07 [ERROR] Failed to fetch updates - TelegramConflictError: Telegram server says - Conflict: terminated by other getUpdates request; make sure that only one bot instance is running
2026-08-20 13:22:07 [WARNING] Sleep for 5.215778 seconds and try again... (tryings = 49, bot id = 8154127903)
2026-08-20 13:22:08 [INFO] [WS-1] Toplam 35000 adet veri paketi başarıyla işlendi.
2026-08-20 13:22:08 [INFO] [BİLGİ] BEATUSDT.P SMA 50'ye (Aşağı) dokundu. Referans: 0.136930, Hedef: 0.130084
2026-08-20 13:22:08 [INFO] [WS-2] Toplam 30200 adet veri paketi başarıyla işlendi.
2026-08-20 13:22:08 [INFO] [WS-4] Toplam 18800 adet veri paketi başarıyla işlendi.
2026-08-20 13:22:09 [INFO] [WS-1] Toplam 35100 adet veri paketi başarıyla işlendi.
2026-08-20 13:22:09 [INFO] [WS-3] Toplam 22800 adet veri paketi başarıyla işlendi.
2026-08-20 13:22:09 [INFO] [WS-2] Toplam 30300 adet veri paketi başarıyla işlendi.
2026-08-20 13:22:10 [INFO] [WS-1] Toplam 35200 adet veri paketi başarıyla işlendi.
2026-08-20 13:22:11 [INFO] [WS-2] Toplam 30400 adet veri paketi başarıyla işlendi.
2026-08-20 13:22:11 [INFO] [WS-3] Toplam 22900 adet veri paketi başarıyla işlendi.
2026-08-20 13:22:11 [INFO] [WS-1] Toplam 35300 adet veri paketi başarıyla işlendi.
2026-08-20 13:22:11 [INFO] [WS-4] Toplam 18900 adet veri paketi başarıyla işlendi.
2026-08-20 13:22:12 [INFO] [WS-2] Toplam 30500 adet veri paketi başarıyla işlendi.
2026-08-20 13:22:13 [INFO] [İPTAL] BEATUSDT.P tekrar SMA üstüne çıktı. Takip sıfırlandı.
2026-08-20 13:22:13 [INFO] [WS-1] Toplam 35400 adet veri paketi başarıyla işlendi.
2026-08-20 13:22:14 [INFO] [WS-3] Toplam 23000 adet veri paketi başarıyla işlendi.
2026-08-20 13:22:14 [INFO] [WS-2] Toplam 30600 adet veri paketi başarıyla işlendi.
2026-08-20 13:22:14 [INFO] [BİLGİ] BEATUSDT.P SMA 50'ye (Aşağı) dokundu. Referans: 0.136930, Hedef: 0.130084
2026-08-20 13:22:15 [INFO] [WS-4] Toplam 19000 adet veri paketi başarıyla işlendi.
2026-08-20 13:22:15 [INFO] [WS-1] Toplam 35500 adet veri paketi başarıyla işlendi.
2026-08-20 13:22:15 [INFO] [İPTAL] BEATUSDT.P tekrar SMA üstüne çıktı. Takip sıfırlandı.
2026-08-20 13:22:15 [INFO] [WS-2] Toplam 30700 adet veri paketi başarıyla işlendi.
2026-08-20 13:22:16 [INFO] [WS-3] Toplam 23100 adet veri paketi başarıyla işlendi.
2026-08-20 13:22:17 [INFO] [WS-1] Toplam 35600 adet veri paketi başarıyla işlendi.
2026-08-20 13:22:17 [INFO] [WS-2] Toplam 30800 adet veri paketi başarıyla işlendi.
2026-08-20 13:22:18 [ERROR] Failed to fetch updates - TelegramConflictError: Telegram server says - Conflict: terminated by other getUpdates request; make sure that only one bot instance is running
2026-08-20 13:22:18 [WARNING] Sleep for 5.048301 seconds and try again... (tryings = 50, bot id = 8154127903)
2026-08-20 13:22:18 [INFO] [WS-1] Toplam 35700 adet veri paketi başarıyla işlendi.
2026-08-20 13:22:18 [INFO] [WS-4] Toplam 19100 adet veri paketi başarıyla işlendi.
2026-08-20 13:22:18 [INFO] [WS-3] Toplam 23200 adet veri paketi başarıyla işlendi.
2026-08-20 13:22:18 [INFO] [WS-2] Toplam 30900 adet veri paketi başarıyla işlendi.
2026-08-20 13:22:19 [INFO] [WS-1] Toplam 35800 adet veri paketi başarıyla işlendi.
2026-08-20 13:22:19 [INFO] [İPTAL] CHZUSDT.P tekrar SMA altına indi. Takip sıfırlandı.
2026-08-20 13:22:19 [INFO] [WS-3] Toplam 23300 adet veri paketi başarıyla işlendi.
2026-08-20 13:22:19 [INFO] [WS-2] Toplam 31000 adet veri paketi başarıyla işlendi.
2026-08-20 13:22:19 [INFO] [WS-1] Toplam 35900 adet veri paketi başarıyla işlendi.
2026-08-20 13:22:20 [INFO] [WS-4] Toplam 19200 adet veri paketi başarıyla işlendi.
2026-08-20 13:22:21 [INFO] [WS-2] Toplam 31100 adet veri paketi başarıyla işlendi.
2026-08-20 13:22:21 [INFO] [WS-3] Toplam 23400 adet veri paketi başarıyla işlendi.
2026-08-20 13:22:21 [INFO] [WS-1] Toplam 36000 adet veri paketi başarıyla işlendi.
2026-08-20 13:22:22 [INFO] [WS-2] Toplam 31200 adet veri paketi başarıyla işlendi.
2026-08-20 13:22:23 [INFO] [WS-4] Toplam 19300 adet veri paketi başarıyla işlendi.
2026-08-20 13:22:23 [INFO] [BİLGİ] USUSDT.P SMA 50'ye (Aşağı) dokundu. Referans: 0.016915, Hedef: 0.016070
2026-08-20 13:22:23 [INFO] [WS-1] Toplam 36100 adet veri paketi başarıyla işlendi.
2026-08-20 13:22:23 [INFO] [WS-3] Toplam 23500 adet veri paketi başarıyla işlendi.
2026-08-20 13:22:23 [INFO] [WS-2] Toplam 31300 adet veri paketi başarıyla işlendi.
2026-08-20 13:22:24 [INFO] [İPTAL] 2ZUSDT.P tekrar SMA altına indi. Takip sıfırlandı.
2026-08-20 13:22:24 [INFO] [İPTAL] ATHUSDT.P tekrar SMA altına indi. Takip sıfırlandı.
2026-08-20 13:22:24 [INFO] [WS-1] Toplam 36200 adet veri paketi başarıyla işlendi.
2026-08-20 13:22:25 [INFO] [WS-3] Toplam 23600 adet veri paketi başarıyla işlendi.
2026-08-20 13:22:25 [INFO] [WS-2] Toplam 31400 adet veri paketi başarıyla işlendi.
2026-08-20 13:22:25 [INFO] [WS-4] Toplam 19400 adet veri paketi başarıyla işlendi.
2026-08-20 13:22:25 [INFO] [WS-1] Toplam 36300 adet veri paketi başarıyla işlendi.
2026-08-20 13:22:26 [INFO] [WS-2] Toplam 31500 adet veri paketi başarıyla işlendi.
2026-08-20 13:22:26 [INFO] [WS-1] Toplam 36400 adet veri paketi başarıyla işlendi.
2026-08-20 13:22:28 [INFO] [WS-4] Toplam 19500 adet veri paketi başarıyla işlendi.
2026-08-20 13:22:28 [INFO] [WS-3] Toplam 23700 adet veri paketi başarıyla işlendi.
2026-08-20 13:22:28 [INFO] [İPTAL] XANUSDT.P tekrar SMA üstüne çıktı. Takip sıfırlandı.
2026-08-20 13:22:28 [INFO] [WS-2] Toplam 31600 adet veri paketi başarıyla işlendi.
2026-08-20 13:22:28 [INFO] [WS-1] Toplam 36500 adet veri paketi başarıyla işlendi.
2026-08-20 13:22:28 [ERROR] Failed to fetch updates - TelegramConflictError: Telegram server says - Conflict: terminated by other getUpdates request; make sure that only one bot instance is running
2026-08-20 13:22:28 [WARNING] Sleep for 5.073867 seconds and try again... (tryings = 51, bot id = 8154127903)
2026-08-20 13:22:28 [INFO] [BİLGİ] 2ZUSDT.P SMA 50'ye (Yukarı) dokundu. Referans: 0.052827, Hedef: 0.055468
2026-08-20 13:22:29 [INFO] [WS-3] Toplam 23800 adet veri paketi başarıyla işlendi.
2026-08-20 13:22:29 [INFO] [WS-2] Toplam 31700 adet veri paketi başarıyla işlendi.
2026-08-20 13:22:30 [INFO] [WS-1] Toplam 36600 adet veri paketi başarıyla işlendi.
2026-08-20 13:22:30 [INFO] [WS-4] Toplam 19600 adet veri paketi başarıyla işlendi.
2026-08-20 13:22:30 [INFO] [WS-3] Toplam 23900 adet veri paketi başarıyla işlendi.
2026-08-20 13:22:31 [INFO] [WS-2] Toplam 31800 adet veri paketi başarıyla işlendi.
2026-08-20 13:22:32 [INFO] [WS-1] Toplam 36700 adet veri paketi başarıyla işlendi.
2026-08-20 13:22:33 [INFO] [WS-2] Toplam 31900 adet veri paketi başarıyla işlendi.
2026-08-20 13:22:33 [INFO] [WS-3] Toplam 24000 adet veri paketi başarıyla işlendi.
2026-08-20 13:22:33 [INFO] [WS-1] Toplam 36800 adet veri paketi başarıyla işlendi.
2026-08-20 13:22:33 [INFO] [WS-4] Toplam 19700 adet veri paketi başarıyla işlendi.
2026-08-20 13:22:33 [INFO] [İPTAL] GRIFFAINUSDT.P tekrar SMA altına indi. Takip sıfırlandı.
2026-08-20 13:22:34 [INFO] [WS-2] Toplam 32000 adet veri paketi başarıyla işlendi.
2026-08-20 13:22:34 [INFO] [WS-1] Toplam 36900 adet veri paketi başarıyla işlendi.
2026-08-20 13:22:35 [INFO] [İPTAL] USUSDT.P tekrar SMA üstüne çıktı. Takip sıfırlandı.
2026-08-20 13:22:35 [INFO] [BİLGİ] BIRBUSDT.P SMA 50'ye (Aşağı) dokundu. Referans: 0.054413, Hedef: 0.051692
2026-08-20 13:22:35 [INFO] [WS-3] Toplam 24100 adet veri paketi başarıyla işlendi.
2026-08-20 13:22:36 [INFO] [WS-4] Toplam 19800 adet veri paketi başarıyla işlendi.
2026-08-20 13:22:36 [INFO] [WS-2] Toplam 32100 adet veri paketi başarıyla işlendi.
2026-08-20 13:22:36 [INFO] [WS-1] Toplam 37000 adet veri paketi başarıyla işlendi.
2026-08-20 13:22:38 [INFO] [WS-2] Toplam 32200 adet veri paketi başarıyla işlendi.
2026-08-20 13:22:38 [INFO] [WS-3] Toplam 24200 adet veri paketi başarıyla işlendi.
2026-08-20 13:22:38 [ERROR] Failed to fetch updates - TelegramConflictError: Telegram server says - Conflict: terminated by other getUpdates request; make sure that only one bot instance is running
2026-08-20 13:22:38 [WARNING] Sleep for 5.004569 seconds and try again... (tryings = 52, bot id = 8154127903)
2026-08-20 13:22:39 [INFO] [WS-1] Toplam 37100 adet veri paketi başarıyla işlendi.
2026-08-20 13:22:39 [INFO] [BİLGİ] GMXUSDT.P SMA 50'ye (Aşağı) dokundu. Referans: 6.9103, Hedef: 6.5648
2026-08-20 13:22:39 [INFO] [WS-4] Toplam 19900 adet veri paketi başarıyla işlendi.
2026-08-20 13:22:40 [INFO] [WS-2] Toplam 32300 adet veri paketi başarıyla işlendi.
2026-08-20 13:22:41 [INFO] [WS-3] Toplam 24300 adet veri paketi başarıyla işlendi.
2026-08-20 13:22:41 [INFO] [WS-1] Toplam 37200 adet veri paketi başarıyla işlendi.
2026-08-20 13:22:42 [INFO] [WS-2] Toplam 32400 adet veri paketi başarıyla işlendi.
2026-08-20 13:22:42 [INFO] [PING] Self-ping attı: HTTP 200
2026-08-20 13:22:43 [INFO] [WS-4] Toplam 20000 adet veri paketi başarıyla işlendi.
2026-08-20 13:22:43 [INFO] [WS-1] Toplam 37300 adet veri paketi başarıyla işlendi.
2026-08-20 13:22:43 [INFO] [WS-3] Toplam 24400 adet veri paketi başarıyla işlendi.
2026-08-20 13:22:44 [INFO] [BİLGİ] USUSDT.P SMA 50'ye (Aşağı) dokundu. Referans: 0.016915, Hedef: 0.016070
2026-08-20 13:22:44 [INFO] [WS-2] Toplam 32500 adet veri paketi başarıyla işlendi.
2026-08-20 13:22:45 [INFO] [WS-1] Toplam 37400 adet veri paketi başarıyla işlendi.
2026-08-20 13:22:46 [INFO] [WS-4] Toplam 20100 adet veri paketi başarıyla işlendi.
2026-08-20 13:22:46 [INFO] [WS-2] Toplam 32600 adet veri paketi başarıyla işlendi.
2026-08-20 13:22:46 [INFO] [BİLGİ] GRIFFAINUSDT.P SMA 50'ye (Yukarı) dokundu. Referans: 0.012879, Hedef: 0.013523
2026-08-20 13:22:46 [INFO] [WS-3] Toplam 24500 adet veri paketi başarıyla işlendi.
2026-08-20 13:22:46 [INFO] [WS-1] Toplam 37500 adet veri paketi başarıyla işlendi.
2026-08-20 13:22:47 [INFO] [İPTAL] GMXUSDT.P tekrar SMA üstüne çıktı. Takip sıfırlandı.
2026-08-20 13:22:48 [INFO] [WS-2] Toplam 32700 adet veri paketi başarıyla işlendi.
2026-08-20 13:22:48 [INFO] [WS-1] Toplam 37600 adet veri paketi başarıyla işlendi.
2026-08-20 13:22:48 [ERROR] Failed to fetch updates - TelegramConflictError: Telegram server says - Conflict: terminated by other getUpdates request; make sure that only one bot instance is running
2026-08-20 13:22:48 [WARNING] Sleep for 5.077000 seconds and try again... (tryings = 53, bot id = 8154127903)
2026-08-20 13:22:49 [INFO] [WS-4] Toplam 20200 adet veri paketi başarıyla işlendi.
2026-08-20 13:22:49 [INFO] [WS-3] Toplam 24600 adet veri paketi başarıyla işlendi.
2026-08-20 13:22:49 [INFO] [WS-2] Toplam 32800 adet veri paketi başarıyla işlendi.
2026-08-20 13:22:50 [INFO] [WS-1] Toplam 37700 adet veri paketi başarıyla işlendi.
2026-08-20 13:22:50 [INFO] [BİLGİ] ENSOUSDT.P SMA 50'ye (Yukarı) dokundu. Referans: 0.833182, Hedef: 0.874841
2026-08-20 13:22:50 [INFO] [WS-3] Toplam 24700 adet veri paketi başarıyla işlendi.
2026-08-20 13:22:50 [INFO] [İPTAL] INUSDT.P tekrar SMA altına indi. Takip sıfırlandı.
2026-08-20 13:22:50 [INFO] [WS-1] Toplam 37800 adet veri paketi başarıyla işlendi.
2026-08-20 13:22:51 [INFO] [İPTAL] ENSOUSDT.P tekrar SMA altına indi. Takip sıfırlandı.
2026-08-20 13:22:51 [INFO] [BİLGİ] ASTERUSDT.P SMA 50'ye (Aşağı) dokundu. Referans: 0.663458, Hedef: 0.630285
2026-08-20 13:22:51 [INFO] [WS-4] Toplam 20300 adet veri paketi başarıyla işlendi.
2026-08-20 13:22:51 [INFO] [WS-2] Toplam 32900 adet veri paketi başarıyla işlendi.
2026-08-20 13:22:51 [INFO] [WS-1] Toplam 37900 adet veri paketi başarıyla işlendi.
2026-08-20 13:22:51 [INFO] [BİLGİ] XANUSDT.P SMA 50'ye (Aşağı) dokundu. Referans: 0.011014, Hedef: 0.010464
2026-08-20 13:22:51 [INFO] [WS-3] Toplam 24800 adet veri paketi başarıyla işlendi.
2026-08-20 13:22:51 [INFO] [İPTAL] BIRBUSDT.P tekrar SMA üstüne çıktı. Takip sıfırlandı.
2026-08-20 13:22:51 [INFO] [WS-2] Toplam 33000 adet veri paketi başarıyla işlendi.
2026-08-20 13:22:52 [INFO] [BİLGİ] AGLDUSDT.P SMA 50'ye (Aşağı) dokundu. Referans: 0.161202, Hedef: 0.153142
2026-08-20 13:22:52 [INFO] [WS-1] Toplam 38000 adet veri paketi başarıyla işlendi.
2026-08-20 13:22:53 [INFO] [WS-2] Toplam 33100 adet veri paketi başarıyla işlendi.
2026-08-20 13:22:53 [INFO] [WS-4] Toplam 20400 adet veri paketi başarıyla işlendi.
2026-08-20 13:22:53 [INFO] [WS-3] Toplam 24900 adet veri paketi başarıyla işlendi.
2026-08-20 13:22:54 [INFO] [WS-1] Toplam 38100 adet veri paketi başarıyla işlendi.
2026-08-20 13:22:55 [INFO] [WS-1] Toplam 38200 adet veri paketi başarıyla işlendi.
2026-08-20 13:22:55 [INFO] [WS-2] Toplam 33200 adet veri paketi başarıyla işlendi.
2026-08-20 13:22:55 [INFO] [İPTAL] GRIFFAINUSDT.P tekrar SMA altına indi. Takip sıfırlandı.
2026-08-20 13:22:55 [INFO] [BİLGİ] NMRUSDT.P SMA 50'ye (Aşağı) dokundu. Referans: 8.4021, Hedef: 7.9820
2026-08-20 13:22:55 [INFO] [İPTAL] ASTERUSDT.P tekrar SMA üstüne çıktı. Takip sıfırlandı.
2026-08-20 13:22:55 [INFO] [WS-3] Toplam 25000 adet veri paketi başarıyla işlendi.
2026-08-20 13:22:56 [INFO] [WS-1] Toplam 38300 adet veri paketi başarıyla işlendi.
2026-08-20 13:22:56 [INFO] [WS-2] Toplam 33300 adet veri paketi başarıyla işlendi.
2026-08-20 13:22:56 [INFO] [WS-4] Toplam 20500 adet veri paketi başarıyla işlendi.
2026-08-20 13:22:57 [INFO] [İPTAL] AUCTIONUSDT.P tekrar SMA altına indi. Takip sıfırlandı.
2026-08-20 13:22:58 [INFO] [WS-3] Toplam 25100 adet veri paketi başarıyla işlendi.
2026-08-20 13:22:58 [INFO] [WS-1] Toplam 38400 adet veri paketi başarıyla işlendi.
2026-08-20 13:22:58 [INFO] [WS-2] Toplam 33400 adet veri paketi başarıyla işlendi.
2026-08-20 13:22:59 [INFO] [İPTAL] IRYSUSDT.P tekrar SMA altına indi. Takip sıfırlandı.
2026-08-20 13:22:59 [ERROR] Failed to fetch updates - TelegramConflictError: Telegram server says - Conflict: terminated by other getUpdates request; make sure that only one bot instance is running
2026-08-20 13:22:59 [WARNING] Sleep for 5.066395 seconds and try again... (tryings = 54, bot id = 8154127903)
2026-08-20 13:22:59 [INFO] [WS-1] Toplam 38500 adet veri paketi başarıyla işlendi.
2026-08-20 13:23:00 [INFO] [WS-2] Toplam 33500 adet veri paketi başarıyla işlendi.
2026-08-20 13:23:00 [INFO] [WS-3] Toplam 25200 adet veri paketi başarıyla işlendi.
2026-08-20 13:23:00 [INFO] [WS-4] Toplam 20600 adet veri paketi başarıyla işlendi.
2026-08-20 13:23:00 [INFO] [WS-1] Toplam 38600 adet veri paketi başarıyla işlendi.
2026-08-20 13:23:00 [INFO] [WS-2] Toplam 33600 adet veri paketi başarıyla işlendi.
2026-08-20 13:23:01 [INFO] [İPTAL] NMRUSDT.P tekrar SMA üstüne çıktı. Takip sıfırlandı.
2026-08-20 13:23:01 [INFO] [WS-3] Toplam 25300 adet veri paketi başarıyla işlendi.
2026-08-20 13:23:01 [INFO] [BİLGİ] KAVAUSDT.P SMA 50'ye (Aşağı) dokundu. Referans: 0.041078, Hedef: 0.039024
2026-08-20 13:23:01 [INFO] [WS-1] Toplam 38700 adet veri paketi başarıyla işlendi.
2026-08-20 13:23:01 [INFO] [İPTAL] CYSUSDT.P tekrar SMA üstüne çıktı. Takip sıfırlandı.
2026-08-20 13:23:02 [INFO] [WS-2] Toplam 33700 adet veri paketi başarıyla işlendi.
2026-08-20 13:23:02 [INFO] [WS-4] Toplam 20700 adet veri paketi başarıyla işlendi.
2026-08-20 13:23:03 [INFO] [WS-1] Toplam 38800 adet veri paketi başarıyla işlendi.
2026-08-20 13:23:04 [INFO] [WS-2] Toplam 33800 adet veri paketi başarıyla işlendi.
2026-08-20 13:23:04 [INFO] [WS-3] Toplam 25400 adet veri paketi başarıyla işlendi.
2026-08-20 13:23:05 [INFO] [WS-1] Toplam 38900 adet veri paketi başarıyla işlendi.
2026-08-20 13:23:05 [INFO] [İPTAL] AGLDUSDT.P tekrar SMA üstüne çıktı. Takip sıfırlandı.
2026-08-20 13:23:05 [INFO] [WS-4] Toplam 20800 adet veri paketi başarıyla işlendi.
2026-08-20 13:23:05 [INFO] [WS-2] Toplam 33900 adet veri paketi başarıyla işlendi.
2026-08-20 13:23:06 [INFO] [WS-3] Toplam 25500 adet veri paketi başarıyla işlendi.
2026-08-20 13:23:06 [INFO] [WS-1] Toplam 39000 adet veri paketi başarıyla işlendi.
2026-08-20 13:23:07 [INFO] [WS-2] Toplam 34000 adet veri paketi başarıyla işlendi.
2026-08-20 13:23:08 [INFO] [BİLGİ] GRIFFAINUSDT.P SMA 50'ye (Yukarı) dokundu. Referans: 0.012879, Hedef: 0.013523
2026-08-20 13:23:08 [INFO] [BİLGİ] CYSUSDT.P SMA 50'ye (Aşağı) dokundu. Referans: 0.581964, Hedef: 0.552866
2026-08-20 13:23:08 [INFO] [WS-1] Toplam 39100 adet veri paketi başarıyla işlendi.
2026-08-20 13:23:08 [INFO] [WS-3] Toplam 25600 adet veri paketi başarıyla işlendi.
2026-08-20 13:23:08 [INFO] [WS-4] Toplam 20900 adet veri paketi başarıyla işlendi.
2026-08-20 13:23:09 [INFO] [WS-2] Toplam 34100 adet veri paketi başarıyla işlendi.
2026-08-20 13:23:09 [INFO] [BİLGİ] BULLAUSDT.P SMA 50'ye (Aşağı) dokundu. Referans: 0.018053, Hedef: 0.017150
2026-08-20 13:23:09 [ERROR] Failed to fetch updates - TelegramConflictError: Telegram server says - Conflict: terminated by other getUpdates request; make sure that only one bot instance is running
2026-08-20 13:23:09 [WARNING] Sleep for 4.872685 seconds and try again... (tryings = 55, bot id = 8154127903)
2026-08-20 13:23:10 [INFO] [BİLGİ] ASTERUSDT.P SMA 50'ye (Aşağı) dokundu. Referans: 0.663456, Hedef: 0.630283
2026-08-20 13:23:10 [INFO] [WS-1] Toplam 39200 adet veri paketi başarıyla işlendi.
2026-08-20 13:23:10 [INFO] [WS-2] Toplam 34200 adet veri paketi başarıyla işlendi.
2026-08-20 13:23:11 [INFO] [WS-3] Toplam 25700 adet veri paketi başarıyla işlendi.
2026-08-20 13:23:11 [INFO] [WS-4] Toplam 21000 adet veri paketi başarıyla işlendi.
2026-08-20 13:23:12 [INFO] [BİLGİ] BIRBUSDT.P SMA 50'ye (Aşağı) dokundu. Referans: 0.054413, Hedef: 0.051692
2026-08-20 13:23:12 [INFO] [WS-2] Toplam 34300 adet veri paketi başarıyla işlendi.
2026-08-20 13:23:12 [INFO] [WS-1] Toplam 39300 adet veri paketi başarıyla işlendi.
2026-08-20 13:23:12 [INFO] [WS-3] Toplam 25800 adet veri paketi başarıyla işlendi.
2026-08-20 13:23:14 [INFO] [WS-4] Toplam 21100 adet veri paketi başarıyla işlendi.
2026-08-20 13:23:14 [INFO] [BİLGİ] EDENUSDT.P SMA 50'ye (Yukarı) dokundu. Referans: 0.054403, Hedef: 0.057123
2026-08-20 13:23:14 [INFO] [WS-2] Toplam 34400 adet veri paketi başarıyla işlendi.
2026-08-20 13:23:14 [INFO] [WS-1] Toplam 39400 adet veri paketi başarıyla işlendi.
2026-08-20 13:23:14 [INFO] [WS-3] Toplam 25900 adet veri paketi başarıyla işlendi.
2026-08-20 13:23:14 [INFO] [İPTAL] ASTERUSDT.P tekrar SMA üstüne çıktı. Takip sıfırlandı.
2026-08-20 13:23:14 [INFO] [İPTAL] KAVAUSDT.P tekrar SMA üstüne çıktı. Takip sıfırlandı.
2026-08-20 13:23:15 [INFO] [WS-1] Toplam 39500 adet veri paketi başarıyla işlendi.
2026-08-20 13:23:15 [INFO] [WS-2] Toplam 34500 adet veri paketi başarıyla işlendi.
2026-08-20 13:23:15 [INFO] [BİLGİ] ASTERUSDT.P SMA 50'ye (Aşağı) dokundu. Referans: 0.663458, Hedef: 0.630285
2026-08-20 13:23:16 [INFO] [WS-3] Toplam 26000 adet veri paketi başarıyla işlendi.
2026-08-20 13:23:16 [INFO] [WS-4] Toplam 21200 adet veri paketi başarıyla işlendi.
2026-08-20 13:23:17 [INFO] [WS-1] Toplam 39600 adet veri paketi başarıyla işlendi.
2026-08-20 13:23:17 [INFO] [WS-2] Toplam 34600 adet veri paketi başarıyla işlendi.
2026-08-20 13:23:18 [INFO] [İPTAL] BIRBUSDT.P tekrar SMA üstüne çıktı. Takip sıfırlandı.
2026-08-20 13:23:19 [INFO] [İPTAL] ASTERUSDT.P tekrar SMA üstüne çıktı. Takip sıfırlandı.
2026-08-20 13:23:19 [INFO] [WS-1] Toplam 39700 adet veri paketi başarıyla işlendi.
2026-08-20 13:23:19 [ERROR] Failed to fetch updates - TelegramConflictError: Telegram server says - Conflict: terminated by other getUpdates request; make sure that only one bot instance is running
2026-08-20 13:23:19 [WARNING] Sleep for 4.918413 seconds and try again... (tryings = 56, bot id = 8154127903)
2026-08-20 13:23:19 [INFO] [WS-2] Toplam 34700 adet veri paketi başarıyla işlendi.
2026-08-20 13:23:19 [INFO] [WS-3] Toplam 26100 adet veri paketi başarıyla işlendi.
2026-08-20 13:23:20 [INFO] [WS-4] Toplam 21300 adet veri paketi başarıyla işlendi.
2026-08-20 13:23:21 [INFO] [WS-1] Toplam 39800 adet veri paketi başarıyla işlendi.
2026-08-20 13:23:21 [INFO] [WS-2] Toplam 34800 adet veri paketi başarıyla işlendi.
2026-08-20 13:23:21 [INFO] [BİLGİ] INUSDT.P SMA 50'ye (Yukarı) dokundu. Referans: 0.032053, Hedef: 0.033655
2026-08-20 13:23:21 [INFO] [WS-3] Toplam 26200 adet veri paketi başarıyla işlendi.
2026-08-20 13:23:22 [INFO] [WS-4] Toplam 21400 adet veri paketi başarıyla işlendi.
2026-08-20 13:23:23 [INFO] [WS-2] Toplam 34900 adet veri paketi başarıyla işlendi.
2026-08-20 13:23:23 [INFO] [WS-1] Toplam 39900 adet veri paketi başarıyla işlendi.
2026-08-20 13:23:24 [INFO] [WS-3] Toplam 26300 adet veri paketi başarıyla işlendi.
2026-08-20 13:23:25 [INFO] [İPTAL] CYSUSDT.P tekrar SMA üstüne çıktı. Takip sıfırlandı.
2026-08-20 13:23:26 [INFO] [WS-2] Toplam 35000 adet veri paketi başarıyla işlendi.
2026-08-20 13:23:26 [INFO] [WS-1] Toplam 40000 adet veri paketi başarıyla işlendi.
2026-08-20 13:23:26 [INFO] [WS-4] Toplam 21500 adet veri paketi başarıyla işlendi.
2026-08-20 13:23:27 [INFO] [WS-3] Toplam 26400 adet veri paketi başarıyla işlendi.
2026-08-20 13:23:28 [INFO] [WS-1] Toplam 40100 adet veri paketi başarıyla işlendi.
2026-08-20 13:23:28 [INFO] [WS-2] Toplam 35100 adet veri paketi başarıyla işlendi.
2026-08-20 13:23:28 [INFO] [BİLGİ] CYSUSDT.P SMA 50'ye (Aşağı) dokundu. Referans: 0.581968, Hedef: 0.552870
2026-08-20 13:23:29 [INFO] [WS-3] Toplam 26500 adet veri paketi başarıyla işlendi.
2026-08-20 13:23:29 [INFO] [WS-1] Toplam 40200 adet veri paketi başarıyla işlendi.
2026-08-20 13:23:29 [INFO] [WS-4] Toplam 21600 adet veri paketi başarıyla işlendi.
2026-08-20 13:23:29 [INFO] [WS-2] Toplam 35200 adet veri paketi başarıyla işlendi.
2026-08-20 13:23:29 [INFO] [İPTAL] TAGUSDT.P tekrar SMA altına indi. Takip sıfırlandı.
2026-08-20 13:23:30 [ERROR] Failed to fetch updates - TelegramConflictError: Telegram server says - Conflict: terminated by other getUpdates request; make sure that only one bot instance is running
2026-08-20 13:23:30 [WARNING] Sleep for 5.069705 seconds and try again... (tryings = 57, bot id = 8154127903)
2026-08-20 13:23:31 [INFO] [WS-1] Toplam 40300 adet veri paketi başarıyla işlendi.
2026-08-20 13:23:31 [INFO] [WS-3] Toplam 26600 adet veri paketi başarıyla işlendi.
2026-08-20 13:23:31 [INFO] [BİLGİ] KOMAUSDT.P SMA 50'ye (Aşağı) dokundu. Referans: 0.012839, Hedef: 0.012197
2026-08-20 13:23:32 [INFO] [WS-2] Toplam 35300 adet veri paketi başarıyla işlendi.
2026-08-20 13:23:32 [INFO] [WS-4] Toplam 21700 adet veri paketi başarıyla işlendi.
2026-08-20 13:23:33 [INFO] [WS-1] Toplam 40400 adet veri paketi başarıyla işlendi.
2026-08-20 13:23:33 [INFO] [İPTAL] CYSUSDT.P tekrar SMA üstüne çıktı. Takip sıfırlandı.
2026-08-20 13:23:34 [INFO] [WS-3] Toplam 26700 adet veri paketi başarıyla işlendi.
2026-08-20 13:23:34 [INFO] [WS-2] Toplam 35400 adet veri paketi başarıyla işlendi.
2026-08-20 13:23:35 [INFO] [BİLGİ] KAVAUSDT.P SMA 50'ye (Aşağı) dokundu. Referans: 0.041078, Hedef: 0.039024
2026-08-20 13:23:35 [INFO] [WS-1] Toplam 40500 adet veri paketi başarıyla işlendi.
2026-08-20 13:23:35 [INFO] [WS-4] Toplam 21800 adet veri paketi başarıyla işlendi.
2026-08-20 13:23:36 [INFO] [WS-2] Toplam 35500 adet veri paketi başarıyla işlendi.
2026-08-20 13:23:36 [INFO] [WS-3] Toplam 26800 adet veri paketi başarıyla işlendi.
2026-08-20 13:23:37 [INFO] [WS-1] Toplam 40600 adet veri paketi başarıyla işlendi.
2026-08-20 13:23:37 [INFO] [BİLGİ] BIRBUSDT.P SMA 50'ye (Aşağı) dokundu. Referans: 0.054413, Hedef: 0.051692
2026-08-20 13:23:37 [INFO] [WS-2] Toplam 35600 adet veri paketi başarıyla işlendi.
2026-08-20 13:23:37 [INFO] [BİLGİ] AUCTIONUSDT.P SMA 50'ye (Yukarı) dokundu. Referans: 2.8674, Hedef: 3.0107
2026-08-20 13:23:38 [INFO] [WS-1] Toplam 40700 adet veri paketi başarıyla işlendi.
2026-08-20 13:23:38 [INFO] [WS-4] Toplam 21900 adet veri paketi başarıyla işlendi.
2026-08-20 13:23:38 [INFO] [WS-3] Toplam 26900 adet veri paketi başarıyla işlendi.
2026-08-20 13:23:39 [INFO] [WS-2] Toplam 35700 adet veri paketi başarıyla işlendi.
2026-08-20 13:23:40 [ERROR] Failed to fetch updates - TelegramConflictError: Telegram server says - Conflict: terminated by other getUpdates request; make sure that only one bot instance is running
2026-08-20 13:23:40 [WARNING] Sleep for 4.940057 seconds and try again... (tryings = 58, bot id = 8154127903)
2026-08-20 13:23:40 [INFO] [WS-1] Toplam 40800 adet veri paketi başarıyla işlendi.
2026-08-20 13:23:41 [INFO] [WS-2] Toplam 35800 adet veri paketi başarıyla işlendi.
2026-08-20 13:23:41 [INFO] [WS-3] Toplam 27000 adet veri paketi başarıyla işlendi.
2026-08-20 13:23:41 [INFO] [WS-4] Toplam 22000 adet veri paketi başarıyla işlendi.
2026-08-20 13:23:42 [INFO] [WS-1] Toplam 40900 adet veri paketi başarıyla işlendi.
2026-08-20 13:23:43 [INFO] [WS-2] Toplam 35900 adet veri paketi başarıyla işlendi.
2026-08-20 13:23:44 [INFO] [WS-3] Toplam 27100 adet veri paketi başarıyla işlendi.
2026-08-20 13:23:44 [INFO] [WS-1] Toplam 41000 adet veri paketi başarıyla işlendi.
2026-08-20 13:23:44 [INFO] [İPTAL] VVVUSDT.P tekrar SMA üstüne çıktı. Takip sıfırlandı.
2026-08-20 13:23:44 [INFO] [WS-4] Toplam 22100 adet veri paketi başarıyla işlendi.
2026-08-20 13:23:45 [INFO] [WS-2] Toplam 36000 adet veri paketi başarıyla işlendi.
2026-08-20 13:23:46 [INFO] [WS-1] Toplam 41100 adet veri paketi başarıyla işlendi.
2026-08-20 13:23:47 [INFO] [WS-3] Toplam 27200 adet veri paketi başarıyla işlendi.
2026-08-20 13:23:47 [INFO] [BİLGİ] VVVUSDT.P SMA 50'ye (Aşağı) dokundu. Referans: 14.2277, Hedef: 13.5163
2026-08-20 13:23:47 [INFO] [WS-2] Toplam 36100 adet veri paketi başarıyla işlendi.
2026-08-20 13:23:48 [INFO] [WS-4] Toplam 22200 adet veri paketi başarıyla işlendi.
2026-08-20 13:23:49 [INFO] [WS-1] Toplam 41200 adet veri paketi başarıyla işlendi.
2026-08-20 13:23:50 [INFO] [WS-3] Toplam 27300 adet veri paketi başarıyla işlendi.
2026-08-20 13:23:50 [INFO] [WS-2] Toplam 36200 adet veri paketi başarıyla işlendi.
2026-08-20 13:23:50 [ERROR] Failed to fetch updates - TelegramConflictError: Telegram server says - Conflict: terminated by other getUpdates request; make sure that only one bot instance is running
2026-08-20 13:23:50 [WARNING] Sleep for 4.887745 seconds and try again... (tryings = 59, bot id = 8154127903)
2026-08-20 13:23:50 [INFO] [İPTAL] BIRBUSDT.P tekrar SMA üstüne çıktı. Takip sıfırlandı.
2026-08-20 13:23:51 [INFO] [WS-1] Toplam 41300 adet veri paketi başarıyla işlendi.
2026-08-20 13:23:51 [INFO] [WS-4] Toplam 22300 adet veri paketi başarıyla işlendi.
2026-08-20 13:23:52 [INFO] [BİLGİ] IRYSUSDT.P SMA 50'ye (Yukarı) dokundu. Referans: 0.013818, Hedef: 0.014509
2026-08-20 13:23:52 [INFO] [WS-2] Toplam 36300 adet veri paketi başarıyla işlendi.
2026-08-20 13:23:52 [INFO] [İPTAL] VVVUSDT.P tekrar SMA üstüne çıktı. Takip sıfırlandı.
2026-08-20 13:23:53 [INFO] [WS-3] Toplam 27400 adet veri paketi başarıyla işlendi.
2026-08-20 13:23:53 [INFO] [WS-1] Toplam 41400 adet veri paketi başarıyla işlendi.
2026-08-20 13:23:54 [INFO] [WS-2] Toplam 36400 adet veri paketi başarıyla işlendi.
2026-08-20 13:23:54 [INFO] [WS-4] Toplam 22400 adet veri paketi başarıyla işlendi.
2026-08-20 13:23:56 [INFO] [WS-1] Toplam 41500 adet veri paketi başarıyla işlendi.
2026-08-20 13:23:57 [INFO] [WS-3] Toplam 27500 adet veri paketi başarıyla işlendi.
2026-08-20 13:23:57 [INFO] [WS-2] Toplam 36500 adet veri paketi başarıyla işlendi.
2026-08-20 13:23:59 [INFO] [WS-4] Toplam 22500 adet veri paketi başarıyla işlendi.
2026-08-20 13:23:59 [INFO] [WS-1] Toplam 41600 adet veri paketi başarıyla işlendi.
2026-08-20 13:24:00 [INFO] [BİLGİ] MINAUSDT.P SMA 50'ye (Aşağı) dokundu. Referans: 0.044239, Hedef: 0.042027
2026-08-20 13:24:00 [INFO] [WS-2] Toplam 36600 adet veri paketi başarıyla işlendi.
2026-08-20 13:24:00 [INFO] [WS-3] Toplam 27600 adet veri paketi başarıyla işlendi.
2026-08-20 13:24:00 [ERROR] Failed to fetch updates - TelegramConflictError: Telegram server says - Conflict: terminated by other getUpdates request; make sure that only one bot instance is running
2026-08-20 13:24:00 [WARNING] Sleep for 4.909757 seconds and try again... (tryings = 60, bot id = 8154127903)
2026-08-20 13:24:00 [INFO] [WS-1] Toplam 41700 adet veri paketi başarıyla işlendi.
2026-08-20 13:24:01 [INFO] [WS-4] Toplam 22600 adet veri paketi başarıyla işlendi.
2026-08-20 13:24:01 [INFO] [WS-2] Toplam 36700 adet veri paketi başarıyla işlendi.
2026-08-20 13:24:03 [INFO] [WS-1] Toplam 41800 adet veri paketi başarıyla işlendi.
2026-08-20 13:24:03 [INFO] [WS-3] Toplam 27700 adet veri paketi başarıyla işlendi.
2026-08-20 13:24:03 [INFO] [BİLGİ] RIVERUSDT.P SMA 50'ye (Yukarı) dokundu. Referans: 2.6851, Hedef: 2.8193
2026-08-20 13:24:03 [INFO] [WS-2] Toplam 36800 adet veri paketi başarıyla işlendi.
2026-08-20 13:24:04 [INFO] [WS-4] Toplam 22700 adet veri paketi başarıyla işlendi.
2026-08-20 13:24:04 [INFO] [İPTAL] GUAUSDT.P tekrar SMA altına indi. Takip sıfırlandı.
2026-08-20 13:24:04 [INFO] [WS-1] Toplam 41900 adet veri paketi başarıyla işlendi.
2026-08-20 13:24:05 [INFO] [WS-2] Toplam 36900 adet veri paketi başarıyla işlendi.
2026-08-20 13:24:05 [INFO] [WS-3] Toplam 27800 adet veri paketi başarıyla işlendi.
2026-08-20 13:24:05 [INFO] [BİLGİ] OPNUSDT.P SMA 50'ye (Aşağı) dokundu. Referans: 0.054148, Hedef: 0.051440
2026-08-20 13:24:06 [INFO] [WS-4] Toplam 22800 adet veri paketi başarıyla işlendi.
2026-08-20 13:24:07 [INFO] [WS-1] Toplam 42000 adet veri paketi başarıyla işlendi.
2026-08-20 13:24:07 [INFO] [WS-2] Toplam 37000 adet veri paketi başarıyla işlendi.
2026-08-20 13:24:07 [INFO] [İPTAL] KOMAUSDT.P tekrar SMA üstüne çıktı. Takip sıfırlandı.
2026-08-20 13:24:08 [INFO] [WS-3] Toplam 27900 adet veri paketi başarıyla işlendi.
2026-08-20 13:24:08 [INFO] [WS-1] Toplam 42100 adet veri paketi başarıyla işlendi.
2026-08-20 13:24:08 [INFO] [BİLGİ] BIRBUSDT.P SMA 50'ye (Aşağı) dokundu. Referans: 0.054413, Hedef: 0.051692
2026-08-20 13:24:08 [INFO] [WS-2] Toplam 37100 adet veri paketi başarıyla işlendi.
2026-08-20 13:24:08 [INFO] [İPTAL] DODOXUSDT.P tekrar SMA üstüne çıktı. Takip sıfırlandı.
2026-08-20 13:24:08 [INFO] [İPTAL] 2ZUSDT.P tekrar SMA altına indi. Takip sıfırlandı.
2026-08-20 13:24:08 [INFO] [WS-4] Toplam 22900 adet veri paketi başarıyla işlendi.
2026-08-20 13:24:09 [INFO] [İPTAL] BULLAUSDT.P tekrar SMA üstüne çıktı. Takip sıfırlandı.
2026-08-20 13:24:09 [INFO] [WS-1] Toplam 42200 adet veri paketi başarıyla işlendi.
2026-08-20 13:24:10 [INFO] [WS-2] Toplam 37200 adet veri paketi başarıyla işlendi.
2026-08-20 13:24:10 [INFO] [WS-3] Toplam 28000 adet veri paketi başarıyla işlendi.
2026-08-20 13:24:10 [INFO] [BİLGİ] TRIAUSDT.P SMA 50'ye (Aşağı) dokundu. Referans: 0.007637, Hedef: 0.007255
2026-08-20 13:24:10 [INFO] [BİLGİ] AGLDUSDT.P SMA 50'ye (Aşağı) dokundu. Referans: 0.161204, Hedef: 0.153144
2026-08-20 13:24:10 [ERROR] Failed to fetch updates - TelegramConflictError: Telegram server says - Conflict: terminated by other getUpdates request; make sure that only one bot instance is running
2026-08-20 13:24:10 [WARNING] Sleep for 5.090220 seconds and try again... (tryings = 61, bot id = 8154127903)
2026-08-20 13:24:11 [INFO] [WS-4] Toplam 23000 adet veri paketi başarıyla işlendi.
2026-08-20 13:24:12 [INFO] [WS-1] Toplam 42300 adet veri paketi başarıyla işlendi.
2026-08-20 13:24:12 [INFO] [WS-2] Toplam 37300 adet veri paketi başarıyla işlendi.
2026-08-20 13:24:13 [INFO] [WS-3] Toplam 28100 adet veri paketi başarıyla işlendi.
2026-08-20 13:24:14 [INFO] [WS-1] Toplam 42400 adet veri paketi başarıyla işlendi.
2026-08-20 13:24:14 [INFO] [WS-2] Toplam 37400 adet veri paketi başarıyla işlendi.
2026-08-20 13:24:14 [INFO] [WS-4] Toplam 23100 adet veri paketi başarıyla işlendi.
2026-08-20 13:24:15 [INFO] [BİLGİ] COAIUSDT.P SMA 50'ye (Aşağı) dokundu. Referans: 0.312674, Hedef: 0.297040
2026-08-20 13:24:16 [INFO] [WS-2] Toplam 37500 adet veri paketi başarıyla işlendi.
2026-08-20 13:24:16 [INFO] [WS-3] Toplam 28200 adet veri paketi başarıyla işlendi.
2026-08-20 13:24:16 [INFO] [BİLGİ] TAGUSDT.P SMA 50'ye (Yukarı) dokundu. Referans: 0.000938, Hedef: 0.000985
2026-08-20 13:24:16 [INFO] [WS-1] Toplam 42500 adet veri paketi başarıyla işlendi.
2026-08-20 13:24:17 [INFO] [BİLGİ] KOMAUSDT.P SMA 50'ye (Aşağı) dokundu. Referans: 0.012839, Hedef: 0.012197
2026-08-20 13:24:17 [INFO] [WS-4] Toplam 23200 adet veri paketi başarıyla işlendi.
2026-08-20 13:24:18 [INFO] [WS-2] Toplam 37600 adet veri paketi başarıyla işlendi.
2026-08-20 13:24:18 [INFO] [WS-1] Toplam 42600 adet veri paketi başarıyla işlendi.
2026-08-20 13:24:18 [INFO] [WS-3] Toplam 28300 adet veri paketi başarıyla işlendi.
2026-08-20 13:24:19 [INFO] [WS-2] Toplam 37700 adet veri paketi başarıyla işlendi.
2026-08-20 13:24:19 [INFO] [İPTAL] IRYSUSDT.P tekrar SMA altına indi. Takip sıfırlandı.
2026-08-20 13:24:19 [INFO] [WS-1] Toplam 42700 adet veri paketi başarıyla işlendi.
2026-08-20 13:24:20 [INFO] [WS-4] Toplam 23300 adet veri paketi başarıyla işlendi.
2026-08-20 13:24:20 [INFO] [İPTAL] TRIAUSDT.P tekrar SMA üstüne çıktı. Takip sıfırlandı.
2026-08-20 13:24:20 [INFO] [İPTAL] RIVERUSDT.P tekrar SMA altına indi. Takip sıfırlandı.
2026-08-20 13:24:20 [INFO] [WS-3] Toplam 28400 adet veri paketi başarıyla işlendi.
2026-08-20 13:24:20 [INFO] [BİLGİ] RIVERUSDT.P SMA 50'ye (Yukarı) dokundu. Referans: 2.6851, Hedef: 2.8194
2026-08-20 13:24:21 [ERROR] Failed to fetch updates - TelegramConflictError: Telegram server says - Conflict: terminated by other getUpdates request; make sure that only one bot instance is running
2026-08-20 13:24:21 [WARNING] Sleep for 4.966673 seconds and try again... (tryings = 62, bot id = 8154127903)
2026-08-20 13:24:21 [INFO] [WS-2] Toplam 37800 adet veri paketi başarıyla işlendi.
2026-08-20 13:24:21 [INFO] [WS-1] Toplam 42800 adet veri paketi başarıyla işlendi.
2026-08-20 13:24:22 [INFO] [BİLGİ] VVVUSDT.P SMA 50'ye (Aşağı) dokundu. Referans: 14.2277, Hedef: 13.5163
2026-08-20 13:24:23 [INFO] [WS-2] Toplam 37900 adet veri paketi başarıyla işlendi.
2026-08-20 13:24:23 [INFO] [WS-1] Toplam 42900 adet veri paketi başarıyla işlendi.
2026-08-20 13:24:23 [INFO] [WS-3] Toplam 28500 adet veri paketi başarıyla işlendi.
2026-08-20 13:24:24 [INFO] [WS-4] Toplam 23400 adet veri paketi başarıyla işlendi.
2026-08-20 13:24:25 [INFO] [WS-2] Toplam 38000 adet veri paketi başarıyla işlendi.
2026-08-20 13:24:26 [INFO] [WS-1] Toplam 43000 adet veri paketi başarıyla işlendi.
2026-08-20 13:24:27 [INFO] [WS-3] Toplam 28600 adet veri paketi başarıyla işlendi.
2026-08-20 13:24:27 [INFO] [WS-4] Toplam 23500 adet veri paketi başarıyla işlendi.
2026-08-20 13:24:28 [INFO] [WS-2] Toplam 38100 adet veri paketi başarıyla işlendi.
2026-08-20 13:24:28 [INFO] [WS-1] Toplam 43100 adet veri paketi başarıyla işlendi.
2026-08-20 13:24:30 [INFO] [BİLGİ] ASTERUSDT.P SMA 50'ye (Aşağı) dokundu. Referans: 0.663458, Hedef: 0.630285
2026-08-20 13:24:30 [INFO] [WS-2] Toplam 38200 adet veri paketi başarıyla işlendi.
2026-08-20 13:24:30 [INFO] [WS-3] Toplam 28700 adet veri paketi başarıyla işlendi.
2026-08-20 13:24:31 [INFO] [WS-4] Toplam 23600 adet veri paketi başarıyla işlendi.
2026-08-20 13:24:31 [INFO] [İPTAL] ASTERUSDT.P tekrar SMA üstüne çıktı. Takip sıfırlandı.
2026-08-20 13:24:31 [INFO] [WS-1] Toplam 43200 adet veri paketi başarıyla işlendi.
2026-08-20 13:24:31 [ERROR] Failed to fetch updates - TelegramConflictError: Telegram server says - Conflict: terminated by other getUpdates request; make sure that only one bot instance is running
2026-08-20 13:24:31 [WARNING] Sleep for 4.992084 seconds and try again... (tryings = 63, bot id = 8154127903)
2026-08-20 13:24:33 [INFO] [WS-1] Toplam 43300 adet veri paketi başarıyla işlendi.
2026-08-20 13:24:33 [INFO] [WS-2] Toplam 38300 adet veri paketi başarıyla işlendi.
2026-08-20 13:24:33 [INFO] [BİLGİ] GUAUSDT.P SMA 50'ye (Yukarı) dokundu. Referans: 0.044705, Hedef: 0.046940
2026-08-20 13:24:34 [INFO] [WS-3] Toplam 28800 adet veri paketi başarıyla işlendi.
2026-08-20 13:24:34 [INFO] [WS-4] Toplam 23700 adet veri paketi başarıyla işlendi.
2026-08-20 13:24:35 [INFO] [İPTAL] GUAUSDT.P tekrar SMA altına indi. Takip sıfırlandı.
2026-08-20 13:24:36 [INFO] [WS-1] Toplam 43400 adet veri paketi başarıyla işlendi.
2026-08-20 13:24:36 [INFO] [WS-2] Toplam 38400 adet veri paketi başarıyla işlendi.
2026-08-20 13:24:36 [INFO] [BİLGİ] DODOXUSDT.P SMA 50'ye (Aşağı) dokundu. Referans: 0.020114, Hedef: 0.019108
2026-08-20 13:24:37 [INFO] [WS-3] Toplam 28900 adet veri paketi başarıyla işlendi.
2026-08-20 13:24:38 [INFO] [BİLGİ] GUAUSDT.P SMA 50'ye (Yukarı) dokundu. Referans: 0.044705, Hedef: 0.046940
2026-08-20 13:24:38 [INFO] [WS-4] Toplam 23800 adet veri paketi başarıyla işlendi.
2026-08-20 13:24:38 [INFO] [WS-1] Toplam 43500 adet veri paketi başarıyla işlendi.
2026-08-20 13:24:38 [INFO] [WS-2] Toplam 38500 adet veri paketi başarıyla işlendi.
2026-08-20 13:24:40 [INFO] [WS-1] Toplam 43600 adet veri paketi başarıyla işlendi.
2026-08-20 13:24:40 [INFO] [WS-2] Toplam 38600 adet veri paketi başarıyla işlendi.
2026-08-20 13:24:40 [INFO] [WS-3] Toplam 29000 adet veri paketi başarıyla işlendi.
2026-08-20 13:24:41 [INFO] [WS-4] Toplam 23900 adet veri paketi başarıyla işlendi.
2026-08-20 13:24:41 [ERROR] Failed to fetch updates - TelegramConflictError: Telegram server says - Conflict: terminated by other getUpdates request; make sure that only one bot instance is running
2026-08-20 13:24:41 [WARNING] Sleep for 5.017979 seconds and try again... (tryings = 64, bot id = 8154127903)
2026-08-20 13:24:43 [INFO] [WS-2] Toplam 38700 adet veri paketi başarıyla işlendi.
2026-08-20 13:24:43 [INFO] [WS-1] Toplam 43700 adet veri paketi başarıyla işlendi.
2026-08-20 13:24:43 [INFO] [BİLGİ] TRIAUSDT.P SMA 50'ye (Aşağı) dokundu. Referans: 0.007637, Hedef: 0.007255
2026-08-20 13:24:44 [INFO] [WS-3] Toplam 29100 adet veri paketi başarıyla işlendi.
2026-08-20 13:24:44 [INFO] [BİLGİ] PAXGUSDT.P SMA 50'ye (Yukarı) dokundu. Referans: 4475.90, Hedef: 4699.69
2026-08-20 13:24:44 [INFO] [WS-4] Toplam 24000 adet veri paketi başarıyla işlendi.
2026-08-20 13:24:45 [INFO] [İPTAL] KOMAUSDT.P tekrar SMA üstüne çıktı. Takip sıfırlandı.
2026-08-20 13:24:45 [INFO] [BİLGİ] ASTERUSDT.P SMA 50'ye (Aşağı) dokundu. Referans: 0.663456, Hedef: 0.630283
2026-08-20 13:24:45 [INFO] [WS-2] Toplam 38800 adet veri paketi başarıyla işlendi.
2026-08-20 13:24:45 [INFO] [İPTAL] ASTERUSDT.P tekrar SMA üstüne çıktı. Takip sıfırlandı.
2026-08-20 13:24:45 [INFO] [WS-1] Toplam 43800 adet veri paketi başarıyla işlendi.
2026-08-20 13:24:46 [INFO] [İPTAL] TRIAUSDT.P tekrar SMA üstüne çıktı. Takip sıfırlandı.
2026-08-20 13:24:46 [INFO] [WS-3] Toplam 29200 adet veri paketi başarıyla işlendi.
2026-08-20 13:24:47 [INFO] [WS-4] Toplam 24100 adet veri paketi başarıyla işlendi.
2026-08-20 13:24:48 [INFO] [WS-2] Toplam 38900 adet veri paketi başarıyla işlendi.
2026-08-20 13:24:48 [INFO] [WS-1] Toplam 43900 adet veri paketi başarıyla işlendi.
2026-08-20 13:24:49 [INFO] [İPTAL] RIVERUSDT.P tekrar SMA altına indi. Takip sıfırlandı.
2026-08-20 13:24:50 [INFO] [WS-2] Toplam 39000 adet veri paketi başarıyla işlendi.
2026-08-20 13:24:50 [INFO] [WS-3] Toplam 29300 adet veri paketi başarıyla işlendi.
2026-08-20 13:24:50 [INFO] [WS-1] Toplam 44000 adet veri paketi başarıyla işlendi.
2026-08-20 13:24:51 [INFO] [BİLGİ] BTRUSDT.P SMA 50'ye (Yukarı) dokundu. Referans: 0.029872, Hedef: 0.031365
2026-08-20 13:24:51 [INFO] [WS-4] Toplam 24200 adet veri paketi başarıyla işlendi.
2026-08-20 13:24:52 [ERROR] Failed to fetch updates - TelegramConflictError: Telegram server says - Conflict: terminated by other getUpdates request; make sure that only one bot instance is running
2026-08-20 13:24:52 [WARNING] Sleep for 5.013152 seconds and try again... (tryings = 65, bot id = 8154127903)
2026-08-20 13:24:53 [INFO] [WS-2] Toplam 39100 adet veri paketi başarıyla işlendi.
2026-08-20 13:24:54 [INFO] [WS-1] Toplam 44100 adet veri paketi başarıyla işlendi.
2026-08-20 13:24:54 [INFO] [WS-3] Toplam 29400 adet veri paketi başarıyla işlendi.
2026-08-20 13:24:55 [INFO] [WS-4] Toplam 24300 adet veri paketi başarıyla işlendi.
2026-08-20 13:24:55 [INFO] [WS-2] Toplam 39200 adet veri paketi başarıyla işlendi.
2026-08-20 13:24:56 [INFO] [WS-1] Toplam 44200 adet veri paketi başarıyla işlendi.
2026-08-20 13:24:58 [INFO] [WS-3] Toplam 29500 adet veri paketi başarıyla işlendi.
2026-08-20 13:24:58 [INFO] [WS-2] Toplam 39300 adet veri paketi başarıyla işlendi.
2026-08-20 13:24:58 [INFO] [WS-1] Toplam 44300 adet veri paketi başarıyla işlendi.
2026-08-20 13:24:59 [INFO] [BİLGİ] RIVERUSDT.P SMA 50'ye (Yukarı) dokundu. Referans: 2.6851, Hedef: 2.8193
2026-08-20 13:24:59 [INFO] [İPTAL] TAGUSDT.P tekrar SMA altına indi. Takip sıfırlandı.
2026-08-20 13:24:59 [INFO] [İPTAL] GUAUSDT.P tekrar SMA altına indi. Takip sıfırlandı.
2026-08-20 13:24:59 [INFO] [WS-4] Toplam 24400 adet veri paketi başarıyla işlendi.
2026-08-20 13:24:59 [INFO] [İPTAL] BTRUSDT.P tekrar SMA altına indi. Takip sıfırlandı.
2026-08-20 13:25:00 [INFO] [WS-2] Toplam 39400 adet veri paketi başarıyla işlendi.
2026-08-20 13:25:00 [INFO] [WS-3] Toplam 29600 adet veri paketi başarıyla işlendi.
2026-08-20 13:25:00 [INFO] [WS-1] Toplam 44400 adet veri paketi başarıyla işlendi.
2026-08-20 13:25:00 [INFO] [İPTAL] OPNUSDT.P tekrar SMA üstüne çıktı. Takip sıfırlandı.
2026-08-20 13:25:00 [INFO] [ZAMAN AŞIMI] AIGENSYNUSDT.P 15 dk içinde hedefe ulaşamadı. İptal edildi.
2026-08-20 13:25:00 [INFO] [ZAMAN AŞIMI] AEROUSDT.P 15 dk içinde hedefe ulaşamadı. İptal edildi.
2026-08-20 13:25:00 [INFO] [ZAMAN AŞIMI] VELVETUSDT.P 15 dk içinde hedefe ulaşamadı. İptal edildi.
2026-08-20 13:25:00 [INFO] [ZAMAN AŞIMI] IMXUSDT.P 15 dk içinde hedefe ulaşamadı. İptal edildi.
2026-08-20 13:25:00 [INFO] [WS-2] Toplam 39500 adet veri paketi başarıyla işlendi.
2026-08-20 13:25:01 [INFO] [WS-1] Toplam 44500 adet veri paketi başarıyla işlendi.
2026-08-20 13:25:01 [INFO] [BİLGİ] KOMAUSDT.P SMA 50'ye (Aşağı) dokundu. Referans: 0.012839, Hedef: 0.012197
2026-08-20 13:25:01 [INFO] [WS-4] Toplam 24500 adet veri paketi başarıyla işlendi.
2026-08-20 13:25:01 [INFO] [WS-3] Toplam 29700 adet veri paketi başarıyla işlendi.
2026-08-20 13:25:02 [INFO] [WS-2] Toplam 39600 adet veri paketi başarıyla işlendi.
2026-08-20 13:25:02 [INFO] [BİLGİ] GUAUSDT.P SMA 50'ye (Yukarı) dokundu. Referans: 0.044698, Hedef: 0.046933
2026-08-20 13:25:02 [INFO] [WS-1] Toplam 44600 adet veri paketi başarıyla işlendi.
2026-08-20 13:25:02 [ERROR] Failed to fetch updates - TelegramConflictError: Telegram server says - Conflict: terminated by other getUpdates request; make sure that only one bot instance is running
2026-08-20 13:25:02 [WARNING] Sleep for 5.183265 seconds and try again... (tryings = 66, bot id = 8154127903)
2026-08-20 13:25:03 [INFO] [ZAMAN AŞIMI] SUNUSDT.P 15 dk içinde hedefe ulaşamadı. İptal edildi.
2026-08-20 13:25:03 [INFO] [ZAMAN AŞIMI] ARIAUSDT.P 15 dk içinde hedefe ulaşamadı. İptal edildi.
2026-08-20 13:25:03 [INFO] [WS-3] Toplam 29800 adet veri paketi başarıyla işlendi.
2026-08-20 13:25:03 [INFO] [WS-2] Toplam 39700 adet veri paketi başarıyla işlendi.
2026-08-20 13:25:03 [INFO] [WS-1] Toplam 44700 adet veri paketi başarıyla işlendi.
2026-08-20 13:25:03 [INFO] [WS-4] Toplam 24600 adet veri paketi başarıyla işlendi.
2026-08-20 13:25:04 [INFO] [BİLGİ] ASTERUSDT.P SMA 50'ye (Aşağı) dokundu. Referans: 0.663814, Hedef: 0.630623
2026-08-20 13:25:04 [INFO] [İPTAL] RIVERUSDT.P tekrar SMA altına indi. Takip sıfırlandı.
2026-08-20 13:25:04 [INFO] [WS-2] Toplam 39800 adet veri paketi başarıyla işlendi.
2026-08-20 13:25:05 [INFO] [WS-3] Toplam 29900 adet veri paketi başarıyla işlendi.
2026-08-20 13:25:06 [INFO] [WS-1] Toplam 44800 adet veri paketi başarıyla işlendi.
2026-08-20 13:25:06 [INFO] [WS-2] Toplam 39900 adet veri paketi başarıyla işlendi.
2026-08-20 13:25:07 [INFO] [WS-4] Toplam 24700 adet veri paketi başarıyla işlendi.
2026-08-20 13:25:07 [INFO] [WS-1] Toplam 44900 adet veri paketi başarıyla işlendi.
2026-08-20 13:25:08 [INFO] [WS-3] Toplam 30000 adet veri paketi başarıyla işlendi.
2026-08-20 13:25:08 [INFO] [İPTAL] ESPORTSUSDT.P tekrar SMA üstüne çıktı. Takip sıfırlandı.
2026-08-20 13:25:09 [INFO] [WS-2] Toplam 40000 adet veri paketi başarıyla işlendi.
2026-08-20 13:25:10 [INFO] [WS-4] Toplam 24800 adet veri paketi başarıyla işlendi.
2026-08-20 13:25:10 [INFO] [WS-1] Toplam 45000 adet veri paketi başarıyla işlendi.
2026-08-20 13:25:11 [INFO] [BİLGİ] RIFUSDT.P SMA 50'ye (Yukarı) dokundu. Referans: 0.077153, Hedef: 0.081010
2026-08-20 13:25:11 [INFO] [WS-2] Toplam 40100 adet veri paketi başarıyla işlendi.
2026-08-20 13:25:12 [INFO] [WS-3] Toplam 30100 adet veri paketi başarıyla işlendi.
2026-08-20 13:25:12 [INFO] [WS-1] Toplam 45100 adet veri paketi başarıyla işlendi.
2026-08-20 13:25:12 [INFO] [BİLGİ] ESPORTSUSDT.P SMA 50'ye (Aşağı) dokundu. Referans: 0.016223, Hedef: 0.015412
2026-08-20 13:25:12 [INFO] [BİLGİ] TAGUSDT.P SMA 50'ye (Yukarı) dokundu. Referans: 0.000938, Hedef: 0.000985
2026-08-20 13:25:12 [INFO] [BİLGİ] AIOTUSDT.P SMA 50'ye (Aşağı) dokundu. Referans: 0.038013, Hedef: 0.036112
2026-08-20 13:25:12 [ERROR] Failed to fetch updates - TelegramConflictError: Telegram server says - Conflict: terminated by other getUpdates request; make sure that only one bot instance is running
2026-08-20 13:25:12 [WARNING] Sleep for 5.167472 seconds and try again... (tryings = 67, bot id = 8154127903)
2026-08-20 13:25:13 [INFO] [WS-4] Toplam 24900 adet veri paketi başarıyla işlendi.
2026-08-20 13:25:13 [INFO] [WS-2] Toplam 40200 adet veri paketi başarıyla işlendi.
2026-08-20 13:25:14 [INFO] [WS-1] Toplam 45200 adet veri paketi başarıyla işlendi.
2026-08-20 13:25:14 [INFO] [WS-3] Toplam 30200 adet veri paketi başarıyla işlendi.
2026-08-20 13:25:15 [INFO] [İPTAL] ASTERUSDT.P tekrar SMA üstüne çıktı. Takip sıfırlandı.
2026-08-20 13:25:15 [INFO] [WS-2] Toplam 40300 adet veri paketi başarıyla işlendi.
2026-08-20 13:25:15 [INFO] [WS-1] Toplam 45300 adet veri paketi başarıyla işlendi.
2026-08-20 13:25:16 [INFO] [WS-3] Toplam 30300 adet veri paketi başarıyla işlendi.
2026-08-20 13:25:16 [INFO] [WS-4] Toplam 25000 adet veri paketi başarıyla işlendi.
2026-08-20 13:25:17 [INFO] [WS-2] Toplam 40400 adet veri paketi başarıyla işlendi.
2026-08-20 13:25:18 [INFO] [WS-1] Toplam 45400 adet veri paketi başarıyla işlendi.
2026-08-20 13:25:19 [INFO] [WS-2] Toplam 40500 adet veri paketi başarıyla işlendi.
2026-08-20 13:25:19 [INFO] [WS-1] Toplam 45500 adet veri paketi başarıyla işlendi.
2026-08-20 13:25:20 [INFO] [İPTAL] ESPORTSUSDT.P tekrar SMA üstüne çıktı. Takip sıfırlandı.
2026-08-20 13:25:20 [INFO] [WS-4] Toplam 25100 adet veri paketi başarıyla işlendi.
2026-08-20 13:25:20 [INFO] [WS-3] Toplam 30400 adet veri paketi başarıyla işlendi.
2026-08-20 13:25:21 [INFO] [WS-2] Toplam 40600 adet veri paketi başarıyla işlendi.
2026-08-20 13:25:22 [INFO] [WS-1] Toplam 45600 adet veri paketi başarıyla işlendi.
2026-08-20 13:25:23 [INFO] [WS-4] Toplam 25200 adet veri paketi başarıyla işlendi.
2026-08-20 13:25:23 [INFO] [WS-3] Toplam 30500 adet veri paketi başarıyla işlendi.
2026-08-20 13:25:23 [ERROR] Failed to fetch updates - TelegramConflictError: Telegram server says - Conflict: terminated by other getUpdates request; make sure that only one bot instance is running
2026-08-20 13:25:23 [WARNING] Sleep for 4.922379 seconds and try again... (tryings = 68, bot id = 8154127903)
2026-08-20 13:25:23 [INFO] [WS-2] Toplam 40700 adet veri paketi başarıyla işlendi.
2026-08-20 13:25:25 [INFO] [WS-1] Toplam 45700 adet veri paketi başarıyla işlendi.
2026-08-20 13:25:25 [INFO] [BİLGİ] ESPORTSUSDT.P SMA 50'ye (Aşağı) dokundu. Referans: 0.016223, Hedef: 0.015412
2026-08-20 13:25:26 [INFO] [WS-2] Toplam 40800 adet veri paketi başarıyla işlendi.
2026-08-20 13:25:26 [INFO] [WS-4] Toplam 25300 adet veri paketi başarıyla işlendi.
2026-08-20 13:25:26 [INFO] [İPTAL] GUAUSDT.P tekrar SMA altına indi. Takip sıfırlandı.
2026-08-20 13:25:26 [INFO] [WS-3] Toplam 30600 adet veri paketi başarıyla işlendi.
2026-08-20 13:25:27 [INFO] [WS-1] Toplam 45800 adet veri paketi başarıyla işlendi.
2026-08-20 13:25:28 [INFO] [WS-2] Toplam 40900 adet veri paketi başarıyla işlendi.
2026-08-20 13:25:29 [INFO] [WS-4] Toplam 25400 adet veri paketi başarıyla işlendi.
2026-08-20 13:25:29 [INFO] [BİLGİ] GUAUSDT.P SMA 50'ye (Yukarı) dokundu. Referans: 0.044698, Hedef: 0.046933
2026-08-20 13:25:29 [INFO] [WS-3] Toplam 30700 adet veri paketi başarıyla işlendi.
2026-08-20 13:25:29 [INFO] [BİLGİ] BULLAUSDT.P SMA 50'ye (Aşağı) dokundu. Referans: 0.018056, Hedef: 0.017153
2026-08-20 13:25:29 [INFO] [WS-1] Toplam 45900 adet veri paketi başarıyla işlendi.
2026-08-20 13:25:29 [INFO] [WS-2] Toplam 41000 adet veri paketi başarıyla işlendi.
2026-08-20 13:25:30 [INFO] [BİLGİ] TRIAUSDT.P SMA 50'ye (Aşağı) dokundu. Referans: 0.007635, Hedef: 0.007253
2026-08-20 13:25:30 [INFO] [WS-1] Toplam 46000 adet veri paketi başarıyla işlendi.
2026-08-20 13:25:30 [INFO] [WS-3] Toplam 30800 adet veri paketi başarıyla işlendi.
2026-08-20 13:25:31 [INFO] [WS-4] Toplam 25500 adet veri paketi başarıyla işlendi.
2026-08-20 13:25:32 [INFO] [WS-2] Toplam 41100 adet veri paketi başarıyla işlendi.
2026-08-20 13:25:32 [INFO] [İPTAL] TRIAUSDT.P tekrar SMA üstüne çıktı. Takip sıfırlandı.
2026-08-20 13:25:32 [INFO] [WS-1] Toplam 46100 adet veri paketi başarıyla işlendi.
2026-08-20 13:25:32 [INFO] [İPTAL] XANUSDT.P tekrar SMA üstüne çıktı. Takip sıfırlandı.
2026-08-20 13:25:33 [ERROR] Failed to fetch updates - TelegramConflictError: Telegram server says - Conflict: terminated by other getUpdates request; make sure that only one bot instance is running
2026-08-20 13:25:33 [WARNING] Sleep for 4.973495 seconds and try again... (tryings = 69, bot id = 8154127903)
2026-08-20 13:25:34 [INFO] [WS-3] Toplam 30900 adet veri paketi başarıyla işlendi.
2026-08-20 13:25:34 [INFO] [WS-2] Toplam 41200 adet veri paketi başarıyla işlendi.
2026-08-20 13:25:34 [INFO] [WS-4] Toplam 25600 adet veri paketi başarıyla işlendi.
2026-08-20 13:25:35 [INFO] [WS-1] Toplam 46200 adet veri paketi başarıyla işlendi.
2026-08-20 13:25:35 [INFO] [BİLGİ] CYSUSDT.P SMA 50'ye (Aşağı) dokundu. Referans: 0.581630, Hedef: 0.552548
2026-08-20 13:25:36 [INFO] [WS-2] Toplam 41300 adet veri paketi başarıyla işlendi.
2026-08-20 13:25:36 [INFO] [WS-3] Toplam 31000 adet veri paketi başarıyla işlendi.
2026-08-20 13:25:37 [INFO] [WS-1] Toplam 46300 adet veri paketi başarıyla işlendi.
2026-08-20 13:25:37 [INFO] [WS-4] Toplam 25700 adet veri paketi başarıyla işlendi.
2026-08-20 13:25:37 [INFO] [BİLGİ] XAUTUSDT.P SMA 50'ye (Yukarı) dokundu. Referans: 4469.11, Hedef: 4692.57
2026-08-20 13:25:38 [INFO] [İPTAL] DODOXUSDT.P tekrar SMA üstüne çıktı. Takip sıfırlandı.
2026-08-20 13:25:38 [INFO] [WS-2] Toplam 41400 adet veri paketi başarıyla işlendi.
2026-08-20 13:25:39 [INFO] [WS-3] Toplam 31100 adet veri paketi başarıyla işlendi.
2026-08-20 13:25:39 [INFO] [WS-1] Toplam 46400 adet veri paketi başarıyla işlendi.
2026-08-20 13:25:41 [INFO] [WS-4] Toplam 25800 adet veri paketi başarıyla işlendi.
2026-08-20 13:25:41 [INFO] [WS-1] Toplam 46500 adet veri paketi başarıyla işlendi.
2026-08-20 13:25:41 [INFO] [WS-2] Toplam 41500 adet veri paketi başarıyla işlendi.
2026-08-20 13:25:41 [INFO] [BİLGİ] DODOXUSDT.P SMA 50'ye (Aşağı) dokundu. Referans: 0.020112, Hedef: 0.019107
2026-08-20 13:25:41 [INFO] [İPTAL] KOMAUSDT.P tekrar SMA üstüne çıktı. Takip sıfırlandı.
2026-08-20 13:25:41 [INFO] [WS-3] Toplam 31200 adet veri paketi başarıyla işlendi.
2026-08-20 13:25:42 [INFO] [İPTAL] RIFUSDT.P tekrar SMA altına indi. Takip sıfırlandı.
2026-08-20 13:25:42 [INFO] [İPTAL] DODOXUSDT.P tekrar SMA üstüne çıktı. Takip sıfırlandı.
2026-08-20 13:25:42 [INFO] [WS-1] Toplam 46600 adet veri paketi başarıyla işlendi.
2026-08-20 13:25:43 [INFO] [WS-2] Toplam 41600 adet veri paketi başarıyla işlendi.
2026-08-20 13:25:43 [ERROR] Failed to fetch updates - TelegramConflictError: Telegram server says - Conflict: terminated by other getUpdates request; make sure that only one bot instance is running
2026-08-20 13:25:43 [WARNING] Sleep for 5.054204 seconds and try again... (tryings = 70, bot id = 8154127903)
2026-08-20 13:25:43 [INFO] [WS-4] Toplam 25900 adet veri paketi başarıyla işlendi.
2026-08-20 13:25:44 [INFO] [WS-3] Toplam 31300 adet veri paketi başarıyla işlendi.
2026-08-20 13:25:44 [INFO] [WS-1] Toplam 46700 adet veri paketi başarıyla işlendi.
2026-08-20 13:25:45 [INFO] [İPTAL] CYSUSDT.P tekrar SMA üstüne çıktı. Takip sıfırlandı.
2026-08-20 13:25:45 [INFO] [WS-2] Toplam 41700 adet veri paketi başarıyla işlendi.
2026-08-20 13:25:46 [INFO] [BİLGİ] CYSUSDT.P SMA 50'ye (Aşağı) dokundu. Referans: 0.581618, Hedef: 0.552537
2026-08-20 13:25:46 [INFO] [BİLGİ] XANUSDT.P SMA 50'ye (Aşağı) dokundu. Referans: 0.011015, Hedef: 0.010464
2026-08-20 13:25:46 [INFO] [WS-4] Toplam 26000 adet veri paketi başarıyla işlendi.
2026-08-20 13:25:47 [INFO] [İPTAL] GRIFFAINUSDT.P tekrar SMA altına indi. Takip sıfırlandı.
2026-08-20 13:25:47 [INFO] [WS-1] Toplam 46800 adet veri paketi başarıyla işlendi.
2026-08-20 13:25:47 [INFO] [WS-2] Toplam 41800 adet veri paketi başarıyla işlendi.
2026-08-20 13:25:48 [INFO] [WS-3] Toplam 31400 adet veri paketi başarıyla işlendi.
2026-08-20 13:25:49 [INFO] [WS-1] Toplam 46900 adet veri paketi başarıyla işlendi.
2026-08-20 13:25:50 [INFO] [WS-2] Toplam 41900 adet veri paketi başarıyla işlendi.
2026-08-20 13:25:50 [INFO] [BİLGİ] RAREUSDT.P SMA 50'ye (Aşağı) dokundu. Referans: 0.012267, Hedef: 0.011654
2026-08-20 13:25:50 [INFO] [WS-4] Toplam 26100 adet veri paketi başarıyla işlendi.
2026-08-20 13:25:51 [INFO] [WS-3] Toplam 31500 adet veri paketi başarıyla işlendi.
2026-08-20 13:25:51 [INFO] [WS-1] Toplam 47000 adet veri paketi başarıyla işlendi.
2026-08-20 13:25:52 [INFO] [WS-2] Toplam 42000 adet veri paketi başarıyla işlendi.
2026-08-20 13:25:53 [INFO] [WS-1] Toplam 47100 adet veri paketi başarıyla işlendi.
2026-08-20 13:25:53 [ERROR] Failed to fetch updates - TelegramConflictError: Telegram server says - Conflict: terminated by other getUpdates request; make sure that only one bot instance is running
2026-08-20 13:25:53 [WARNING] Sleep for 4.869624 seconds and try again... (tryings = 71, bot id = 8154127903)
2026-08-20 13:25:54 [INFO] [WS-2] Toplam 42100 adet veri paketi başarıyla işlendi.
2026-08-20 13:25:55 [INFO] [WS-4] Toplam 26200 adet veri paketi başarıyla işlendi.
2026-08-20 13:25:55 [INFO] [WS-3] Toplam 31600 adet veri paketi başarıyla işlendi.
2026-08-20 13:25:56 [INFO] [WS-1] Toplam 47200 adet veri paketi başarıyla işlendi.
2026-08-20 13:25:57 [INFO] [WS-2] Toplam 42200 adet veri paketi başarıyla işlendi.
2026-08-20 13:25:57 [INFO] [WS-3] Toplam 31700 adet veri paketi başarıyla işlendi.
2026-08-20 13:25:58 [INFO] [WS-1] Toplam 47300 adet veri paketi başarıyla işlendi.
2026-08-20 13:25:58 [INFO] [WS-4] Toplam 26300 adet veri paketi başarıyla işlendi.
2026-08-20 13:25:58 [INFO] [BİLGİ] BEATUSDT.P SMA 50'ye (Aşağı) dokundu. Referans: 0.136788, Hedef: 0.129949
2026-08-20 13:25:59 [INFO] [İPTAL] XANUSDT.P tekrar SMA üstüne çıktı. Takip sıfırlandı.
2026-08-20 13:25:59 [INFO] [WS-2] Toplam 42300 adet veri paketi başarıyla işlendi.
2026-08-20 13:25:59 [INFO] [WS-1] Toplam 47400 adet veri paketi başarıyla işlendi.
2026-08-20 13:26:00 [INFO] [BİLGİ] DODOXUSDT.P SMA 50'ye (Aşağı) dokundu. Referans: 0.020112, Hedef: 0.019107
2026-08-20 13:26:00 [INFO] [İPTAL] GUAUSDT.P tekrar SMA altına indi. Takip sıfırlandı.
2026-08-20 13:26:00 [INFO] [WS-3] Toplam 31800 adet veri paketi başarıyla işlendi.
2026-08-20 13:26:00 [INFO] [WS-2] Toplam 42400 adet veri paketi başarıyla işlendi.
2026-08-20 13:26:00 [INFO] [WS-4] Toplam 26400 adet veri paketi başarıyla işlendi.
2026-08-20 13:26:00 [INFO] [BİLGİ] XANUSDT.P SMA 50'ye (Aşağı) dokundu. Referans: 0.011014, Hedef: 0.010464
2026-08-20 13:26:00 [INFO] [WS-1] Toplam 47500 adet veri paketi başarıyla işlendi.
2026-08-20 13:26:01 [INFO] [BİLGİ] ASTERUSDT.P SMA 50'ye (Aşağı) dokundu. Referans: 0.663818, Hedef: 0.630627
2026-08-20 13:26:01 [INFO] [WS-3] Toplam 31900 adet veri paketi başarıyla işlendi.
2026-08-20 13:26:02 [INFO] [WS-2] Toplam 42500 adet veri paketi başarıyla işlendi.
2026-08-20 13:26:02 [INFO] [WS-1] Toplam 47600 adet veri paketi başarıyla işlendi.
2026-08-20 13:26:02 [INFO] [WS-4] Toplam 26500 adet veri paketi başarıyla işlendi.
2026-08-20 13:26:03 [INFO] [İPTAL] ASTERUSDT.P tekrar SMA üstüne çıktı. Takip sıfırlandı.
2026-08-20 13:26:04 [INFO] [WS-3] Toplam 32000 adet veri paketi başarıyla işlendi.
2026-08-20 13:26:04 [INFO] [WS-2] Toplam 42600 adet veri paketi başarıyla işlendi.
2026-08-20 13:26:04 [INFO] [WS-1] Toplam 47700 adet veri paketi başarıyla işlendi.
2026-08-20 13:26:04 [ERROR] Failed to fetch updates - TelegramConflictError: Telegram server says - Conflict: terminated by other getUpdates request; make sure that only one bot instance is running
2026-08-20 13:26:04 [WARNING] Sleep for 4.997647 seconds and try again... (tryings = 72, bot id = 8154127903)
2026-08-20 13:26:05 [INFO] [WS-4] Toplam 26600 adet veri paketi başarıyla işlendi.
2026-08-20 13:26:05 [INFO] [İPTAL] CYSUSDT.P tekrar SMA üstüne çıktı. Takip sıfırlandı.
2026-08-20 13:26:05 [INFO] [BİLGİ] TRIAUSDT.P SMA 50'ye (Aşağı) dokundu. Referans: 0.007635, Hedef: 0.007253
2026-08-20 13:26:06 [INFO] [WS-2] Toplam 42700 adet veri paketi başarıyla işlendi.
2026-08-20 13:26:06 [INFO] [WS-1] Toplam 47800 adet veri paketi başarıyla işlendi.
2026-08-20 13:26:06 [INFO] [WS-3] Toplam 32100 adet veri paketi başarıyla işlendi.
2026-08-20 13:26:07 [INFO] [WS-2] Toplam 42800 adet veri paketi başarıyla işlendi.
2026-08-20 13:26:08 [INFO] [WS-4] Toplam 26700 adet veri paketi başarıyla işlendi.
2026-08-20 13:26:08 [INFO] [WS-1] Toplam 47900 adet veri paketi başarıyla işlendi.
2026-08-20 13:26:09 [INFO] [WS-3] Toplam 32200 adet veri paketi başarıyla işlendi.
2026-08-20 13:26:09 [INFO] [İPTAL] XAUTUSDT.P tekrar SMA altına indi. Takip sıfırlandı.
2026-08-20 13:26:09 [INFO] [BİLGİ] CYSUSDT.P SMA 50'ye (Aşağı) dokundu. Referans: 0.581624, Hedef: 0.552543
2026-08-20 13:26:10 [INFO] [WS-1] Toplam 48000 adet veri paketi başarıyla işlendi.
2026-08-20 13:26:10 [INFO] [WS-2] Toplam 42900 adet veri paketi başarıyla işlendi.
2026-08-20 13:26:10 [INFO] [WS-4] Toplam 26800 adet veri paketi başarıyla işlendi.
2026-08-20 13:26:11 [INFO] [BİLGİ] LYNUSDT.P SMA 50'ye (Aşağı) dokundu. Referans: 0.034901, Hedef: 0.033156
2026-08-20 13:26:11 [INFO] [BİLGİ] RIFUSDT.P SMA 50'ye (Yukarı) dokundu. Referans: 0.077152, Hedef: 0.081010
2026-08-20 13:26:11 [INFO] [İPTAL] BULLAUSDT.P tekrar SMA üstüne çıktı. Takip sıfırlandı.
2026-08-20 13:26:11 [INFO] [WS-1] Toplam 48100 adet veri paketi başarıyla işlendi.
2026-08-20 13:26:11 [INFO] [WS-2] Toplam 43000 adet veri paketi başarıyla işlendi.
2026-08-20 13:26:11 [INFO] [BİLGİ] KOMAUSDT.P SMA 50'ye (Aşağı) dokundu. Referans: 0.012839, Hedef: 0.012197
2026-08-20 13:26:11 [INFO] [WS-3] Toplam 32300 adet veri paketi başarıyla işlendi.
2026-08-20 13:26:12 [INFO] [BİLGİ] BULLAUSDT.P SMA 50'ye (Aşağı) dokundu. Referans: 0.018056, Hedef: 0.017153
2026-08-20 13:26:12 [INFO] [WS-1] Toplam 48200 adet veri paketi başarıyla işlendi.
2026-08-20 13:26:12 [INFO] [WS-2] Toplam 43100 adet veri paketi başarıyla işlendi.
2026-08-20 13:26:13 [INFO] [WS-4] Toplam 26900 adet veri paketi başarıyla işlendi.
2026-08-20 13:26:13 [INFO] [WS-3] Toplam 32400 adet veri paketi başarıyla işlendi.
2026-08-20 13:26:14 [INFO] [WS-1] Toplam 48300 adet veri paketi başarıyla işlendi.
2026-08-20 13:26:14 [INFO] [WS-2] Toplam 43200 adet veri paketi başarıyla işlendi.
2026-08-20 13:26:15 [ERROR] Failed to fetch updates - TelegramConflictError: Telegram server says - Conflict: terminated by other getUpdates request; make sure that only one bot instance is running
2026-08-20 13:26:15 [WARNING] Sleep for 5.070417 seconds and try again... (tryings = 73, bot id = 8154127903)
2026-08-20 13:26:15 [INFO] [WS-1] Toplam 48400 adet veri paketi başarıyla işlendi.
2026-08-20 13:26:15 [INFO] [WS-3] Toplam 32500 adet veri paketi başarıyla işlendi.
2026-08-20 13:26:15 [INFO] [İPTAL] MINAUSDT.P tekrar SMA üstüne çıktı. Takip sıfırlandı.
2026-08-20 13:26:15 [INFO] [WS-4] Toplam 27000 adet veri paketi başarıyla işlendi.
2026-08-20 13:26:15 [INFO] [WS-2] Toplam 43300 adet veri paketi başarıyla işlendi.
2026-08-20 13:26:16 [INFO] [İPTAL] RIFUSDT.P tekrar SMA altına indi. Takip sıfırlandı.
2026-08-20 13:26:16 [INFO] [WS-1] Toplam 48500 adet veri paketi başarıyla işlendi.
2026-08-20 13:26:17 [INFO] [BİLGİ] REDUSDT.P SMA 50'ye (Yukarı) dokundu. Referans: 0.112590, Hedef: 0.118220
2026-08-20 13:26:17 [INFO] [WS-2] Toplam 43400 adet veri paketi başarıyla işlendi.
2026-08-20 13:26:17 [INFO] [İPTAL] REDUSDT.P tekrar SMA altına indi. Takip sıfırlandı.
2026-08-20 13:26:18 [INFO] [WS-3] Toplam 32600 adet veri paketi başarıyla işlendi.
2026-08-20 13:26:18 [INFO] [BİLGİ] REDUSDT.P SMA 50'ye (Yukarı) dokundu. Referans: 0.112590, Hedef: 0.118220
2026-08-20 13:26:18 [INFO] [WS-4] Toplam 27100 adet veri paketi başarıyla işlendi.
2026-08-20 13:26:18 [INFO] [BİLGİ] COMPUSDT.P SMA 50'ye (Yukarı) dokundu. Referans: 18.7964, Hedef: 19.7362
2026-08-20 13:26:18 [INFO] [WS-1] Toplam 48600 adet veri paketi başarıyla işlendi.
2026-08-20 13:26:19 [INFO] [İPTAL] AUCTIONUSDT.P tekrar SMA altına indi. Takip sıfırlandı.
2026-08-20 13:26:19 [INFO] [WS-2] Toplam 43500 adet veri paketi başarıyla işlendi.
2026-08-20 13:26:20 [INFO] [BİLGİ] XAUTUSDT.P SMA 50'ye (Yukarı) dokundu. Referans: 4469.10, Hedef: 4692.56
2026-08-20 13:26:21 [INFO] [WS-3] Toplam 32700 adet veri paketi başarıyla işlendi.
2026-08-20 13:26:21 [INFO] [WS-1] Toplam 48700 adet veri paketi başarıyla işlendi.
2026-08-20 13:26:21 [INFO] [BİLGİ] AUCTIONUSDT.P SMA 50'ye (Yukarı) dokundu. Referans: 2.8676, Hedef: 3.0110
2026-08-20 13:26:21 [INFO] [WS-2] Toplam 43600 adet veri paketi başarıyla işlendi.
2026-08-20 13:26:21 [INFO] [WS-4] Toplam 27200 adet veri paketi başarıyla işlendi.
2026-08-20 13:26:22 [INFO] [İPTAL] AIOTUSDT.P tekrar SMA üstüne çıktı. Takip sıfırlandı.
2026-08-20 13:26:23 [INFO] [WS-1] Toplam 48800 adet veri paketi başarıyla işlendi.
2026-08-20 13:26:23 [INFO] [WS-2] Toplam 43700 adet veri paketi başarıyla işlendi.
2026-08-20 13:26:23 [INFO] [WS-3] Toplam 32800 adet veri paketi başarıyla işlendi.
2026-08-20 13:26:24 [INFO] [İPTAL] KOMAUSDT.P tekrar SMA üstüne çıktı. Takip sıfırlandı.
2026-08-20 13:26:24 [INFO] [WS-4] Toplam 27300 adet veri paketi başarıyla işlendi.
2026-08-20 13:26:24 [INFO] [WS-1] Toplam 48900 adet veri paketi başarıyla işlendi.
2026-08-20 13:26:24 [INFO] [BİLGİ] GUAUSDT.P SMA 50'ye (Yukarı) dokundu. Referans: 0.044698, Hedef: 0.046933
2026-08-20 13:26:25 [ERROR] Failed to fetch updates - TelegramConflictError: Telegram server says - Conflict: terminated by other getUpdates request; make sure that only one bot instance is running
2026-08-20 13:26:25 [WARNING] Sleep for 5.001031 seconds and try again... (tryings = 74, bot id = 8154127903)
2026-08-20 13:26:25 [INFO] [WS-2] Toplam 43800 adet veri paketi başarıyla işlendi.
2026-08-20 13:26:26 [INFO] [WS-3] Toplam 32900 adet veri paketi başarıyla işlendi.
2026-08-20 13:26:27 [INFO] [WS-1] Toplam 49000 adet veri paketi başarıyla işlendi.
2026-08-20 13:26:27 [INFO] [WS-4] Toplam 27400 adet veri paketi başarıyla işlendi.
2026-08-20 13:26:27 [INFO] [WS-2] Toplam 43900 adet veri paketi başarıyla işlendi.
2026-08-20 13:26:29 [INFO] [BİLGİ] ASTERUSDT.P SMA 50'ye (Aşağı) dokundu. Referans: 0.663818, Hedef: 0.630627
2026-08-20 13:26:29 [INFO] [WS-1] Toplam 49100 adet veri paketi başarıyla işlendi.
2026-08-20 13:26:29 [INFO] [İPTAL] BULLAUSDT.P tekrar SMA üstüne çıktı. Takip sıfırlandı.
2026-08-20 13:26:29 [INFO] [WS-3] Toplam 33000 adet veri paketi başarıyla işlendi.
2026-08-20 13:26:29 [INFO] [İPTAL] COMPUSDT.P tekrar SMA altına indi. Takip sıfırlandı.
2026-08-20 13:26:29 [INFO] [WS-4] Toplam 27500 adet veri paketi başarıyla işlendi.
2026-08-20 13:26:30 [INFO] [WS-2] Toplam 44000 adet veri paketi başarıyla işlendi.
2026-08-20 13:26:30 [INFO] [İPTAL] ASTERUSDT.P tekrar SMA üstüne çıktı. Takip sıfırlandı.
2026-08-20 13:26:30 [INFO] [BİLGİ] KOMAUSDT.P SMA 50'ye (Aşağı) dokundu. Referans: 0.012839, Hedef: 0.012197
2026-08-20 13:26:31 [INFO] [BİLGİ] ASTERUSDT.P SMA 50'ye (Aşağı) dokundu. Referans: 0.663818, Hedef: 0.630627
2026-08-20 13:26:31 [INFO] [WS-1] Toplam 49200 adet veri paketi başarıyla işlendi.
2026-08-20 13:26:32 [INFO] [WS-2] Toplam 44100 adet veri paketi başarıyla işlendi.
2026-08-20 13:26:32 [INFO] [WS-3] Toplam 33100 adet veri paketi başarıyla işlendi.
2026-08-20 13:26:32 [INFO] [WS-4] Toplam 27600 adet veri paketi başarıyla işlendi.
2026-08-20 13:26:33 [INFO] [WS-1] Toplam 49300 adet veri paketi başarıyla işlendi.
2026-08-20 13:26:34 [INFO] [WS-2] Toplam 44200 adet veri paketi başarıyla işlendi.
2026-08-20 13:26:34 [INFO] [BİLGİ] AIOTUSDT.P SMA 50'ye (Aşağı) dokundu. Referans: 0.038013, Hedef: 0.036112
2026-08-20 13:26:34 [INFO] [İPTAL] KOMAUSDT.P tekrar SMA üstüne çıktı. Takip sıfırlandı.
2026-08-20 13:26:34 [INFO] [WS-3] Toplam 33200 adet veri paketi başarıyla işlendi.
2026-08-20 13:26:35 [INFO] [WS-1] Toplam 49400 adet veri paketi başarıyla işlendi.
2026-08-20 13:26:35 [ERROR] Failed to fetch updates - TelegramConflictError: Telegram server says - Conflict: terminated by other getUpdates request; make sure that only one bot instance is running
2026-08-20 13:26:35 [WARNING] Sleep for 5.200648 seconds and try again... (tryings = 75, bot id = 8154127903)
2026-08-20 13:26:35 [INFO] [WS-2] Toplam 44300 adet veri paketi başarıyla işlendi.
2026-08-20 13:26:35 [INFO] [WS-4] Toplam 27700 adet veri paketi başarıyla işlendi.
2026-08-20 13:26:37 [INFO] [WS-1] Toplam 49500 adet veri paketi başarıyla işlendi.
2026-08-20 13:26:37 [INFO] [İPTAL] AIOTUSDT.P tekrar SMA üstüne çıktı. Takip sıfırlandı.
2026-08-20 13:26:37 [INFO] [WS-2] Toplam 44400 adet veri paketi başarıyla işlendi.
2026-08-20 13:26:37 [INFO] [WS-3] Toplam 33300 adet veri paketi başarıyla işlendi.
2026-08-20 13:26:38 [INFO] [WS-4] Toplam 27800 adet veri paketi başarıyla işlendi.
2026-08-20 13:26:39 [INFO] [WS-1] Toplam 49600 adet veri paketi başarıyla işlendi.
2026-08-20 13:26:40 [INFO] [WS-2] Toplam 44500 adet veri paketi başarıyla işlendi.
2026-08-20 13:26:40 [INFO] [İPTAL] ASTERUSDT.P tekrar SMA üstüne çıktı. Takip sıfırlandı.
2026-08-20 13:26:41 [INFO] [İPTAL] RAREUSDT.P tekrar SMA üstüne çıktı. Takip sıfırlandı.
2026-08-20 13:26:41 [INFO] [WS-3] Toplam 33400 adet veri paketi başarıyla işlendi.
2026-08-20 13:26:41 [INFO] [WS-1] Toplam 49700 adet veri paketi başarıyla işlendi.
2026-08-20 13:26:41 [INFO] [WS-2] Toplam 44600 adet veri paketi başarıyla işlendi.
2026-08-20 13:26:42 [INFO] [WS-4] Toplam 27900 adet veri paketi başarıyla işlendi.
2026-08-20 13:26:43 [INFO] [WS-1] Toplam 49800 adet veri paketi başarıyla işlendi.
2026-08-20 13:26:44 [INFO] [WS-3] Toplam 33500 adet veri paketi başarıyla işlendi.
2026-08-20 13:26:44 [INFO] [WS-2] Toplam 44700 adet veri paketi başarıyla işlendi.
2026-08-20 13:26:45 [INFO] [WS-1] Toplam 49900 adet veri paketi başarıyla işlendi.
2026-08-20 13:26:45 [INFO] [WS-4] Toplam 28000 adet veri paketi başarıyla işlendi.
2026-08-20 13:26:45 [ERROR] Failed to fetch updates - TelegramConflictError: Telegram server says - Conflict: terminated by other getUpdates request; make sure that only one bot instance is running
2026-08-20 13:26:45 [WARNING] Sleep for 4.989419 seconds and try again... (tryings = 76, bot id = 8154127903)
2026-08-20 13:26:46 [INFO] [BİLGİ] ASTERUSDT.P SMA 50'ye (Aşağı) dokundu. Referans: 0.663818, Hedef: 0.630627
2026-08-20 13:26:46 [INFO] [WS-3] Toplam 33600 adet veri paketi başarıyla işlendi.
2026-08-20 13:26:46 [INFO] [WS-2] Toplam 44800 adet veri paketi başarıyla işlendi.
2026-08-20 13:26:46 [INFO] [BİLGİ] UAIUSDT.P SMA 50'ye (Yukarı) dokundu. Referans: 0.271068, Hedef: 0.284621
2026-08-20 13:26:47 [INFO] [WS-1] Toplam 50000 adet veri paketi başarıyla işlendi.
2026-08-20 13:26:47 [INFO] [BİLGİ] COMPUSDT.P SMA 50'ye (Yukarı) dokundu. Referans: 18.7964, Hedef: 19.7362
2026-08-20 13:26:47 [INFO] [İPTAL] UAIUSDT.P tekrar SMA altına indi. Takip sıfırlandı.
2026-08-20 13:26:48 [INFO] [BİLGİ] AIOTUSDT.P SMA 50'ye (Aşağı) dokundu. Referans: 0.038013, Hedef: 0.036112
2026-08-20 13:26:48 [INFO] [WS-2] Toplam 44900 adet veri paketi başarıyla işlendi.
2026-08-20 13:26:48 [INFO] [WS-3] Toplam 33700 adet veri paketi başarıyla işlendi.
2026-08-20 13:26:49 [INFO] [WS-4] Toplam 28100 adet veri paketi başarıyla işlendi.
2026-08-20 13:26:49 [INFO] [WS-1] Toplam 50100 adet veri paketi başarıyla işlendi.
2026-08-20 13:26:50 [INFO] [BİLGİ] GRIFFAINUSDT.P SMA 50'ye (Yukarı) dokundu. Referans: 0.012884, Hedef: 0.013528
2026-08-20 13:26:50 [INFO] [WS-2] Toplam 45000 adet veri paketi başarıyla işlendi.
2026-08-20 13:26:50 [INFO] [WS-3] Toplam 33800 adet veri paketi başarıyla işlendi.
2026-08-20 13:26:51 [INFO] [WS-1] Toplam 50200 adet veri paketi başarıyla işlendi.
2026-08-20 13:26:51 [INFO] [WS-4] Toplam 28200 adet veri paketi başarıyla işlendi.
2026-08-20 13:26:51 [INFO] [İPTAL] XANUSDT.P tekrar SMA üstüne çıktı. Takip sıfırlandı.
2026-08-20 13:26:52 [INFO] [WS-2] Toplam 45100 adet veri paketi başarıyla işlendi.
2026-08-20 13:26:53 [INFO] [WS-1] Toplam 50300 adet veri paketi başarıyla işlendi.
2026-08-20 13:26:53 [INFO] [İPTAL] LYNUSDT.P tekrar SMA üstüne çıktı. Takip sıfırlandı.
2026-08-20 13:26:54 [INFO] [WS-3] Toplam 33900 adet veri paketi başarıyla işlendi.
2026-08-20 13:26:54 [INFO] [WS-4] Toplam 28300 adet veri paketi başarıyla işlendi.
2026-08-20 13:26:54 [INFO] [İPTAL] AUCTIONUSDT.P tekrar SMA altına indi. Takip sıfırlandı.
2026-08-20 13:26:55 [INFO] [WS-2] Toplam 45200 adet veri paketi başarıyla işlendi.
2026-08-20 13:26:55 [INFO] [WS-1] Toplam 50400 adet veri paketi başarıyla işlendi.
2026-08-20 13:26:56 [ERROR] Failed to fetch updates - TelegramConflictError: Telegram server says - Conflict: terminated by other getUpdates request; make sure that only one bot instance is running
2026-08-20 13:26:56 [WARNING] Sleep for 4.957434 seconds and try again... (tryings = 77, bot id = 8154127903)
2026-08-20 13:26:57 [INFO] [BİLGİ] AUCTIONUSDT.P SMA 50'ye (Yukarı) dokundu. Referans: 2.8676, Hedef: 3.0110
2026-08-20 13:26:57 [INFO] [WS-2] Toplam 45300 adet veri paketi başarıyla işlendi.
2026-08-20 13:26:57 [INFO] [WS-1] Toplam 50500 adet veri paketi başarıyla işlendi.
2026-08-20 13:26:58 [INFO] [WS-4] Toplam 28400 adet veri paketi başarıyla işlendi.
2026-08-20 13:26:58 [INFO] [WS-3] Toplam 34000 adet veri paketi başarıyla işlendi.
2026-08-20 13:26:58 [INFO] [İPTAL] COMPUSDT.P tekrar SMA altına indi. Takip sıfırlandı.
2026-08-20 13:26:59 [INFO] [WS-1] Toplam 50600 adet veri paketi başarıyla işlendi.
2026-08-20 13:26:59 [INFO] [WS-2] Toplam 45400 adet veri paketi başarıyla işlendi.
2026-08-20 13:27:00 [INFO] [WS-4] Toplam 28500 adet veri paketi başarıyla işlendi.
2026-08-20 13:27:00 [INFO] [WS-1] Toplam 50700 adet veri paketi başarıyla işlendi.
2026-08-20 13:27:00 [INFO] [WS-3] Toplam 34100 adet veri paketi başarıyla işlendi.
2026-08-20 13:27:01 [INFO] [WS-2] Toplam 45500 adet veri paketi başarıyla işlendi.
2026-08-20 13:27:01 [INFO] [İPTAL] GUAUSDT.P tekrar SMA altına indi. Takip sıfırlandı.
2026-08-20 13:27:02 [INFO] [WS-1] Toplam 50800 adet veri paketi başarıyla işlendi.
2026-08-20 13:27:03 [INFO] [WS-2] Toplam 45600 adet veri paketi başarıyla işlendi.
2026-08-20 13:27:03 [INFO] [WS-3] Toplam 34200 adet veri paketi başarıyla işlendi.
2026-08-20 13:27:03 [INFO] [BİLGİ] MITOUSDT.P SMA 50'ye (Aşağı) dokundu. Referans: 0.026866, Hedef: 0.025523
2026-08-20 13:27:03 [INFO] [WS-4] Toplam 28600 adet veri paketi başarıyla işlendi.
2026-08-20 13:27:05 [INFO] [WS-2] Toplam 45700 adet veri paketi başarıyla işlendi.
2026-08-20 13:27:05 [INFO] [WS-1] Toplam 50900 adet veri paketi başarıyla işlendi.
2026-08-20 13:27:05 [INFO] [İPTAL] AIOTUSDT.P tekrar SMA üstüne çıktı. Takip sıfırlandı.
2026-08-20 13:27:06 [INFO] [BİLGİ] AIOTUSDT.P SMA 50'ye (Aşağı) dokundu. Referans: 0.038013, Hedef: 0.036112
2026-08-20 13:27:06 [ERROR] Failed to fetch updates - TelegramConflictError: Telegram server says - Conflict: terminated by other getUpdates request; make sure that only one bot instance is running
2026-08-20 13:27:06 [WARNING] Sleep for 5.035968 seconds and try again... (tryings = 78, bot id = 8154127903)
2026-08-20 13:27:07 [INFO] [WS-3] Toplam 34300 adet veri paketi başarıyla işlendi.
2026-08-20 13:27:07 [INFO] [WS-2] Toplam 45800 adet veri paketi başarıyla işlendi.
2026-08-20 13:27:07 [INFO] [WS-4] Toplam 28700 adet veri paketi başarıyla işlendi.
2026-08-20 13:27:07 [INFO] [WS-1] Toplam 51000 adet veri paketi başarıyla işlendi.
2026-08-20 13:27:08 [INFO] [BİLGİ] XANUSDT.P SMA 50'ye (Aşağı) dokundu. Referans: 0.011015, Hedef: 0.010464
2026-08-20 13:27:09 [INFO] [WS-2] Toplam 45900 adet veri paketi başarıyla işlendi.
2026-08-20 13:27:09 [INFO] [WS-1] Toplam 51100 adet veri paketi başarıyla işlendi.
2026-08-20 13:27:10 [INFO] [WS-3] Toplam 34400 adet veri paketi başarıyla işlendi.
2026-08-20 13:27:10 [INFO] [İPTAL] AIOTUSDT.P tekrar SMA üstüne çıktı. Takip sıfırlandı.
2026-08-20 13:27:10 [INFO] [WS-4] Toplam 28800 adet veri paketi başarıyla işlendi.
2026-08-20 13:27:11 [INFO] [WS-2] Toplam 46000 adet veri paketi başarıyla işlendi.
2026-08-20 13:27:11 [INFO] [WS-1] Toplam 51200 adet veri paketi başarıyla işlendi.
2026-08-20 13:27:12 [INFO] [BİLGİ] RIFUSDT.P SMA 50'ye (Yukarı) dokundu. Referans: 0.077152, Hedef: 0.081010
2026-08-20 13:27:12 [INFO] [WS-3] Toplam 34500 adet veri paketi başarıyla işlendi.
2026-08-20 13:27:12 [INFO] [WS-4] Toplam 28900 adet veri paketi başarıyla işlendi.
2026-08-20 13:27:12 [INFO] [İPTAL] MITOUSDT.P tekrar SMA üstüne çıktı. Takip sıfırlandı.
2026-08-20 13:27:12 [INFO] [İPTAL] RIFUSDT.P tekrar SMA altına indi. Takip sıfırlandı.
2026-08-20 13:27:12 [INFO] [WS-2] Toplam 46100 adet veri paketi başarıyla işlendi.
2026-08-20 13:27:13 [INFO] [WS-1] Toplam 51300 adet veri paketi başarıyla işlendi.
2026-08-20 13:27:13 [INFO] [BİLGİ] MITOUSDT.P SMA 50'ye (Aşağı) dokundu. Referans: 0.026866, Hedef: 0.025523
2026-08-20 13:27:13 [INFO] [BİLGİ] GPSUSDT.P SMA 50'ye (Yukarı) dokundu. Referans: 0.011936, Hedef: 0.012533
2026-08-20 13:27:14 [INFO] [WS-3] Toplam 34600 adet veri paketi başarıyla işlendi.
2026-08-20 13:27:14 [INFO] [WS-2] Toplam 46200 adet veri paketi başarıyla işlendi.
2026-08-20 13:27:14 [INFO] [İPTAL] GPSUSDT.P tekrar SMA altına indi. Takip sıfırlandı.
2026-08-20 13:27:15 [INFO] [WS-1] Toplam 51400 adet veri paketi başarıyla işlendi.
2026-08-20 13:27:15 [INFO] [WS-4] Toplam 29000 adet veri paketi başarıyla işlendi.
2026-08-20 13:27:15 [INFO] [BİLGİ] UAIUSDT.P SMA 50'ye (Yukarı) dokundu. Referans: 0.271068, Hedef: 0.284621
2026-08-20 13:27:16 [INFO] [İPTAL] UAIUSDT.P tekrar SMA altına indi. Takip sıfırlandı.
2026-08-20 13:27:16 [INFO] [WS-2] Toplam 46300 adet veri paketi başarıyla işlendi.
2026-08-20 13:27:16 [INFO] [WS-3] Toplam 34700 adet veri paketi başarıyla işlendi.
2026-08-20 13:27:16 [ERROR] Failed to fetch updates - TelegramConflictError: Telegram server says - Conflict: terminated by other getUpdates request; make sure that only one bot instance is running
2026-08-20 13:27:16 [WARNING] Sleep for 4.942557 seconds and try again... (tryings = 79, bot id = 8154127903)
2026-08-20 13:27:17 [INFO] [WS-1] Toplam 51500 adet veri paketi başarıyla işlendi.
2026-08-20 13:27:18 [INFO] [WS-2] Toplam 46400 adet veri paketi başarıyla işlendi.
2026-08-20 13:27:18 [INFO] [WS-4] Toplam 29100 adet veri paketi başarıyla işlendi.
2026-08-20 13:27:18 [INFO] [WS-3] Toplam 34800 adet veri paketi başarıyla işlendi.
2026-08-20 13:27:19 [INFO] [WS-1] Toplam 51600 adet veri paketi başarıyla işlendi.
2026-08-20 13:27:19 [INFO] [WS-2] Toplam 46500 adet veri paketi başarıyla işlendi.
2026-08-20 13:27:20 [INFO] [BİLGİ] RIFUSDT.P SMA 50'ye (Yukarı) dokundu. Referans: 0.077153, Hedef: 0.081010
2026-08-20 13:27:20 [INFO] [BİLGİ] AIOTUSDT.P SMA 50'ye (Aşağı) dokundu. Referans: 0.038013, Hedef: 0.036112
2026-08-20 13:27:21 [INFO] [WS-3] Toplam 34900 adet veri paketi başarıyla işlendi.
2026-08-20 13:27:21 [INFO] [WS-1] Toplam 51700 adet veri paketi başarıyla işlendi.
2026-08-20 13:27:21 [INFO] [WS-2] Toplam 46600 adet veri paketi başarıyla işlendi.
2026-08-20 13:27:21 [INFO] [WS-4] Toplam 29200 adet veri paketi başarıyla işlendi.
2026-08-20 13:27:22 [INFO] [İPTAL] RIFUSDT.P tekrar SMA altına indi. Takip sıfırlandı.
2026-08-20 13:27:22 [INFO] [WS-1] Toplam 51800 adet veri paketi başarıyla işlendi.
2026-08-20 13:27:22 [INFO] [WS-3] Toplam 35000 adet veri paketi başarıyla işlendi.
2026-08-20 13:27:22 [INFO] [BİLGİ] GPSUSDT.P SMA 50'ye (Yukarı) dokundu. Referans: 0.011936, Hedef: 0.012533
2026-08-20 13:27:22 [INFO] [WS-2] Toplam 46700 adet veri paketi başarıyla işlendi.
2026-08-20 13:27:23 [INFO] [WS-4] Toplam 29300 adet veri paketi başarıyla işlendi.
2026-08-20 13:27:24 [INFO] [BİLGİ] GUAUSDT.P SMA 50'ye (Yukarı) dokundu. Referans: 0.044698, Hedef: 0.046932
2026-08-20 13:27:24 [INFO] [WS-2] Toplam 46800 adet veri paketi başarıyla işlendi.
2026-08-20 13:27:24 [INFO] [WS-1] Toplam 51900 adet veri paketi başarıyla işlendi.
2026-08-20 13:27:24 [INFO] [WS-3] Toplam 35100 adet veri paketi başarıyla işlendi.
2026-08-20 13:27:25 [INFO] [WS-2] Toplam 46900 adet veri paketi başarıyla işlendi.
2026-08-20 13:27:26 [INFO] [WS-1] Toplam 52000 adet veri paketi başarıyla işlendi.
2026-08-20 13:27:26 [INFO] [WS-4] Toplam 29400 adet veri paketi başarıyla işlendi.
2026-08-20 13:27:26 [INFO] [WS-3] Toplam 35200 adet veri paketi başarıyla işlendi.
2026-08-20 13:27:27 [ERROR] Failed to fetch updates - TelegramConflictError: Telegram server says - Conflict: terminated by other getUpdates request; make sure that only one bot instance is running
2026-08-20 13:27:27 [WARNING] Sleep for 5.131682 seconds and try again... (tryings = 80, bot id = 8154127903)
2026-08-20 13:27:27 [INFO] [WS-2] Toplam 47000 adet veri paketi başarıyla işlendi.
2026-08-20 13:27:27 [INFO] [WS-1] Toplam 52100 adet veri paketi başarıyla işlendi.
2026-08-20 13:27:28 [INFO] [WS-3] Toplam 35300 adet veri paketi başarıyla işlendi.
2026-08-20 13:27:28 [INFO] [WS-2] Toplam 47100 adet veri paketi başarıyla işlendi.
2026-08-20 13:27:29 [INFO] [WS-4] Toplam 29500 adet veri paketi başarıyla işlendi.
2026-08-20 13:27:29 [INFO] [WS-1] Toplam 52200 adet veri paketi başarıyla işlendi.
2026-08-20 13:27:29 [INFO] [WS-3] Toplam 35400 adet veri paketi başarıyla işlendi.
2026-08-20 13:27:29 [INFO] [WS-2] Toplam 47200 adet veri paketi başarıyla işlendi.
2026-08-20 13:27:30 [INFO] [WS-1] Toplam 52300 adet veri paketi başarıyla işlendi.
2026-08-20 13:27:31 [INFO] [WS-4] Toplam 29600 adet veri paketi başarıyla işlendi.
2026-08-20 13:27:31 [INFO] [WS-3] Toplam 35500 adet veri paketi başarıyla işlendi.
2026-08-20 13:27:31 [INFO] [WS-2] Toplam 47300 adet veri paketi başarıyla işlendi.
2026-08-20 13:27:32 [INFO] [WS-1] Toplam 52400 adet veri paketi başarıyla işlendi.
2026-08-20 13:27:33 [INFO] [WS-2] Toplam 47400 adet veri paketi başarıyla işlendi.
2026-08-20 13:27:34 [INFO] [WS-1] Toplam 52500 adet veri paketi başarıyla işlendi.
2026-08-20 13:27:34 [INFO] [WS-4] Toplam 29700 adet veri paketi başarıyla işlendi.
2026-08-20 13:27:34 [INFO] [WS-3] Toplam 35600 adet veri paketi başarıyla işlendi.
2026-08-20 13:27:35 [INFO] [WS-2] Toplam 47500 adet veri paketi başarıyla işlendi.
2026-08-20 13:27:36 [INFO] [WS-1] Toplam 52600 adet veri paketi başarıyla işlendi.
2026-08-20 13:27:37 [INFO] [WS-2] Toplam 47600 adet veri paketi başarıyla işlendi.
2026-08-20 13:27:37 [INFO] [İPTAL] GPSUSDT.P tekrar SMA altına indi. Takip sıfırlandı.
2026-08-20 13:27:37 [INFO] [WS-4] Toplam 29800 adet veri paketi başarıyla işlendi.
2026-08-20 13:27:37 [ERROR] Failed to fetch updates - TelegramConflictError: Telegram server says - Conflict: terminated by other getUpdates request; make sure that only one bot instance is running
2026-08-20 13:27:37 [WARNING] Sleep for 5.015721 seconds and try again... (tryings = 81, bot id = 8154127903)
2026-08-20 13:27:37 [INFO] [WS-1] Toplam 52700 adet veri paketi başarıyla işlendi.
2026-08-20 13:27:37 [INFO] [WS-3] Toplam 35700 adet veri paketi başarıyla işlendi.
2026-08-20 13:27:39 [INFO] [BİLGİ] UAIUSDT.P SMA 50'ye (Yukarı) dokundu. Referans: 0.271068, Hedef: 0.284621
2026-08-20 13:27:39 [INFO] [WS-2] Toplam 47700 adet veri paketi başarıyla işlendi.
2026-08-20 13:27:40 [INFO] [WS-1] Toplam 52800 adet veri paketi başarıyla işlendi.
2026-08-20 13:27:40 [INFO] [İPTAL] UAIUSDT.P tekrar SMA altına indi. Takip sıfırlandı.
2026-08-20 13:27:41 [INFO] [WS-4] Toplam 29900 adet veri paketi başarıyla işlendi.
2026-08-20 13:27:41 [INFO] [WS-3] Toplam 35800 adet veri paketi başarıyla işlendi.
2026-08-20 13:27:41 [INFO] [WS-2] Toplam 47800 adet veri paketi başarıyla işlendi.
2026-08-20 13:27:42 [INFO] [WS-1] Toplam 52900 adet veri paketi başarıyla işlendi.
2026-08-20 13:27:43 [INFO] [WS-2] Toplam 47900 adet veri paketi başarıyla işlendi.
2026-08-20 13:27:43 [INFO] [WS-4] Toplam 30000 adet veri paketi başarıyla işlendi.
2026-08-20 13:27:43 [INFO] [PING] Self-ping attı: HTTP 200
2026-08-20 13:27:44 [INFO] [WS-1] Toplam 53000 adet veri paketi başarıyla işlendi.
2026-08-20 13:27:44 [INFO] [WS-3] Toplam 35900 adet veri paketi başarıyla işlendi.
2026-08-20 13:27:45 [INFO] [WS-2] Toplam 48000 adet veri paketi başarıyla işlendi.
2026-08-20 13:27:46 [INFO] [WS-4] Toplam 30100 adet veri paketi başarıyla işlendi.
2026-08-20 13:27:46 [INFO] [WS-1] Toplam 53100 adet veri paketi başarıyla işlendi.
2026-08-20 13:27:47 [ERROR] Failed to fetch updates - TelegramConflictError: Telegram server says - Conflict: terminated by other getUpdates request; make sure that only one bot instance is running
2026-08-20 13:27:47 [WARNING] Sleep for 5.083005 seconds and try again... (tryings = 82, bot id = 8154127903)
2026-08-20 13:27:47 [INFO] [WS-2] Toplam 48100 adet veri paketi başarıyla işlendi.
2026-08-20 13:27:48 [INFO] [WS-3] Toplam 36000 adet veri paketi başarıyla işlendi.
2026-08-20 13:27:48 [INFO] [İPTAL] MITOUSDT.P tekrar SMA üstüne çıktı. Takip sıfırlandı.
2026-08-20 13:27:50 [INFO] [WS-1] Toplam 53200 adet veri paketi başarıyla işlendi.
2026-08-20 13:27:50 [INFO] [WS-2] Toplam 48200 adet veri paketi başarıyla işlendi.
2026-08-20 13:27:50 [INFO] [WS-4] Toplam 30200 adet veri paketi başarıyla işlendi.
2026-08-20 13:27:51 [INFO] [WS-3] Toplam 36100 adet veri paketi başarıyla işlendi.
2026-08-20 13:27:52 [INFO] [BİLGİ] KOMAUSDT.P SMA 50'ye (Aşağı) dokundu. Referans: 0.012839, Hedef: 0.012197
2026-08-20 13:27:52 [INFO] [BİLGİ] ARIAUSDT.P SMA 50'ye (Yukarı) dokundu. Referans: 0.035818, Hedef: 0.037609
2026-08-20 13:27:52 [INFO] [WS-2] Toplam 48300 adet veri paketi başarıyla işlendi.
2026-08-20 13:27:53 [INFO] [WS-1] Toplam 53300 adet veri paketi başarıyla işlendi.
2026-08-20 13:27:54 [INFO] [WS-4] Toplam 30300 adet veri paketi başarıyla işlendi.
2026-08-20 13:27:55 [INFO] [WS-3] Toplam 36200 adet veri paketi başarıyla işlendi.
2026-08-20 13:27:55 [INFO] [WS-2] Toplam 48400 adet veri paketi başarıyla işlendi.
2026-08-20 13:27:55 [INFO] [WS-1] Toplam 53400 adet veri paketi başarıyla işlendi.
2026-08-20 13:27:56 [INFO] [İPTAL] CYSUSDT.P tekrar SMA üstüne çıktı. Takip sıfırlandı.
2026-08-20 13:27:57 [INFO] [WS-4] Toplam 30400 adet veri paketi başarıyla işlendi.
2026-08-20 13:27:57 [INFO] [BİLGİ] COMPUSDT.P SMA 50'ye (Yukarı) dokundu. Referans: 18.7964, Hedef: 19.7362
2026-08-20 13:27:58 [INFO] [WS-2] Toplam 48500 adet veri paketi başarıyla işlendi.
2026-08-20 13:27:58 [ERROR] Failed to fetch updates - TelegramConflictError: Telegram server says - Conflict: terminated by other getUpdates request; make sure that only one bot instance is running
2026-08-20 13:27:58 [WARNING] Sleep for 4.895685 seconds and try again... (tryings = 83, bot id = 8154127903)
2026-08-20 13:27:58 [INFO] [WS-1] Toplam 53500 adet veri paketi başarıyla işlendi.
2026-08-20 13:27:59 [INFO] [WS-3] Toplam 36300 adet veri paketi başarıyla işlendi.
2026-08-20 13:27:59 [INFO] [WS-2] Toplam 48600 adet veri paketi başarıyla işlendi.
2026-08-20 13:28:00 [INFO] [WS-1] Toplam 53600 adet veri paketi başarıyla işlendi.
2026-08-20 13:28:00 [INFO] [WS-4] Toplam 30500 adet veri paketi başarıyla işlendi.
2026-08-20 13:28:00 [INFO] [WS-2] Toplam 48700 adet veri paketi başarıyla işlendi.
2026-08-20 13:28:01 [INFO] [BİLGİ] CYSUSDT.P SMA 50'ye (Aşağı) dokundu. Referans: 0.581626, Hedef: 0.552545
2026-08-20 13:28:01 [INFO] [WS-3] Toplam 36400 adet veri paketi başarıyla işlendi.
2026-08-20 13:28:02 [INFO] [WS-1] Toplam 53700 adet veri paketi başarıyla işlendi.
2026-08-20 13:28:02 [INFO] [WS-2] Toplam 48800 adet veri paketi başarıyla işlendi.
2026-08-20 13:28:03 [INFO] [WS-4] Toplam 30600 adet veri paketi başarıyla işlendi.
2026-08-20 13:28:03 [INFO] [İPTAL] GUAUSDT.P tekrar SMA altına indi. Takip sıfırlandı.
2026-08-20 13:28:05 [INFO] [WS-1] Toplam 53800 adet veri paketi başarıyla işlendi.
2026-08-20 13:28:05 [INFO] [WS-3] Toplam 36500 adet veri paketi başarıyla işlendi.
2026-08-20 13:28:05 [INFO] [WS-2] Toplam 48900 adet veri paketi başarıyla işlendi.
2026-08-20 13:28:06 [INFO] [ZAMAN AŞIMI] DEXEUSDT.P 15 dk içinde hedefe ulaşamadı. İptal edildi.
2026-08-20 13:28:06 [INFO] [ZAMAN AŞIMI] ARBUSDT.P 15 dk içinde hedefe ulaşamadı. İptal edildi.
2026-08-20 13:28:06 [INFO] [WS-4] Toplam 30700 adet veri paketi başarıyla işlendi.
2026-08-20 13:28:06 [INFO] [WS-2] Toplam 49000 adet veri paketi başarıyla işlendi.
2026-08-20 13:28:07 [INFO] [WS-1] Toplam 53900 adet veri paketi başarıyla işlendi.
2026-08-20 13:28:08 [ERROR] Failed to fetch updates - TelegramConflictError: Telegram server says - Conflict: terminated by other getUpdates request; make sure that only one bot instance is running
2026-08-20 13:28:08 [WARNING] Sleep for 5.058966 seconds and try again... (tryings = 84, bot id = 8154127903)
2026-08-20 13:28:08 [INFO] [WS-3] Toplam 36600 adet veri paketi başarıyla işlendi.
2026-08-20 13:28:09 [INFO] [WS-2] Toplam 49100 adet veri paketi başarıyla işlendi.
2026-08-20 13:28:09 [INFO] [WS-4] Toplam 30800 adet veri paketi başarıyla işlendi.
2026-08-20 13:28:09 [INFO] [WS-1] Toplam 54000 adet veri paketi başarıyla işlendi.
2026-08-20 13:28:10 [INFO] [WS-2] Toplam 49200 adet veri paketi başarıyla işlendi.
2026-08-20 13:28:11 [INFO] [WS-3] Toplam 36700 adet veri paketi başarıyla işlendi.
2026-08-20 13:28:11 [INFO] [WS-1] Toplam 54100 adet veri paketi başarıyla işlendi.
2026-08-20 13:28:12 [INFO] [WS-4] Toplam 30900 adet veri paketi başarıyla işlendi.
2026-08-20 13:28:12 [INFO] [WS-2] Toplam 49300 adet veri paketi başarıyla işlendi.
2026-08-20 13:28:13 [INFO] [WS-1] Toplam 54200 adet veri paketi başarıyla işlendi.
2026-08-20 13:28:14 [INFO] [WS-3] Toplam 36800 adet veri paketi başarıyla işlendi.
2026-08-20 13:28:14 [INFO] [WS-2] Toplam 49400 adet veri paketi başarıyla işlendi.
2026-08-20 13:28:14 [INFO] [WS-4] Toplam 31000 adet veri paketi başarıyla işlendi.
2026-08-20 13:28:15 [INFO] [WS-1] Toplam 54300 adet veri paketi başarıyla işlendi.
2026-08-20 13:28:15 [INFO] [WS-2] Toplam 49500 adet veri paketi başarıyla işlendi.
2026-08-20 13:28:15 [INFO] [WS-3] Toplam 36900 adet veri paketi başarıyla işlendi.
2026-08-20 13:28:15 [INFO] [İPTAL] BIRBUSDT.P tekrar SMA üstüne çıktı. Takip sıfırlandı.
2026-08-20 13:28:16 [INFO] [WS-1] Toplam 54400 adet veri paketi başarıyla işlendi.
2026-08-20 13:28:17 [INFO] [WS-4] Toplam 31100 adet veri paketi başarıyla işlendi.
2026-08-20 13:28:17 [INFO] [WS-2] Toplam 49600 adet veri paketi başarıyla işlendi.
2026-08-20 13:28:18 [ERROR] Failed to fetch updates - TelegramConflictError: Telegram server says - Conflict: terminated by other getUpdates request; make sure that only one bot instance is running
2026-08-20 13:28:18 [WARNING] Sleep for 5.013466 seconds and try again... (tryings = 85, bot id = 8154127903)
2026-08-20 13:28:18 [INFO] [BİLGİ] ALCHUSDT.P SMA 50'ye (Aşağı) dokundu. Referans: 0.027038, Hedef: 0.025686
2026-08-20 13:28:18 [INFO] [WS-3] Toplam 37000 adet veri paketi başarıyla işlendi.
2026-08-20 13:28:19 [INFO] [WS-1] Toplam 54500 adet veri paketi başarıyla işlendi.
2026-08-20 13:28:19 [INFO] [WS-2] Toplam 49700 adet veri paketi başarıyla işlendi.
2026-08-20 13:28:20 [INFO] [WS-1] Toplam 54600 adet veri paketi başarıyla işlendi.
2026-08-20 13:28:22 [INFO] [WS-3] Toplam 37100 adet veri paketi başarıyla işlendi.
2026-08-20 13:28:22 [INFO] [İPTAL] ARIAUSDT.P tekrar SMA altına indi. Takip sıfırlandı.
2026-08-20 13:28:22 [INFO] [WS-2] Toplam 49800 adet veri paketi başarıyla işlendi.
2026-08-20 13:28:22 [INFO] [WS-4] Toplam 31200 adet veri paketi başarıyla işlendi.
2026-08-20 13:28:22 [INFO] [WS-1] Toplam 54700 adet veri paketi başarıyla işlendi.
2026-08-20 13:28:23 [INFO] [WS-2] Toplam 49900 adet veri paketi başarıyla işlendi.
2026-08-20 13:28:23 [INFO] [WS-3] Toplam 37200 adet veri paketi başarıyla işlendi.
2026-08-20 13:28:24 [INFO] [WS-1] Toplam 54800 adet veri paketi başarıyla işlendi.
2026-08-20 13:28:24 [INFO] [WS-2] Toplam 50000 adet veri paketi başarıyla işlendi.
2026-08-20 13:28:24 [INFO] [WS-3] Toplam 37300 adet veri paketi başarıyla işlendi.
2026-08-20 13:28:25 [INFO] [WS-1] Toplam 54900 adet veri paketi başarıyla işlendi.
2026-08-20 13:28:25 [INFO] [WS-4] Toplam 31300 adet veri paketi başarıyla işlendi.
2026-08-20 13:28:25 [INFO] [WS-2] Toplam 50100 adet veri paketi başarıyla işlendi.
2026-08-20 13:28:26 [INFO] [WS-4] Toplam 31400 adet veri paketi başarıyla işlendi.
2026-08-20 13:28:26 [INFO] [WS-1] Toplam 55000 adet veri paketi başarıyla işlendi.
2026-08-20 13:28:26 [INFO] [WS-2] Toplam 50200 adet veri paketi başarıyla işlendi.
2026-08-20 13:28:26 [INFO] [WS-3] Toplam 37400 adet veri paketi başarıyla işlendi.
2026-08-20 13:28:27 [INFO] [WS-1] Toplam 55100 adet veri paketi başarıyla işlendi.
2026-08-20 13:28:27 [INFO] [İPTAL] COMPUSDT.P tekrar SMA altına indi. Takip sıfırlandı.
2026-08-20 13:28:27 [INFO] [WS-2] Toplam 50300 adet veri paketi başarıyla işlendi.
2026-08-20 13:28:28 [INFO] [WS-4] Toplam 31500 adet veri paketi başarıyla işlendi.
2026-08-20 13:28:28 [ERROR] Failed to fetch updates - TelegramConflictError: Telegram server says - Conflict: terminated by other getUpdates request; make sure that only one bot instance is running
2026-08-20 13:28:28 [WARNING] Sleep for 5.092086 seconds and try again... (tryings = 86, bot id = 8154127903)
2026-08-20 13:28:28 [INFO] [WS-3] Toplam 37500 adet veri paketi başarıyla işlendi.
2026-08-20 13:28:29 [INFO] [WS-1] Toplam 55200 adet veri paketi başarıyla işlendi.
2026-08-20 13:28:29 [INFO] [BİLGİ] DEXEUSDT.P SMA 50'ye (Aşağı) dokundu. Referans: 1.8773, Hedef: 1.7834
2026-08-20 13:28:29 [INFO] [WS-2] Toplam 50400 adet veri paketi başarıyla işlendi.
2026-08-20 13:28:30 [INFO] [İPTAL] DEXEUSDT.P tekrar SMA üstüne çıktı. Takip sıfırlandı.
2026-08-20 13:28:30 [INFO] [WS-1] Toplam 55300 adet veri paketi başarıyla işlendi.
2026-08-20 13:28:31 [INFO] [WS-4] Toplam 31600 adet veri paketi başarıyla işlendi.
2026-08-20 13:28:31 [INFO] [WS-2] Toplam 50500 adet veri paketi başarıyla işlendi.
2026-08-20 13:28:32 [INFO] [BİLGİ] RAREUSDT.P SMA 50'ye (Aşağı) dokundu. Referans: 0.012267, Hedef: 0.011654
2026-08-20 13:28:32 [INFO] [WS-3] Toplam 37600 adet veri paketi başarıyla işlendi.
2026-08-20 13:28:32 [INFO] [WS-1] Toplam 55400 adet veri paketi başarıyla işlendi.
2026-08-20 13:28:33 [INFO] [WS-2] Toplam 50600 adet veri paketi başarıyla işlendi.
2026-08-20 13:28:34 [INFO] [WS-4] Toplam 31700 adet veri paketi başarıyla işlendi.
2026-08-20 13:28:34 [INFO] [WS-1] Toplam 55500 adet veri paketi başarıyla işlendi.
2026-08-20 13:28:34 [INFO] [İPTAL] RAREUSDT.P tekrar SMA üstüne çıktı. Takip sıfırlandı.
2026-08-20 13:28:34 [INFO] [WS-3] Toplam 37700 adet veri paketi başarıyla işlendi.
2026-08-20 13:28:35 [INFO] [WS-2] Toplam 50700 adet veri paketi başarıyla işlendi.
2026-08-20 13:28:36 [INFO] [WS-1] Toplam 55600 adet veri paketi başarıyla işlendi.
2026-08-20 13:28:36 [INFO] [WS-4] Toplam 31800 adet veri paketi başarıyla işlendi.
2026-08-20 13:28:37 [INFO] [WS-2] Toplam 50800 adet veri paketi başarıyla işlendi.
2026-08-20 13:28:37 [INFO] [WS-3] Toplam 37800 adet veri paketi başarıyla işlendi.
2026-08-20 13:28:37 [INFO] [WS-1] Toplam 55700 adet veri paketi başarıyla işlendi.
2026-08-20 13:28:38 [INFO] [WS-2] Toplam 50900 adet veri paketi başarıyla işlendi.
2026-08-20 13:28:38 [INFO] [BİLGİ] RAREUSDT.P SMA 50'ye (Aşağı) dokundu. Referans: 0.012267, Hedef: 0.011654
2026-08-20 13:28:39 [ERROR] Failed to fetch updates - TelegramConflictError: Telegram server says - Conflict: terminated by other getUpdates request; make sure that only one bot instance is running
2026-08-20 13:28:39 [WARNING] Sleep for 4.976199 seconds and try again... (tryings = 87, bot id = 8154127903)
2026-08-20 13:28:39 [INFO] [WS-4] Toplam 31900 adet veri paketi başarıyla işlendi.
2026-08-20 13:28:39 [INFO] [WS-1] Toplam 55800 adet veri paketi başarıyla işlendi.
2026-08-20 13:28:39 [INFO] [WS-3] Toplam 37900 adet veri paketi başarıyla işlendi.
2026-08-20 13:28:40 [INFO] [İPTAL] INUSDT.P tekrar SMA altına indi. Takip sıfırlandı.
2026-08-20 13:28:40 [INFO] [WS-2] Toplam 51000 adet veri paketi başarıyla işlendi.
2026-08-20 13:28:40 [INFO] [WS-1] Toplam 55900 adet veri paketi başarıyla işlendi.
2026-08-20 13:28:40 [INFO] [WS-2] Toplam 51100 adet veri paketi başarıyla işlendi.
2026-08-20 13:28:41 [INFO] [WS-3] Toplam 38000 adet veri paketi başarıyla işlendi.
2026-08-20 13:28:41 [INFO] [WS-4] Toplam 32000 adet veri paketi başarıyla işlendi.
2026-08-20 13:28:42 [INFO] [WS-1] Toplam 56000 adet veri paketi başarıyla işlendi.
2026-08-20 13:28:42 [INFO] [WS-2] Toplam 51200 adet veri paketi başarıyla işlendi.
2026-08-20 13:28:43 [INFO] [WS-1] Toplam 56100 adet veri paketi başarıyla işlendi.
2026-08-20 13:28:44 [INFO] [WS-3] Toplam 38100 adet veri paketi başarıyla işlendi.
2026-08-20 13:28:44 [INFO] [BİLGİ] OPNUSDT.P SMA 50'ye (Aşağı) dokundu. Referans: 0.054144, Hedef: 0.051437
2026-08-20 13:28:44 [INFO] [WS-4] Toplam 32100 adet veri paketi başarıyla işlendi.
2026-08-20 13:28:44 [INFO] [WS-2] Toplam 51300 adet veri paketi başarıyla işlendi.
2026-08-20 13:28:45 [INFO] [WS-1] Toplam 56200 adet veri paketi başarıyla işlendi.
2026-08-20 13:28:46 [INFO] [WS-2] Toplam 51400 adet veri paketi başarıyla işlendi.
2026-08-20 13:28:46 [INFO] [WS-3] Toplam 38200 adet veri paketi başarıyla işlendi.
2026-08-20 13:28:47 [INFO] [WS-4] Toplam 32200 adet veri paketi başarıyla işlendi.
2026-08-20 13:28:47 [INFO] [WS-1] Toplam 56300 adet veri paketi başarıyla işlendi.
2026-08-20 13:28:48 [INFO] [WS-2] Toplam 51500 adet veri paketi başarıyla işlendi.
2026-08-20 13:28:49 [INFO] [WS-3] Toplam 38300 adet veri paketi başarıyla işlendi.
2026-08-20 13:28:49 [INFO] [WS-1] Toplam 56400 adet veri paketi başarıyla işlendi.
2026-08-20 13:28:49 [ERROR] Failed to fetch updates - TelegramConflictError: Telegram server says - Conflict: terminated by other getUpdates request; make sure that only one bot instance is running
2026-08-20 13:28:49 [WARNING] Sleep for 5.046141 seconds and try again... (tryings = 88, bot id = 8154127903)
2026-08-20 13:28:50 [INFO] [WS-4] Toplam 32300 adet veri paketi başarıyla işlendi.
2026-08-20 13:28:50 [INFO] [WS-2] Toplam 51600 adet veri paketi başarıyla işlendi.
2026-08-20 13:28:50 [INFO] [WS-1] Toplam 56500 adet veri paketi başarıyla işlendi.
2026-08-20 13:28:51 [INFO] [WS-3] Toplam 38400 adet veri paketi başarıyla işlendi.
2026-08-20 13:28:52 [INFO] [WS-2] Toplam 51700 adet veri paketi başarıyla işlendi.
2026-08-20 13:28:52 [INFO] [WS-1] Toplam 56600 adet veri paketi başarıyla işlendi.
2026-08-20 13:28:53 [INFO] [WS-4] Toplam 32400 adet veri paketi başarıyla işlendi.
2026-08-20 13:28:53 [INFO] [WS-1] Toplam 56700 adet veri paketi başarıyla işlendi.
2026-08-20 13:28:54 [INFO] [WS-3] Toplam 38500 adet veri paketi başarıyla işlendi.
2026-08-20 13:28:54 [INFO] [WS-2] Toplam 51800 adet veri paketi başarıyla işlendi.
2026-08-20 13:28:56 [INFO] [WS-1] Toplam 56800 adet veri paketi başarıyla işlendi.
2026-08-20 13:28:56 [INFO] [WS-2] Toplam 51900 adet veri paketi başarıyla işlendi.
2026-08-20 13:28:56 [INFO] [WS-4] Toplam 32500 adet veri paketi başarıyla işlendi.
2026-08-20 13:28:57 [INFO] [WS-3] Toplam 38600 adet veri paketi başarıyla işlendi.
2026-08-20 13:28:58 [INFO] [WS-2] Toplam 52000 adet veri paketi başarıyla işlendi.
2026-08-20 13:28:58 [INFO] [WS-1] Toplam 56900 adet veri paketi başarıyla işlendi.
2026-08-20 13:28:59 [INFO] [WS-3] Toplam 38700 adet veri paketi başarıyla işlendi.
2026-08-20 13:28:59 [INFO] [İPTAL] ASTERUSDT.P tekrar SMA üstüne çıktı. Takip sıfırlandı.
2026-08-20 13:28:59 [INFO] [WS-1] Toplam 57000 adet veri paketi başarıyla işlendi.
2026-08-20 13:28:59 [INFO] [WS-2] Toplam 52100 adet veri paketi başarıyla işlendi.
2026-08-20 13:28:59 [INFO] [WS-4] Toplam 32600 adet veri paketi başarıyla işlendi.
2026-08-20 13:28:59 [ERROR] Failed to fetch updates - TelegramConflictError: Telegram server says - Conflict: terminated by other getUpdates request; make sure that only one bot instance is running
2026-08-20 13:28:59 [WARNING] Sleep for 4.932258 seconds and try again... (tryings = 89, bot id = 8154127903)
2026-08-20 13:29:00 [INFO] [İPTAL] RAREUSDT.P tekrar SMA üstüne çıktı. Takip sıfırlandı.
2026-08-20 13:29:00 [INFO] [WS-2] Toplam 52200 adet veri paketi başarıyla işlendi.
2026-08-20 13:29:01 [INFO] [WS-3] Toplam 38800 adet veri paketi başarıyla işlendi.
2026-08-20 13:29:01 [INFO] [WS-1] Toplam 57100 adet veri paketi başarıyla işlendi.
2026-08-20 13:29:02 [INFO] [WS-4] Toplam 32700 adet veri paketi başarıyla işlendi.
2026-08-20 13:29:02 [INFO] [WS-2] Toplam 52300 adet veri paketi başarıyla işlendi.
2026-08-20 13:29:03 [INFO] [WS-1] Toplam 57200 adet veri paketi başarıyla işlendi.
2026-08-20 13:29:03 [INFO] [WS-3] Toplam 38900 adet veri paketi başarıyla işlendi.
2026-08-20 13:29:05 [INFO] [WS-2] Toplam 52400 adet veri paketi başarıyla işlendi.
2026-08-20 13:29:05 [INFO] [WS-1] Toplam 57300 adet veri paketi başarıyla işlendi.
2026-08-20 13:29:05 [INFO] [WS-4] Toplam 32800 adet veri paketi başarıyla işlendi.
2026-08-20 13:29:06 [INFO] [İPTAL] ALCHUSDT.P tekrar SMA üstüne çıktı. Takip sıfırlandı.
2026-08-20 13:29:06 [INFO] [WS-2] Toplam 52500 adet veri paketi başarıyla işlendi.
2026-08-20 13:29:06 [INFO] [WS-3] Toplam 39000 adet veri paketi başarıyla işlendi.
2026-08-20 13:29:06 [INFO] [WS-1] Toplam 57400 adet veri paketi başarıyla işlendi.
2026-08-20 13:29:07 [INFO] [BİLGİ] ASTERUSDT.P SMA 50'ye (Aşağı) dokundu. Referans: 0.663794, Hedef: 0.630604
2026-08-20 13:29:09 [INFO] [WS-1] Toplam 57500 adet veri paketi başarıyla işlendi.
2026-08-20 13:29:09 [INFO] [WS-2] Toplam 52600 adet veri paketi başarıyla işlendi.
2026-08-20 13:29:09 [INFO] [WS-4] Toplam 32900 adet veri paketi başarıyla işlendi.
2026-08-20 13:29:10 [ERROR] Failed to fetch updates - TelegramConflictError: Telegram server says - Conflict: terminated by other getUpdates request; make sure that only one bot instance is running
2026-08-20 13:29:10 [WARNING] Sleep for 4.938046 seconds and try again... (tryings = 90, bot id = 8154127903)
2026-08-20 13:29:10 [INFO] [WS-3] Toplam 39100 adet veri paketi başarıyla işlendi.
2026-08-20 13:29:11 [INFO] [WS-1] Toplam 57600 adet veri paketi başarıyla işlendi.
2026-08-20 13:29:12 [INFO] [BİLGİ] CGPTUSDT.P SMA 50'ye (Aşağı) dokundu. Referans: 0.020859, Hedef: 0.019816
2026-08-20 13:29:12 [INFO] [WS-2] Toplam 52700 adet veri paketi başarıyla işlendi.
2026-08-20 13:29:12 [INFO] [WS-1] Toplam 57700 adet veri paketi başarıyla işlendi.
2026-08-20 13:29:13 [INFO] [WS-3] Toplam 39200 adet veri paketi başarıyla işlendi.
2026-08-20 13:29:13 [INFO] [WS-2] Toplam 52800 adet veri paketi başarıyla işlendi.
2026-08-20 13:29:13 [INFO] [WS-4] Toplam 33000 adet veri paketi başarıyla işlendi.
2026-08-20 13:29:14 [INFO] [WS-1] Toplam 57800 adet veri paketi başarıyla işlendi.
2026-08-20 13:29:15 [INFO] [WS-2] Toplam 52900 adet veri paketi başarıyla işlendi.
2026-08-20 13:29:15 [INFO] [WS-3] Toplam 39300 adet veri paketi başarıyla işlendi.
2026-08-20 13:29:16 [INFO] [BİLGİ] YFIUSDT.P SMA 50'ye (Aşağı) dokundu. Referans: 2122.24, Hedef: 2016.13
2026-08-20 13:29:16 [INFO] [WS-4] Toplam 33100 adet veri paketi başarıyla işlendi.
2026-08-20 13:29:17 [INFO] [WS-1] Toplam 57900 adet veri paketi başarıyla işlendi.
2026-08-20 13:29:17 [INFO] [WS-2] Toplam 53000 adet veri paketi başarıyla işlendi.
2026-08-20 13:29:17 [INFO] [ZAMAN AŞIMI] TLMUSDT.P 15 dk içinde hedefe ulaşamadı. İptal edildi.
2026-08-20 13:29:17 [INFO] [İPTAL] KOMAUSDT.P tekrar SMA üstüne çıktı. Takip sıfırlandı.
2026-08-20 13:29:18 [INFO] [BİLGİ] GPSUSDT.P SMA 50'ye (Yukarı) dokundu. Referans: 0.011936, Hedef: 0.012533
2026-08-20 13:29:18 [INFO] [WS-3] Toplam 39400 adet veri paketi başarıyla işlendi.
2026-08-20 13:29:19 [INFO] [WS-1] Toplam 58000 adet veri paketi başarıyla işlendi.
2026-08-20 13:29:19 [INFO] [WS-2] Toplam 53100 adet veri paketi başarıyla işlendi.
2026-08-20 13:29:19 [INFO] [BİLGİ] COMPUSDT.P SMA 50'ye (Yukarı) dokundu. Referans: 18.7968, Hedef: 19.7366
2026-08-20 13:29:19 [INFO] [WS-4] Toplam 33200 adet veri paketi başarıyla işlendi.
2026-08-20 13:29:20 [ERROR] Failed to fetch updates - TelegramConflictError: Telegram server says - Conflict: terminated by other getUpdates request; make sure that only one bot instance is running
2026-08-20 13:29:20 [WARNING] Sleep for 4.872234 seconds and try again... (tryings = 91, bot id = 8154127903)
2026-08-20 13:29:21 [INFO] [WS-1] Toplam 58100 adet veri paketi başarıyla işlendi.
2026-08-20 13:29:22 [INFO] [WS-2] Toplam 53200 adet veri paketi başarıyla işlendi.
2026-08-20 13:29:22 [INFO] [WS-3] Toplam 39500 adet veri paketi başarıyla işlendi.
2026-08-20 13:29:23 [INFO] [WS-1] Toplam 58200 adet veri paketi başarıyla işlendi.
2026-08-20 13:29:24 [INFO] [WS-2] Toplam 53300 adet veri paketi başarıyla işlendi.
2026-08-20 13:29:24 [INFO] [WS-4] Toplam 33300 adet veri paketi başarıyla işlendi.
2026-08-20 13:29:24 [INFO] [İPTAL] COAIUSDT.P tekrar SMA üstüne çıktı. Takip sıfırlandı.
2026-08-20 13:29:25 [INFO] [WS-3] Toplam 39600 adet veri paketi başarıyla işlendi.
2026-08-20 13:29:26 [INFO] [İPTAL] GPSUSDT.P tekrar SMA altına indi. Takip sıfırlandı.
2026-08-20 13:29:26 [INFO] [WS-1] Toplam 58300 adet veri paketi başarıyla işlendi.
2026-08-20 13:29:26 [INFO] [WS-2] Toplam 53400 adet veri paketi başarıyla işlendi.
2026-08-20 13:29:28 [INFO] [WS-1] Toplam 58400 adet veri paketi başarıyla işlendi.
2026-08-20 13:29:29 [INFO] [WS-2] Toplam 53500 adet veri paketi başarıyla işlendi.
2026-08-20 13:29:29 [INFO] [WS-3] Toplam 39700 adet veri paketi başarıyla işlendi.
2026-08-20 13:29:29 [INFO] [WS-4] Toplam 33400 adet veri paketi başarıyla işlendi.
2026-08-20 13:29:30 [ERROR] Failed to fetch updates - TelegramConflictError: Telegram server says - Conflict: terminated by other getUpdates request; make sure that only one bot instance is running
2026-08-20 13:29:30 [WARNING] Sleep for 4.955553 seconds and try again... (tryings = 92, bot id = 8154127903)
2026-08-20 13:29:31 [INFO] [WS-2] Toplam 53600 adet veri paketi başarıyla işlendi.
2026-08-20 13:29:31 [INFO] [WS-1] Toplam 58500 adet veri paketi başarıyla işlendi.
2026-08-20 13:29:33 [INFO] [WS-3] Toplam 39800 adet veri paketi başarıyla işlendi.
2026-08-20 13:29:33 [INFO] [WS-1] Toplam 58600 adet veri paketi başarıyla işlendi.
2026-08-20 13:29:33 [INFO] [İPTAL] OPNUSDT.P tekrar SMA üstüne çıktı. Takip sıfırlandı.
2026-08-20 13:29:33 [INFO] [WS-2] Toplam 53700 adet veri paketi başarıyla işlendi.
2026-08-20 13:29:34 [INFO] [WS-4] Toplam 33500 adet veri paketi başarıyla işlendi.
2026-08-20 13:29:34 [INFO] [BİLGİ] COAIUSDT.P SMA 50'ye (Aşağı) dokundu. Referans: 0.312668, Hedef: 0.297035
2026-08-20 13:29:35 [INFO] [WS-3] Toplam 39900 adet veri paketi başarıyla işlendi.
2026-08-20 13:29:36 [INFO] [WS-1] Toplam 58700 adet veri paketi başarıyla işlendi.
2026-08-20 13:29:36 [INFO] [WS-2] Toplam 53800 adet veri paketi başarıyla işlendi.
2026-08-20 13:29:38 [INFO] [WS-2] Toplam 53900 adet veri paketi başarıyla işlendi.
2026-08-20 13:29:38 [INFO] [İPTAL] YFIUSDT.P tekrar SMA üstüne çıktı. Takip sıfırlandı.
2026-08-20 13:29:38 [INFO] [WS-1] Toplam 58800 adet veri paketi başarıyla işlendi.
2026-08-20 13:29:38 [INFO] [WS-4] Toplam 33600 adet veri paketi başarıyla işlendi.
2026-08-20 13:29:39 [INFO] [WS-3] Toplam 40000 adet veri paketi başarıyla işlendi.
2026-08-20 13:29:40 [INFO] [WS-1] Toplam 58900 adet veri paketi başarıyla işlendi.
2026-08-20 13:29:40 [INFO] [WS-2] Toplam 54000 adet veri paketi başarıyla işlendi.
2026-08-20 13:29:40 [INFO] [BİLGİ] YFIUSDT.P SMA 50'ye (Aşağı) dokundu. Referans: 2122.26, Hedef: 2016.15
2026-08-20 13:29:40 [ERROR] Failed to fetch updates - TelegramConflictError: Telegram server says - Conflict: terminated by other getUpdates request; make sure that only one bot instance is running
2026-08-20 13:29:40 [WARNING] Sleep for 4.851023 seconds and try again... (tryings = 93, bot id = 8154127903)
2026-08-20 13:29:41 [INFO] [WS-3] Toplam 40100 adet veri paketi başarıyla işlendi.
2026-08-20 13:29:41 [INFO] [WS-1] Toplam 59000 adet veri paketi başarıyla işlendi.
2026-08-20 13:29:42 [INFO] [WS-4] Toplam 33700 adet veri paketi başarıyla işlendi.
2026-08-20 13:29:42 [INFO] [WS-2] Toplam 54100 adet veri paketi başarıyla işlendi.
2026-08-20 13:29:43 [INFO] [İPTAL] GRIFFAINUSDT.P tekrar SMA altına indi. Takip sıfırlandı.
2026-08-20 13:29:44 [INFO] [WS-1] Toplam 59100 adet veri paketi başarıyla işlendi.
2026-08-20 13:29:44 [INFO] [WS-3] Toplam 40200 adet veri paketi başarıyla işlendi.
2026-08-20 13:29:44 [INFO] [WS-2] Toplam 54200 adet veri paketi başarıyla işlendi.
2026-08-20 13:29:46 [INFO] [WS-1] Toplam 59200 adet veri paketi başarıyla işlendi.
2026-08-20 13:29:46 [INFO] [WS-4] Toplam 33800 adet veri paketi başarıyla işlendi.
2026-08-20 13:29:47 [INFO] [WS-2] Toplam 54300 adet veri paketi başarıyla işlendi.
2026-08-20 13:29:48 [INFO] [WS-3] Toplam 40300 adet veri paketi başarıyla işlendi.
2026-08-20 13:29:48 [INFO] [WS-1] Toplam 59300 adet veri paketi başarıyla işlendi.
2026-08-20 13:29:49 [INFO] [WS-2] Toplam 54400 adet veri paketi başarıyla işlendi.
2026-08-20 13:29:50 [INFO] [WS-4] Toplam 33900 adet veri paketi başarıyla işlendi.
2026-08-20 13:29:50 [ERROR] Failed to fetch updates - TelegramConflictError: Telegram server says - Conflict: terminated by other getUpdates request; make sure that only one bot instance is running
2026-08-20 13:29:50 [WARNING] Sleep for 5.095772 seconds and try again... (tryings = 94, bot id = 8154127903)
2026-08-20 13:29:51 [INFO] [WS-1] Toplam 59400 adet veri paketi başarıyla işlendi.
2026-08-20 13:29:52 [INFO] [WS-2] Toplam 54500 adet veri paketi başarıyla işlendi.
2026-08-20 13:29:52 [INFO] [WS-3] Toplam 40400 adet veri paketi başarıyla işlendi.
2026-08-20 13:29:53 [INFO] [WS-1] Toplam 59500 adet veri paketi başarıyla işlendi.
2026-08-20 13:29:55 [INFO] [WS-4] Toplam 34000 adet veri paketi başarıyla işlendi.
2026-08-20 13:29:55 [INFO] [WS-2] Toplam 54600 adet veri paketi başarıyla işlendi.
2026-08-20 13:29:55 [INFO] [WS-1] Toplam 59600 adet veri paketi başarıyla işlendi.
2026-08-20 13:29:56 [INFO] [WS-3] Toplam 40500 adet veri paketi başarıyla işlendi.
2026-08-20 13:29:56 [INFO] [BİLGİ] RAREUSDT.P SMA 50'ye (Aşağı) dokundu. Referans: 0.012267, Hedef: 0.011654
2026-08-20 13:29:57 [INFO] [BİLGİ] GPSUSDT.P SMA 50'ye (Yukarı) dokundu. Referans: 0.011936, Hedef: 0.012533
2026-08-20 13:29:57 [INFO] [İPTAL] GPSUSDT.P tekrar SMA altına indi. Takip sıfırlandı.
2026-08-20 13:29:57 [INFO] [WS-1] Toplam 59700 adet veri paketi başarıyla işlendi.
2026-08-20 13:29:58 [INFO] [WS-2] Toplam 54700 adet veri paketi başarıyla işlendi.
2026-08-20 13:29:59 [INFO] [WS-3] Toplam 40600 adet veri paketi başarıyla işlendi.
2026-08-20 13:29:59 [INFO] [WS-4] Toplam 34100 adet veri paketi başarıyla işlendi.
2026-08-20 13:30:00 [INFO] [WS-1] Toplam 59800 adet veri paketi başarıyla işlendi.
2026-08-20 13:30:00 [INFO] [WS-2] Toplam 54800 adet veri paketi başarıyla işlendi.
2026-08-20 13:30:00 [INFO] [BİLGİ] XNYUSDT.P SMA 50'ye (Aşağı) dokundu. Referans: 0.007263, Hedef: 0.006899
2026-08-20 13:30:00 [INFO] [İPTAL] CGPTUSDT.P tekrar SMA üstüne çıktı. Takip sıfırlandı.
2026-08-20 13:30:00 [INFO] [BİLGİ] GMXUSDT.P SMA 50'ye (Aşağı) dokundu. Referans: 6.9108, Hedef: 6.5652
2026-08-20 13:30:01 [ERROR] Failed to fetch updates - TelegramConflictError: Telegram server says - Conflict: terminated by other getUpdates request; make sure that only one bot instance is running
2026-08-20 13:30:01 [WARNING] Sleep for 4.942853 seconds and try again... (tryings = 95, bot id = 8154127903)
2026-08-20 13:30:01 [INFO] [WS-1] Toplam 59900 adet veri paketi başarıyla işlendi.
2026-08-20 13:30:01 [INFO] [WS-3] Toplam 40700 adet veri paketi başarıyla işlendi.
2026-08-20 13:30:01 [INFO] [WS-2] Toplam 54900 adet veri paketi başarıyla işlendi.
2026-08-20 13:30:02 [INFO] [WS-1] Toplam 60000 adet veri paketi başarıyla işlendi.
2026-08-20 13:30:02 [INFO] [WS-4] Toplam 34200 adet veri paketi başarıyla işlendi.
2026-08-20 13:30:02 [INFO] [WS-2] Toplam 55000 adet veri paketi başarıyla işlendi.
2026-08-20 13:30:02 [INFO] [WS-3] Toplam 40800 adet veri paketi başarıyla işlendi.
2026-08-20 13:30:03 [INFO] [WS-1] Toplam 60100 adet veri paketi başarıyla işlendi.
2026-08-20 13:30:03 [INFO] [İPTAL] RAREUSDT.P tekrar SMA üstüne çıktı. Takip sıfırlandı.
2026-08-20 13:30:03 [INFO] [WS-3] Toplam 40900 adet veri paketi başarıyla işlendi.
2026-08-20 13:30:03 [INFO] [WS-2] Toplam 55100 adet veri paketi başarıyla işlendi.
2026-08-20 13:30:04 [INFO] [WS-1] Toplam 60200 adet veri paketi başarıyla işlendi.
2026-08-20 13:30:04 [INFO] [BİLGİ] RAREUSDT.P SMA 50'ye (Aşağı) dokundu. Referans: 0.012266, Hedef: 0.011653
2026-08-20 13:30:04 [INFO] [WS-4] Toplam 34300 adet veri paketi başarıyla işlendi.
2026-08-20 13:30:05 [INFO] [WS-2] Toplam 55200 adet veri paketi başarıyla işlendi.
2026-08-20 13:30:05 [INFO] [WS-3] Toplam 41000 adet veri paketi başarıyla işlendi.
2026-08-20 13:30:05 [INFO] [WS-1] Toplam 60300 adet veri paketi başarıyla işlendi.
2026-08-20 13:30:06 [INFO] [WS-2] Toplam 55300 adet veri paketi başarıyla işlendi.
2026-08-20 13:30:07 [INFO] [İPTAL] XNYUSDT.P tekrar SMA üstüne çıktı. Takip sıfırlandı.
2026-08-20 13:30:07 [INFO] [İPTAL] DODOXUSDT.P tekrar SMA üstüne çıktı. Takip sıfırlandı.
2026-08-20 13:30:07 [INFO] [BİLGİ] XNYUSDT.P SMA 50'ye (Aşağı) dokundu. Referans: 0.007264, Hedef: 0.006901
2026-08-20 13:30:07 [INFO] [WS-3] Toplam 41100 adet veri paketi başarıyla işlendi.
2026-08-20 13:30:07 [INFO] [WS-1] Toplam 60400 adet veri paketi başarıyla işlendi.
2026-08-20 13:30:07 [INFO] [WS-4] Toplam 34400 adet veri paketi başarıyla işlendi.
2026-08-20 13:30:08 [INFO] [WS-2] Toplam 55400 adet veri paketi başarıyla işlendi.
2026-08-20 13:30:09 [INFO] [WS-1] Toplam 60500 adet veri paketi başarıyla işlendi.
2026-08-20 13:30:09 [INFO] [WS-3] Toplam 41200 adet veri paketi başarıyla işlendi.
2026-08-20 13:30:09 [INFO] [WS-2] Toplam 55500 adet veri paketi başarıyla işlendi.
2026-08-20 13:30:10 [INFO] [WS-1] Toplam 60600 adet veri paketi başarıyla işlendi.
2026-08-20 13:30:10 [INFO] [WS-4] Toplam 34500 adet veri paketi başarıyla işlendi.
2026-08-20 13:30:10 [INFO] [WS-3] Toplam 41300 adet veri paketi başarıyla işlendi.
2026-08-20 13:30:10 [INFO] [WS-2] Toplam 55600 adet veri paketi başarıyla işlendi.
2026-08-20 13:30:11 [ERROR] Failed to fetch updates - TelegramConflictError: Telegram server says - Conflict: terminated by other getUpdates request; make sure that only one bot instance is running
2026-08-20 13:30:11 [WARNING] Sleep for 4.688042 seconds and try again... (tryings = 96, bot id = 8154127903)
2026-08-20 13:30:11 [INFO] [İPTAL] USUSDT.P tekrar SMA üstüne çıktı. Takip sıfırlandı.
2026-08-20 13:30:11 [INFO] [WS-1] Toplam 60700 adet veri paketi başarıyla işlendi.
2026-08-20 13:30:12 [INFO] [WS-4] Toplam 34600 adet veri paketi başarıyla işlendi.
2026-08-20 13:30:12 [INFO] [WS-3] Toplam 41400 adet veri paketi başarıyla işlendi.
2026-08-20 13:30:12 [INFO] [WS-2] Toplam 55700 adet veri paketi başarıyla işlendi.
2026-08-20 13:30:13 [INFO] [İPTAL] YFIUSDT.P tekrar SMA üstüne çıktı. Takip sıfırlandı.
2026-08-20 13:30:13 [INFO] [İPTAL] CYSUSDT.P tekrar SMA üstüne çıktı. Takip sıfırlandı.
2026-08-20 13:30:13 [INFO] [BİLGİ] GRIFFAINUSDT.P SMA 50'ye (Yukarı) dokundu. Referans: 0.012889, Hedef: 0.013533
2026-08-20 13:30:13 [INFO] [WS-1] Toplam 60800 adet veri paketi başarıyla işlendi.
2026-08-20 13:30:14 [INFO] [WS-3] Toplam 41500 adet veri paketi başarıyla işlendi.
2026-08-20 13:30:14 [INFO] [BİLGİ] GPSUSDT.P SMA 50'ye (Yukarı) dokundu. Referans: 0.011935, Hedef: 0.012532
2026-08-20 13:30:14 [INFO] [WS-2] Toplam 55800 adet veri paketi başarıyla işlendi.
2026-08-20 13:30:15 [INFO] [BİLGİ] DODOXUSDT.P SMA 50'ye (Aşağı) dokundu. Referans: 0.020110, Hedef: 0.019105
2026-08-20 13:30:15 [INFO] [WS-1] Toplam 60900 adet veri paketi başarıyla işlendi.
2026-08-20 13:30:15 [INFO] [WS-4] Toplam 34700 adet veri paketi başarıyla işlendi.
2026-08-20 13:30:16 [INFO] [WS-2] Toplam 55900 adet veri paketi başarıyla işlendi.
2026-08-20 13:30:16 [INFO] [WS-3] Toplam 41600 adet veri paketi başarıyla işlendi.
2026-08-20 13:30:16 [INFO] [WS-1] Toplam 61000 adet veri paketi başarıyla işlendi.
2026-08-20 13:30:17 [INFO] [BİLGİ] CGPTUSDT.P SMA 50'ye (Aşağı) dokundu. Referans: 0.020864, Hedef: 0.019821
2026-08-20 13:30:17 [INFO] [İPTAL] DODOXUSDT.P tekrar SMA üstüne çıktı. Takip sıfırlandı.
2026-08-20 13:30:18 [INFO] [WS-2] Toplam 56000 adet veri paketi başarıyla işlendi.
2026-08-20 13:30:18 [INFO] [WS-1] Toplam 61100 adet veri paketi başarıyla işlendi.
2026-08-20 13:30:18 [INFO] [WS-4] Toplam 34800 adet veri paketi başarıyla işlendi.
2026-08-20 13:30:19 [INFO] [WS-3] Toplam 41700 adet veri paketi başarıyla işlendi.
2026-08-20 13:30:19 [INFO] [İPTAL] GPSUSDT.P tekrar SMA altına indi. Takip sıfırlandı.
2026-08-20 13:30:19 [INFO] [BİLGİ] BIRBUSDT.P SMA 50'ye (Aşağı) dokundu. Referans: 0.054423, Hedef: 0.051702
2026-08-20 13:30:20 [INFO] [WS-2] Toplam 56100 adet veri paketi başarıyla işlendi.
2026-08-20 13:30:20 [INFO] [WS-1] Toplam 61200 adet veri paketi başarıyla işlendi.
2026-08-20 13:30:21 [INFO] [BİLGİ] DODOXUSDT.P SMA 50'ye (Aşağı) dokundu. Referans: 0.020110, Hedef: 0.019105
2026-08-20 13:30:21 [ERROR] Failed to fetch updates - TelegramConflictError: Telegram server says - Conflict: terminated by other getUpdates request; make sure that only one bot instance is running
2026-08-20 13:30:21 [WARNING] Sleep for 4.912271 seconds and try again... (tryings = 97, bot id = 8154127903)
2026-08-20 13:30:21 [INFO] [WS-1] Toplam 61300 adet veri paketi başarıyla işlendi.
2026-08-20 13:30:21 [INFO] [WS-3] Toplam 41800 adet veri paketi başarıyla işlendi.
2026-08-20 13:30:21 [INFO] [WS-4] Toplam 34900 adet veri paketi başarıyla işlendi.
2026-08-20 13:30:21 [INFO] [BİLGİ] YFIUSDT.P SMA 50'ye (Aşağı) dokundu. Referans: 2122.50, Hedef: 2016.38
2026-08-20 13:30:22 [INFO] [WS-2] Toplam 56200 adet veri paketi başarıyla işlendi.
2026-08-20 13:30:22 [INFO] [WS-1] Toplam 61400 adet veri paketi başarıyla işlendi.
2026-08-20 13:30:24 [INFO] [WS-3] Toplam 41900 adet veri paketi başarıyla işlendi.
2026-08-20 13:30:24 [INFO] [WS-2] Toplam 56300 adet veri paketi başarıyla işlendi.
2026-08-20 13:30:24 [INFO] [WS-4] Toplam 35000 adet veri paketi başarıyla işlendi.
2026-08-20 13:30:24 [INFO] [WS-1] Toplam 61500 adet veri paketi başarıyla işlendi.
2026-08-20 13:30:25 [INFO] [WS-1] Toplam 61600 adet veri paketi başarıyla işlendi.
2026-08-20 13:30:25 [INFO] [WS-2] Toplam 56400 adet veri paketi başarıyla işlendi.
2026-08-20 13:30:26 [INFO] [WS-3] Toplam 42000 adet veri paketi başarıyla işlendi.
2026-08-20 13:30:27 [INFO] [WS-4] Toplam 35100 adet veri paketi başarıyla işlendi.
2026-08-20 13:30:27 [INFO] [WS-1] Toplam 61700 adet veri paketi başarıyla işlendi.
2026-08-20 13:30:28 [INFO] [WS-2] Toplam 56500 adet veri paketi başarıyla işlendi.
2026-08-20 13:30:29 [INFO] [WS-3] Toplam 42100 adet veri paketi başarıyla işlendi.
2026-08-20 13:30:29 [INFO] [WS-1] Toplam 61800 adet veri paketi başarıyla işlendi.
2026-08-20 13:30:30 [INFO] [WS-2] Toplam 56600 adet veri paketi başarıyla işlendi.
2026-08-20 13:30:31 [INFO] [WS-4] Toplam 35200 adet veri paketi başarıyla işlendi.
2026-08-20 13:30:31 [ERROR] Failed to fetch updates - TelegramConflictError: Telegram server says - Conflict: terminated by other getUpdates request; make sure that only one bot instance is running
2026-08-20 13:30:31 [WARNING] Sleep for 5.029884 seconds and try again... (tryings = 98, bot id = 8154127903)
2026-08-20 13:30:31 [INFO] [WS-1] Toplam 61900 adet veri paketi başarıyla işlendi.
2026-08-20 13:30:32 [INFO] [WS-3] Toplam 42200 adet veri paketi başarıyla işlendi.
2026-08-20 13:30:33 [INFO] [WS-2] Toplam 56700 adet veri paketi başarıyla işlendi.
2026-08-20 13:30:34 [INFO] [WS-1] Toplam 62000 adet veri paketi başarıyla işlendi.
2026-08-20 13:30:35 [INFO] [WS-4] Toplam 35300 adet veri paketi başarıyla işlendi.
2026-08-20 13:30:35 [INFO] [WS-2] Toplam 56800 adet veri paketi başarıyla işlendi.
2026-08-20 13:30:35 [INFO] [WS-3] Toplam 42300 adet veri paketi başarıyla işlendi.
2026-08-20 13:30:36 [INFO] [WS-1] Toplam 62100 adet veri paketi başarıyla işlendi.
2026-08-20 13:30:37 [INFO] [WS-2] Toplam 56900 adet veri paketi başarıyla işlendi.
2026-08-20 13:30:38 [INFO] [WS-1] Toplam 62200 adet veri paketi başarıyla işlendi.
2026-08-20 13:30:38 [INFO] [WS-3] Toplam 42400 adet veri paketi başarıyla işlendi.
2026-08-20 13:30:38 [INFO] [WS-4] Toplam 35400 adet veri paketi başarıyla işlendi.
2026-08-20 13:30:40 [INFO] [WS-1] Toplam 62300 adet veri paketi başarıyla işlendi.
2026-08-20 13:30:40 [INFO] [WS-2] Toplam 57000 adet veri paketi başarıyla işlendi.
2026-08-20 13:30:40 [INFO] [BİLGİ] CYSUSDT.P SMA 50'ye (Aşağı) dokundu. Referans: 0.581272, Hedef: 0.552208
2026-08-20 13:30:41 [INFO] [WS-3] Toplam 42500 adet veri paketi başarıyla işlendi.
2026-08-20 13:30:41 [INFO] [BİLGİ] KOMAUSDT.P SMA 50'ye (Aşağı) dokundu. Referans: 0.012840, Hedef: 0.012198
2026-08-20 13:30:42 [ERROR] Failed to fetch updates - TelegramConflictError: Telegram server says - Conflict: terminated by other getUpdates request; make sure that only one bot instance is running
2026-08-20 13:30:42 [WARNING] Sleep for 4.941371 seconds and try again... (tryings = 99, bot id = 8154127903)
2026-08-20 13:30:42 [INFO] [WS-1] Toplam 62400 adet veri paketi başarıyla işlendi.
2026-08-20 13:30:42 [INFO] [WS-4] Toplam 35500 adet veri paketi başarıyla işlendi.
2026-08-20 13:30:42 [INFO] [WS-2] Toplam 57100 adet veri paketi başarıyla işlendi.
2026-08-20 13:30:43 [INFO] [WS-1] Toplam 62500 adet veri paketi başarıyla işlendi.
2026-08-20 13:30:44 [INFO] [WS-2] Toplam 57200 adet veri paketi başarıyla işlendi.
2026-08-20 13:30:44 [INFO] [WS-3] Toplam 42600 adet veri paketi başarıyla işlendi.
2026-08-20 13:30:45 [INFO] [WS-1] Toplam 62600 adet veri paketi başarıyla işlendi.
2026-08-20 13:30:45 [INFO] [WS-4] Toplam 35600 adet veri paketi başarıyla işlendi.
2026-08-20 13:30:46 [INFO] [WS-2] Toplam 57300 adet veri paketi başarıyla işlendi.
2026-08-20 13:30:47 [INFO] [WS-3] Toplam 42700 adet veri paketi başarıyla işlendi.
2026-08-20 13:30:47 [INFO] [WS-1] Toplam 62700 adet veri paketi başarıyla işlendi.
2026-08-20 13:30:47 [INFO] [WS-2] Toplam 57400 adet veri paketi başarıyla işlendi.
2026-08-20 13:30:48 [INFO] [WS-1] Toplam 62800 adet veri paketi başarıyla işlendi.
2026-08-20 13:30:48 [INFO] [WS-4] Toplam 35700 adet veri paketi başarıyla işlendi.
2026-08-20 13:30:49 [INFO] [WS-3] Toplam 42800 adet veri paketi başarıyla işlendi.
2026-08-20 13:30:49 [INFO] [WS-2] Toplam 57500 adet veri paketi başarıyla işlendi.
2026-08-20 13:30:50 [INFO] [WS-1] Toplam 62900 adet veri paketi başarıyla işlendi.
2026-08-20 13:30:50 [INFO] [BİLGİ] BRUSDT.P SMA 50'ye (Aşağı) dokundu. Referans: 0.241822, Hedef: 0.229731
2026-08-20 13:30:51 [INFO] [BİLGİ] MINAUSDT.P SMA 50'ye (Aşağı) dokundu. Referans: 0.044247, Hedef: 0.042034
2026-08-20 13:30:51 [INFO] [WS-2] Toplam 57600 adet veri paketi başarıyla işlendi.
2026-08-20 13:30:52 [ERROR] Failed to fetch updates - TelegramConflictError: Telegram server says - Conflict: terminated by other getUpdates request; make sure that only one bot instance is running
2026-08-20 13:30:52 [WARNING] Sleep for 4.984705 seconds and try again... (tryings = 100, bot id = 8154127903)
2026-08-20 13:30:52 [INFO] [WS-3] Toplam 42900 adet veri paketi başarıyla işlendi.
2026-08-20 13:30:52 [INFO] [WS-1] Toplam 63000 adet veri paketi başarıyla işlendi.
2026-08-20 13:30:52 [INFO] [WS-4] Toplam 35800 adet veri paketi başarıyla işlendi.
2026-08-20 13:30:54 [INFO] [WS-2] Toplam 57700 adet veri paketi başarıyla işlendi.
2026-08-20 13:30:54 [INFO] [WS-1] Toplam 63100 adet veri paketi başarıyla işlendi.
2026-08-20 13:30:55 [INFO] [WS-3] Toplam 43000 adet veri paketi başarıyla işlendi.
2026-08-20 13:30:55 [INFO] [BİLGİ] TSTUSDT.P SMA 50'ye (Yukarı) dokundu. Referans: 0.015138, Hedef: 0.015894
2026-08-20 13:30:55 [INFO] [İPTAL] KOMAUSDT.P tekrar SMA üstüne çıktı. Takip sıfırlandı.
2026-08-20 13:30:55 [INFO] [BİLGİ] KOMAUSDT.P SMA 50'ye (Aşağı) dokundu. Referans: 0.012840, Hedef: 0.012198
2026-08-20 13:30:55 [INFO] [İPTAL] TSTUSDT.P tekrar SMA altına indi. Takip sıfırlandı.
2026-08-20 13:30:55 [INFO] [WS-2] Toplam 57800 adet veri paketi başarıyla işlendi.
2026-08-20 13:30:56 [INFO] [WS-4] Toplam 35900 adet veri paketi başarıyla işlendi.
2026-08-20 13:30:56 [INFO] [WS-1] Toplam 63200 adet veri paketi başarıyla işlendi.
2026-08-20 13:30:57 [INFO] [WS-3] Toplam 43100 adet veri paketi başarıyla işlendi.
2026-08-20 13:30:58 [INFO] [WS-1] Toplam 63300 adet veri paketi başarıyla işlendi.
2026-08-20 13:30:58 [INFO] [WS-2] Toplam 57900 adet veri paketi başarıyla işlendi.
2026-08-20 13:30:58 [INFO] [İPTAL] CYSUSDT.P tekrar SMA üstüne çıktı. Takip sıfırlandı.
2026-08-20 13:30:59 [INFO] [İPTAL] BEATUSDT.P tekrar SMA üstüne çıktı. Takip sıfırlandı.
2026-08-20 13:30:59 [INFO] [WS-3] Toplam 43200 adet veri paketi başarıyla işlendi.
2026-08-20 13:31:00 [INFO] [WS-4] Toplam 36000 adet veri paketi başarıyla işlendi.
2026-08-20 13:31:00 [INFO] [WS-1] Toplam 63400 adet veri paketi başarıyla işlendi.
2026-08-20 13:31:00 [INFO] [WS-2] Toplam 58000 adet veri paketi başarıyla işlendi.
2026-08-20 13:31:00 [INFO] [İPTAL] XNYUSDT.P tekrar SMA üstüne çıktı. Takip sıfırlandı.
2026-08-20 13:31:00 [INFO] [İPTAL] KOMAUSDT.P tekrar SMA üstüne çıktı. Takip sıfırlandı.
2026-08-20 13:31:00 [INFO] [İPTAL] RAREUSDT.P tekrar SMA üstüne çıktı. Takip sıfırlandı.
2026-08-20 13:31:01 [INFO] [WS-2] Toplam 58100 adet veri paketi başarıyla işlendi.
2026-08-20 13:31:01 [INFO] [WS-1] Toplam 63500 adet veri paketi başarıyla işlendi.
2026-08-20 13:31:01 [INFO] [WS-3] Toplam 43300 adet veri paketi başarıyla işlendi.
2026-08-20 13:31:01 [INFO] [BİLGİ] SAHARAUSDT.P SMA 50'ye (Yukarı) dokundu. Referans: 0.007810, Hedef: 0.008201
2026-08-20 13:31:02 [INFO] [WS-4] Toplam 36100 adet veri paketi başarıyla işlendi.
2026-08-20 13:31:02 [INFO] [BİLGİ] TSTUSDT.P SMA 50'ye (Yukarı) dokundu. Referans: 0.015138, Hedef: 0.015895
2026-08-20 13:31:02 [INFO] [WS-1] Toplam 63600 adet veri paketi başarıyla işlendi.
2026-08-20 13:31:02 [INFO] [İPTAL] YFIUSDT.P tekrar SMA üstüne çıktı. Takip sıfırlandı.
2026-08-20 13:31:02 [INFO] [WS-2] Toplam 58200 adet veri paketi başarıyla işlendi.
2026-08-20 13:31:02 [ERROR] Failed to fetch updates - TelegramConflictError: Telegram server says - Conflict: terminated by other getUpdates request; make sure that only one bot instance is running
2026-08-20 13:31:02 [WARNING] Sleep for 4.900288 seconds and try again... (tryings = 101, bot id = 8154127903)
2026-08-20 13:31:02 [INFO] [WS-3] Toplam 43400 adet veri paketi başarıyla işlendi.
2026-08-20 13:31:02 [INFO] [WS-1] Toplam 63700 adet veri paketi başarıyla işlendi.
2026-08-20 13:31:03 [INFO] [WS-2] Toplam 58300 adet veri paketi başarıyla işlendi.
2026-08-20 13:31:03 [INFO] [İPTAL] SAHARAUSDT.P tekrar SMA altına indi. Takip sıfırlandı.
2026-08-20 13:31:04 [INFO] [WS-4] Toplam 36200 adet veri paketi başarıyla işlendi.
2026-08-20 13:31:04 [INFO] [WS-1] Toplam 63800 adet veri paketi başarıyla işlendi.
2026-08-20 13:31:05 [INFO] [BİLGİ] BEATUSDT.P SMA 50'ye (Aşağı) dokundu. Referans: 0.136616, Hedef: 0.129785
2026-08-20 13:31:05 [INFO] [WS-3] Toplam 43500 adet veri paketi başarıyla işlendi.
2026-08-20 13:31:05 [INFO] [BİLGİ] ALCHUSDT.P SMA 50'ye (Aşağı) dokundu. Referans: 0.027048, Hedef: 0.025696
2026-08-20 13:31:05 [INFO] [WS-2] Toplam 58400 adet veri paketi başarıyla işlendi.
2026-08-20 13:31:07 [INFO] [WS-1] Toplam 63900 adet veri paketi başarıyla işlendi.
2026-08-20 13:31:07 [INFO] [WS-2] Toplam 58500 adet veri paketi başarıyla işlendi.
2026-08-20 13:31:07 [INFO] [WS-3] Toplam 43600 adet veri paketi başarıyla işlendi.
2026-08-20 13:31:08 [INFO] [WS-4] Toplam 36300 adet veri paketi başarıyla işlendi.
2026-08-20 13:31:08 [INFO] [İPTAL] ALCHUSDT.P tekrar SMA üstüne çıktı. Takip sıfırlandı.
2026-08-20 13:31:08 [INFO] [İPTAL] BEATUSDT.P tekrar SMA üstüne çıktı. Takip sıfırlandı.
2026-08-20 13:31:09 [INFO] [WS-1] Toplam 64000 adet veri paketi başarıyla işlendi.
2026-08-20 13:31:09 [INFO] [WS-2] Toplam 58600 adet veri paketi başarıyla işlendi.
2026-08-20 13:31:09 [INFO] [BİLGİ] BEATUSDT.P SMA 50'ye (Aşağı) dokundu. Referans: 0.136616, Hedef: 0.129785
2026-08-20 13:31:09 [INFO] [WS-3] Toplam 43700 adet veri paketi başarıyla işlendi.
2026-08-20 13:31:09 [INFO] [İPTAL] BEATUSDT.P tekrar SMA üstüne çıktı. Takip sıfırlandı.
2026-08-20 13:31:10 [INFO] [WS-4] Toplam 36400 adet veri paketi başarıyla işlendi.
2026-08-20 13:31:10 [INFO] [BİLGİ] NILUSDT.P SMA 50'ye (Aşağı) dokundu. Referans: 0.042349, Hedef: 0.040231
2026-08-20 13:31:11 [INFO] [WS-2] Toplam 58700 adet veri paketi başarıyla işlendi.
2026-08-20 13:31:11 [INFO] [WS-1] Toplam 64100 adet veri paketi başarıyla işlendi.
2026-08-20 13:31:12 [INFO] [WS-3] Toplam 43800 adet veri paketi başarıyla işlendi.
2026-08-20 13:31:12 [ERROR] Failed to fetch updates - TelegramConflictError: Telegram server says - Conflict: terminated by other getUpdates request; make sure that only one bot instance is running
2026-08-20 13:31:12 [WARNING] Sleep for 4.926336 seconds and try again... (tryings = 102, bot id = 8154127903)
2026-08-20 13:31:12 [INFO] [İPTAL] COAIUSDT.P tekrar SMA üstüne çıktı. Takip sıfırlandı.
2026-08-20 13:31:13 [INFO] [WS-2] Toplam 58800 adet veri paketi başarıyla işlendi.
2026-08-20 13:31:13 [INFO] [WS-1] Toplam 64200 adet veri paketi başarıyla işlendi.
2026-08-20 13:31:13 [INFO] [BİLGİ] KOMAUSDT.P SMA 50'ye (Aşağı) dokundu. Referans: 0.012840, Hedef: 0.012198
2026-08-20 13:31:13 [INFO] [WS-4] Toplam 36500 adet veri paketi başarıyla işlendi.
2026-08-20 13:31:14 [INFO] [WS-3] Toplam 43900 adet veri paketi başarıyla işlendi.
2026-08-20 13:31:14 [INFO] [İPTAL] NILUSDT.P tekrar SMA üstüne çıktı. Takip sıfırlandı.
2026-08-20 13:31:14 [INFO] [WS-2] Toplam 58900 adet veri paketi başarıyla işlendi.
2026-08-20 13:31:15 [INFO] [WS-1] Toplam 64300 adet veri paketi başarıyla işlendi.
2026-08-20 13:31:16 [INFO] [WS-3] Toplam 44000 adet veri paketi başarıyla işlendi.
2026-08-20 13:31:16 [INFO] [WS-2] Toplam 59000 adet veri paketi başarıyla işlendi.
2026-08-20 13:31:17 [INFO] [WS-4] Toplam 36600 adet veri paketi başarıyla işlendi.
2026-08-20 13:31:18 [INFO] [WS-1] Toplam 64400 adet veri paketi başarıyla işlendi.
2026-08-20 13:31:18 [INFO] [WS-3] Toplam 44100 adet veri paketi başarıyla işlendi.
2026-08-20 13:31:18 [INFO] [WS-2] Toplam 59100 adet veri paketi başarıyla işlendi.
2026-08-20 13:31:19 [INFO] [WS-1] Toplam 64500 adet veri paketi başarıyla işlendi.
2026-08-20 13:31:19 [INFO] [WS-3] Toplam 44200 adet veri paketi başarıyla işlendi.
2026-08-20 13:31:19 [INFO] [WS-2] Toplam 59200 adet veri paketi başarıyla işlendi.
2026-08-20 13:31:19 [INFO] [WS-4] Toplam 36700 adet veri paketi başarıyla işlendi.
2026-08-20 13:31:20 [INFO] [WS-1] Toplam 64600 adet veri paketi başarıyla işlendi.
2026-08-20 13:31:21 [INFO] [WS-2] Toplam 59300 adet veri paketi başarıyla işlendi.
2026-08-20 13:31:21 [INFO] [WS-3] Toplam 44300 adet veri paketi başarıyla işlendi.
2026-08-20 13:31:22 [INFO] [WS-1] Toplam 64700 adet veri paketi başarıyla işlendi.
2026-08-20 13:31:22 [INFO] [İPTAL] TSTUSDT.P tekrar SMA altına indi. Takip sıfırlandı.
2026-08-20 13:31:22 [INFO] [WS-4] Toplam 36800 adet veri paketi başarıyla işlendi.
2026-08-20 13:31:22 [INFO] [WS-2] Toplam 59400 adet veri paketi başarıyla işlendi.
2026-08-20 13:31:22 [ERROR] Failed to fetch updates - TelegramConflictError: Telegram server says - Conflict: terminated by other getUpdates request; make sure that only one bot instance is running
2026-08-20 13:31:22 [WARNING] Sleep for 5.092749 seconds and try again... (tryings = 103, bot id = 8154127903)
2026-08-20 13:31:22 [INFO] [BİLGİ] NILUSDT.P SMA 50'ye (Aşağı) dokundu. Referans: 0.042348, Hedef: 0.040230
2026-08-20 13:31:23 [INFO] [WS-1] Toplam 64800 adet veri paketi başarıyla işlendi.
2026-08-20 13:31:24 [INFO] [WS-2] Toplam 59500 adet veri paketi başarıyla işlendi.
2026-08-20 13:31:24 [INFO] [WS-3] Toplam 44400 adet veri paketi başarıyla işlendi.
2026-08-20 13:31:25 [INFO] [WS-1] Toplam 64900 adet veri paketi başarıyla işlendi.
2026-08-20 13:31:25 [INFO] [WS-4] Toplam 36900 adet veri paketi başarıyla işlendi.
2026-08-20 13:31:26 [INFO] [BİLGİ] COAIUSDT.P SMA 50'ye (Aşağı) dokundu. Referans: 0.312670, Hedef: 0.297036
2026-08-20 13:31:26 [INFO] [WS-2] Toplam 59600 adet veri paketi başarıyla işlendi.
2026-08-20 13:31:26 [INFO] [BİLGİ] RAREUSDT.P SMA 50'ye (Aşağı) dokundu. Referans: 0.012266, Hedef: 0.011653
2026-08-20 13:31:26 [INFO] [WS-3] Toplam 44500 adet veri paketi başarıyla işlendi.
2026-08-20 13:31:26 [INFO] [WS-1] Toplam 65000 adet veri paketi başarıyla işlendi.
2026-08-20 13:31:27 [INFO] [WS-2] Toplam 59700 adet veri paketi başarıyla işlendi.
2026-08-20 13:31:28 [INFO] [İPTAL] COAIUSDT.P tekrar SMA üstüne çıktı. Takip sıfırlandı.
2026-08-20 13:31:28 [INFO] [WS-4] Toplam 37000 adet veri paketi başarıyla işlendi.
2026-08-20 13:31:28 [INFO] [WS-1] Toplam 65100 adet veri paketi başarıyla işlendi.
2026-08-20 13:31:29 [INFO] [WS-3] Toplam 44600 adet veri paketi başarıyla işlendi.
2026-08-20 13:31:29 [INFO] [WS-2] Toplam 59800 adet veri paketi başarıyla işlendi.
2026-08-20 13:31:29 [INFO] [BİLGİ] SAHARAUSDT.P SMA 50'ye (Yukarı) dokundu. Referans: 0.007810, Hedef: 0.008201
2026-08-20 13:31:30 [INFO] [WS-1] Toplam 65200 adet veri paketi başarıyla işlendi.
2026-08-20 13:31:30 [INFO] [WS-2] Toplam 59900 adet veri paketi başarıyla işlendi.
2026-08-20 13:31:30 [INFO] [WS-4] Toplam 37100 adet veri paketi başarıyla işlendi.
2026-08-20 13:31:30 [INFO] [WS-3] Toplam 44700 adet veri paketi başarıyla işlendi.
2026-08-20 13:31:31 [INFO] [İPTAL] SAHARAUSDT.P tekrar SMA altına indi. Takip sıfırlandı.
2026-08-20 13:31:31 [INFO] [WS-1] Toplam 65300 adet veri paketi başarıyla işlendi.
2026-08-20 13:31:32 [INFO] [BİLGİ] XNYUSDT.P SMA 50'ye (Aşağı) dokundu. Referans: 0.007264, Hedef: 0.006901
2026-08-20 13:31:32 [INFO] [BİLGİ] TSTUSDT.P SMA 50'ye (Yukarı) dokundu. Referans: 0.015138, Hedef: 0.015894
2026-08-20 13:31:32 [INFO] [WS-2] Toplam 60000 adet veri paketi başarıyla işlendi.
2026-08-20 13:31:32 [INFO] [İPTAL] TRIAUSDT.P tekrar SMA üstüne çıktı. Takip sıfırlandı.
2026-08-20 13:31:33 [ERROR] Failed to fetch updates - TelegramConflictError: Telegram server says - Conflict: terminated by other getUpdates request; make sure that only one bot instance is running
2026-08-20 13:31:33 [WARNING] Sleep for 5.043556 seconds and try again... (tryings = 104, bot id = 8154127903)
2026-08-20 13:31:33 [INFO] [WS-1] Toplam 65400 adet veri paketi başarıyla işlendi.
2026-08-20 13:31:33 [INFO] [WS-3] Toplam 44800 adet veri paketi başarıyla işlendi.
2026-08-20 13:31:34 [INFO] [WS-4] Toplam 37200 adet veri paketi başarıyla işlendi.
2026-08-20 13:31:34 [INFO] [WS-2] Toplam 60100 adet veri paketi başarıyla işlendi.
2026-08-20 13:31:35 [INFO] [WS-1] Toplam 65500 adet veri paketi başarıyla işlendi.
2026-08-20 13:31:36 [INFO] [WS-3] Toplam 44900 adet veri paketi başarıyla işlendi.
2026-08-20 13:31:36 [INFO] [İPTAL] TSTUSDT.P tekrar SMA altına indi. Takip sıfırlandı.
2026-08-20 13:31:36 [INFO] [WS-2] Toplam 60200 adet veri paketi başarıyla işlendi.
2026-08-20 13:31:36 [INFO] [İPTAL] BRUSDT.P tekrar SMA üstüne çıktı. Takip sıfırlandı.
2026-08-20 13:31:37 [INFO] [WS-1] Toplam 65600 adet veri paketi başarıyla işlendi.
2026-08-20 13:31:37 [INFO] [WS-4] Toplam 37300 adet veri paketi başarıyla işlendi.
2026-08-20 13:31:37 [INFO] [BİLGİ] BRUSDT.P SMA 50'ye (Aşağı) dokundu. Referans: 0.241823, Hedef: 0.229732
2026-08-20 13:31:37 [INFO] [İPTAL] RAREUSDT.P tekrar SMA üstüne çıktı. Takip sıfırlandı.
2026-08-20 13:31:37 [INFO] [BİLGİ] SAHARAUSDT.P SMA 50'ye (Yukarı) dokundu. Referans: 0.007810, Hedef: 0.008201
2026-08-20 13:31:38 [INFO] [WS-2] Toplam 60300 adet veri paketi başarıyla işlendi.
2026-08-20 13:31:38 [INFO] [WS-3] Toplam 45000 adet veri paketi başarıyla işlendi.
2026-08-20 13:31:39 [INFO] [WS-1] Toplam 65700 adet veri paketi başarıyla işlendi.
2026-08-20 13:31:39 [INFO] [BİLGİ] TRIAUSDT.P SMA 50'ye (Aşağı) dokundu. Referans: 0.007632, Hedef: 0.007251
2026-08-20 13:31:39 [INFO] [BİLGİ] MITOUSDT.P SMA 50'ye (Aşağı) dokundu. Referans: 0.026866, Hedef: 0.025523
2026-08-20 13:31:39 [INFO] [WS-4] Toplam 37400 adet veri paketi başarıyla işlendi.
2026-08-20 13:31:39 [INFO] [WS-2] Toplam 60400 adet veri paketi başarıyla işlendi.
2026-08-20 13:31:40 [INFO] [WS-1] Toplam 65800 adet veri paketi başarıyla işlendi.
2026-08-20 13:31:40 [INFO] [WS-3] Toplam 45100 adet veri paketi başarıyla işlendi.
2026-08-20 13:31:40 [INFO] [İPTAL] SAHARAUSDT.P tekrar SMA altına indi. Takip sıfırlandı.
2026-08-20 13:31:41 [INFO] [WS-2] Toplam 60500 adet veri paketi başarıyla işlendi.
2026-08-20 13:31:41 [INFO] [WS-1] Toplam 65900 adet veri paketi başarıyla işlendi.
2026-08-20 13:31:42 [INFO] [WS-3] Toplam 45200 adet veri paketi başarıyla işlendi.
2026-08-20 13:31:43 [INFO] [WS-4] Toplam 37500 adet veri paketi başarıyla işlendi.
2026-08-20 13:31:43 [ERROR] Failed to fetch updates - TelegramConflictError: Telegram server says - Conflict: terminated by other getUpdates request; make sure that only one bot instance is running
2026-08-20 13:31:43 [WARNING] Sleep for 5.019073 seconds and try again... (tryings = 105, bot id = 8154127903)
2026-08-20 13:31:43 [INFO] [WS-1] Toplam 66000 adet veri paketi başarıyla işlendi.
2026-08-20 13:31:44 [INFO] [WS-2] Toplam 60600 adet veri paketi başarıyla işlendi.
2026-08-20 13:31:45 [INFO] [WS-1] Toplam 66100 adet veri paketi başarıyla işlendi.
2026-08-20 13:31:45 [INFO] [WS-2] Toplam 60700 adet veri paketi başarıyla işlendi.
2026-08-20 13:31:46 [INFO] [WS-3] Toplam 45300 adet veri paketi başarıyla işlendi.
2026-08-20 13:31:46 [INFO] [İPTAL] BRUSDT.P tekrar SMA üstüne çıktı. Takip sıfırlandı.
2026-08-20 13:31:47 [INFO] [WS-4] Toplam 37600 adet veri paketi başarıyla işlendi.
2026-08-20 13:31:47 [INFO] [WS-1] Toplam 66200 adet veri paketi başarıyla işlendi.
2026-08-20 13:31:47 [INFO] [WS-2] Toplam 60800 adet veri paketi başarıyla işlendi.
2026-08-20 13:31:48 [INFO] [BİLGİ] INUSDT.P SMA 50'ye (Yukarı) dokundu. Referans: 0.032059, Hedef: 0.033662
2026-08-20 13:31:48 [INFO] [WS-3] Toplam 45400 adet veri paketi başarıyla işlendi.
2026-08-20 13:31:49 [INFO] [WS-1] Toplam 66300 adet veri paketi başarıyla işlendi.
2026-08-20 13:31:50 [INFO] [WS-2] Toplam 60900 adet veri paketi başarıyla işlendi.
2026-08-20 13:31:50 [INFO] [WS-4] Toplam 37700 adet veri paketi başarıyla işlendi.
2026-08-20 13:31:50 [INFO] [BİLGİ] TSTUSDT.P SMA 50'ye (Yukarı) dokundu. Referans: 0.015138, Hedef: 0.015894
2026-08-20 13:31:50 [INFO] [BİLGİ] BIOUSDT.P SMA 50'ye (Aşağı) dokundu. Referans: 0.031566, Hedef: 0.029988
2026-08-20 13:31:50 [INFO] [WS-3] Toplam 45500 adet veri paketi başarıyla işlendi.
2026-08-20 13:31:51 [INFO] [WS-1] Toplam 66400 adet veri paketi başarıyla işlendi.
2026-08-20 13:31:51 [INFO] [WS-2] Toplam 61000 adet veri paketi başarıyla işlendi.
2026-08-20 13:31:51 [INFO] [İPTAL] BIOUSDT.P tekrar SMA üstüne çıktı. Takip sıfırlandı.
2026-08-20 13:31:52 [INFO] [BİLGİ] BIOUSDT.P SMA 50'ye (Aşağı) dokundu. Referans: 0.031566, Hedef: 0.029987
2026-08-20 13:31:52 [INFO] [WS-1] Toplam 66500 adet veri paketi başarıyla işlendi.
2026-08-20 13:31:52 [INFO] [İPTAL] BIOUSDT.P tekrar SMA üstüne çıktı. Takip sıfırlandı.
2026-08-20 13:31:52 [INFO] [WS-3] Toplam 45600 adet veri paketi başarıyla işlendi.
2026-08-20 13:31:53 [INFO] [WS-2] Toplam 61100 adet veri paketi başarıyla işlendi.
2026-08-20 13:31:53 [INFO] [WS-4] Toplam 37800 adet veri paketi başarıyla işlendi.
2026-08-20 13:31:53 [ERROR] Failed to fetch updates - TelegramConflictError: Telegram server says - Conflict: terminated by other getUpdates request; make sure that only one bot instance is running
2026-08-20 13:31:53 [WARNING] Sleep for 5.041451 seconds and try again... (tryings = 106, bot id = 8154127903)
2026-08-20 13:31:54 [INFO] [WS-1] Toplam 66600 adet veri paketi başarıyla işlendi.
2026-08-20 13:31:55 [INFO] [WS-2] Toplam 61200 adet veri paketi başarıyla işlendi.
2026-08-20 13:31:55 [INFO] [WS-3] Toplam 45700 adet veri paketi başarıyla işlendi.
2026-08-20 13:31:56 [INFO] [WS-4] Toplam 37900 adet veri paketi başarıyla işlendi.
2026-08-20 13:31:57 [INFO] [WS-2] Toplam 61300 adet veri paketi başarıyla işlendi.
2026-08-20 13:31:57 [INFO] [WS-1] Toplam 66700 adet veri paketi başarıyla işlendi.
2026-08-20 13:31:58 [INFO] [WS-3] Toplam 45800 adet veri paketi başarıyla işlendi.
2026-08-20 13:31:59 [INFO] [WS-2] Toplam 61400 adet veri paketi başarıyla işlendi.
2026-08-20 13:31:59 [INFO] [WS-1] Toplam 66800 adet veri paketi başarıyla işlendi.
2026-08-20 13:31:59 [INFO] [İPTAL] XNYUSDT.P tekrar SMA üstüne çıktı. Takip sıfırlandı.
2026-08-20 13:31:59 [INFO] [WS-4] Toplam 38000 adet veri paketi başarıyla işlendi.
2026-08-20 13:32:00 [INFO] [WS-2] Toplam 61500 adet veri paketi başarıyla işlendi.
2026-08-20 13:32:00 [INFO] [WS-3] Toplam 45900 adet veri paketi başarıyla işlendi.
2026-08-20 13:32:00 [INFO] [WS-1] Toplam 66900 adet veri paketi başarıyla işlendi.
2026-08-20 13:32:00 [INFO] [İPTAL] MINAUSDT.P tekrar SMA üstüne çıktı. Takip sıfırlandı.
2026-08-20 13:32:01 [INFO] [BİLGİ] CYSUSDT.P SMA 50'ye (Aşağı) dokundu. Referans: 0.581270, Hedef: 0.552206
2026-08-20 13:32:01 [INFO] [WS-2] Toplam 61600 adet veri paketi başarıyla işlendi.
2026-08-20 13:32:01 [INFO] [WS-1] Toplam 67000 adet veri paketi başarıyla işlendi.
2026-08-20 13:32:01 [INFO] [WS-4] Toplam 38100 adet veri paketi başarıyla işlendi.
2026-08-20 13:32:01 [INFO] [WS-3] Toplam 46000 adet veri paketi başarıyla işlendi.
2026-08-20 13:32:02 [INFO] [WS-2] Toplam 61700 adet veri paketi başarıyla işlendi.
2026-08-20 13:32:03 [INFO] [WS-1] Toplam 67100 adet veri paketi başarıyla işlendi.
2026-08-20 13:32:03 [INFO] [WS-3] Toplam 46100 adet veri paketi başarıyla işlendi.
2026-08-20 13:32:04 [INFO] [WS-4] Toplam 38200 adet veri paketi başarıyla işlendi.
2026-08-20 13:32:04 [ERROR] Failed to fetch updates - TelegramConflictError: Telegram server says - Conflict: terminated by other getUpdates request; make sure that only one bot instance is running
2026-08-20 13:32:04 [WARNING] Sleep for 4.891117 seconds and try again... (tryings = 107, bot id = 8154127903)
2026-08-20 13:32:04 [INFO] [WS-2] Toplam 61800 adet veri paketi başarıyla işlendi.
2026-08-20 13:32:05 [INFO] [WS-1] Toplam 67200 adet veri paketi başarıyla işlendi.
2026-08-20 13:32:05 [INFO] [WS-3] Toplam 46200 adet veri paketi başarıyla işlendi.
2026-08-20 13:32:05 [INFO] [İPTAL] CYSUSDT.P tekrar SMA üstüne çıktı. Takip sıfırlandı.
2026-08-20 13:32:05 [INFO] [WS-2] Toplam 61900 adet veri paketi başarıyla işlendi.
2026-08-20 13:32:06 [INFO] [WS-1] Toplam 67300 adet veri paketi başarıyla işlendi.
2026-08-20 13:32:07 [INFO] [WS-4] Toplam 38300 adet veri paketi başarıyla işlendi.
2026-08-20 13:32:08 [INFO] [WS-1] Toplam 67400 adet veri paketi başarıyla işlendi.
2026-08-20 13:32:08 [INFO] [İPTAL] COMPUSDT.P tekrar SMA altına indi. Takip sıfırlandı.
2026-08-20 13:32:08 [INFO] [WS-2] Toplam 62000 adet veri paketi başarıyla işlendi.
2026-08-20 13:32:08 [INFO] [BİLGİ] BIOUSDT.P SMA 50'ye (Aşağı) dokundu. Referans: 0.031566, Hedef: 0.029988
2026-08-20 13:32:08 [INFO] [WS-3] Toplam 46300 adet veri paketi başarıyla işlendi.
2026-08-20 13:32:09 [INFO] [BİLGİ] XNYUSDT.P SMA 50'ye (Aşağı) dokundu. Referans: 0.007264, Hedef: 0.006901
2026-08-20 13:32:09 [INFO] [İPTAL] TRIAUSDT.P tekrar SMA üstüne çıktı. Takip sıfırlandı.
2026-08-20 13:32:09 [INFO] [WS-2] Toplam 62100 adet veri paketi başarıyla işlendi.
2026-08-20 13:32:09 [INFO] [WS-1] Toplam 67500 adet veri paketi başarıyla işlendi.
2026-08-20 13:32:10 [INFO] [WS-4] Toplam 38400 adet veri paketi başarıyla işlendi.
2026-08-20 13:32:10 [INFO] [WS-3] Toplam 46400 adet veri paketi başarıyla işlendi.
2026-08-20 13:32:10 [INFO] [WS-2] Toplam 62200 adet veri paketi başarıyla işlendi.
2026-08-20 13:32:11 [INFO] [WS-1] Toplam 67600 adet veri paketi başarıyla işlendi.
2026-08-20 13:32:12 [INFO] [WS-3] Toplam 46500 adet veri paketi başarıyla işlendi.
2026-08-20 13:32:12 [INFO] [WS-2] Toplam 62300 adet veri paketi başarıyla işlendi.
2026-08-20 13:32:12 [INFO] [İPTAL] NILUSDT.P tekrar SMA üstüne çıktı. Takip sıfırlandı.
2026-08-20 13:32:12 [INFO] [WS-4] Toplam 38500 adet veri paketi başarıyla işlendi.
2026-08-20 13:32:12 [INFO] [WS-1] Toplam 67700 adet veri paketi başarıyla işlendi.
2026-08-20 13:32:13 [INFO] [İPTAL] XNYUSDT.P tekrar SMA üstüne çıktı. Takip sıfırlandı.
2026-08-20 13:32:13 [INFO] [WS-2] Toplam 62400 adet veri paketi başarıyla işlendi.
2026-08-20 13:32:14 [ERROR] Failed to fetch updates - TelegramConflictError: Telegram server says - Conflict: terminated by other getUpdates request; make sure that only one bot instance is running
2026-08-20 13:32:14 [WARNING] Sleep for 4.915767 seconds and try again... (tryings = 108, bot id = 8154127903)
2026-08-20 13:32:14 [INFO] [WS-3] Toplam 46600 adet veri paketi başarıyla işlendi.
2026-08-20 13:32:14 [INFO] [WS-1] Toplam 67800 adet veri paketi başarıyla işlendi.
2026-08-20 13:32:15 [INFO] [WS-4] Toplam 38600 adet veri paketi başarıyla işlendi.
2026-08-20 13:32:15 [INFO] [WS-2] Toplam 62500 adet veri paketi başarıyla işlendi.
2026-08-20 13:32:15 [INFO] [İPTAL] BIOUSDT.P tekrar SMA üstüne çıktı. Takip sıfırlandı.
2026-08-20 13:32:16 [INFO] [WS-1] Toplam 67900 adet veri paketi başarıyla işlendi.
2026-08-20 13:32:17 [INFO] [İPTAL] CGPTUSDT.P tekrar SMA üstüne çıktı. Takip sıfırlandı.
2026-08-20 13:32:17 [INFO] [WS-3] Toplam 46700 adet veri paketi başarıyla işlendi.
2026-08-20 13:32:17 [INFO] [WS-2] Toplam 62600 adet veri paketi başarıyla işlendi.
2026-08-20 13:32:17 [INFO] [BİLGİ] BIOUSDT.P SMA 50'ye (Aşağı) dokundu. Referans: 0.031566, Hedef: 0.029988
2026-08-20 13:32:18 [INFO] [BİLGİ] HYPEUSDT.P SMA 50'ye (Aşağı) dokundu. Referans: 72.5075, Hedef: 68.8821
2026-08-20 13:32:18 [INFO] [WS-1] Toplam 68000 adet veri paketi başarıyla işlendi.
2026-08-20 13:32:18 [INFO] [BİLGİ] COMPUSDT.P SMA 50'ye (Yukarı) dokundu. Referans: 18.7934, Hedef: 19.7331
2026-08-20 13:32:19 [INFO] [WS-4] Toplam 38700 adet veri paketi başarıyla işlendi.
2026-08-20 13:32:19 [INFO] [WS-2] Toplam 62700 adet veri paketi başarıyla işlendi.
2026-08-20 13:32:19 [INFO] [WS-3] Toplam 46800 adet veri paketi başarıyla işlendi.
2026-08-20 13:32:19 [INFO] [WS-1] Toplam 68100 adet veri paketi başarıyla işlendi.
2026-08-20 13:32:20 [INFO] [BİLGİ] CGPTUSDT.P SMA 50'ye (Aşağı) dokundu. Referans: 0.020864, Hedef: 0.019821
2026-08-20 13:32:21 [INFO] [WS-2] Toplam 62800 adet veri paketi başarıyla işlendi.
2026-08-20 13:32:21 [INFO] [WS-1] Toplam 68200 adet veri paketi başarıyla işlendi.
2026-08-20 13:32:21 [INFO] [WS-4] Toplam 38800 adet veri paketi başarıyla işlendi.
2026-08-20 13:32:21 [INFO] [WS-3] Toplam 46900 adet veri paketi başarıyla işlendi.
2026-08-20 13:32:22 [INFO] [WS-2] Toplam 62900 adet veri paketi başarıyla işlendi.
2026-08-20 13:32:23 [INFO] [WS-1] Toplam 68300 adet veri paketi başarıyla işlendi.
2026-08-20 13:32:23 [INFO] [BİLGİ] RAREUSDT.P SMA 50'ye (Aşağı) dokundu. Referans: 0.012266, Hedef: 0.011653
2026-08-20 13:32:24 [INFO] [WS-2] Toplam 63000 adet veri paketi başarıyla işlendi.
2026-08-20 13:32:24 [INFO] [WS-3] Toplam 47000 adet veri paketi başarıyla işlendi.
2026-08-20 13:32:24 [INFO] [WS-1] Toplam 68400 adet veri paketi başarıyla işlendi.
2026-08-20 13:32:24 [ERROR] Failed to fetch updates - TelegramConflictError: Telegram server says - Conflict: terminated by other getUpdates request; make sure that only one bot instance is running
2026-08-20 13:32:24 [WARNING] Sleep for 4.988357 seconds and try again... (tryings = 109, bot id = 8154127903)
2026-08-20 13:32:24 [INFO] [WS-4] Toplam 38900 adet veri paketi başarıyla işlendi.
2026-08-20 13:32:26 [INFO] [WS-2] Toplam 63100 adet veri paketi başarıyla işlendi.
2026-08-20 13:32:26 [INFO] [WS-3] Toplam 47100 adet veri paketi başarıyla işlendi.
2026-08-20 13:32:26 [INFO] [WS-1] Toplam 68500 adet veri paketi başarıyla işlendi.
2026-08-20 13:32:27 [INFO] [BİLGİ] GPSUSDT.P SMA 50'ye (Yukarı) dokundu. Referans: 0.011935, Hedef: 0.012532
2026-08-20 13:32:27 [INFO] [İPTAL] HANAUSDT.P tekrar SMA altına indi. Takip sıfırlandı.
2026-08-20 13:32:27 [INFO] [WS-2] Toplam 63200 adet veri paketi başarıyla işlendi.
2026-08-20 13:32:27 [INFO] [WS-1] Toplam 68600 adet veri paketi başarıyla işlendi.
2026-08-20 13:32:28 [INFO] [WS-4] Toplam 39000 adet veri paketi başarıyla işlendi.
2026-08-20 13:32:28 [INFO] [WS-3] Toplam 47200 adet veri paketi başarıyla işlendi.
2026-08-20 13:32:28 [INFO] [WS-2] Toplam 63300 adet veri paketi başarıyla işlendi.
2026-08-20 13:32:29 [INFO] [WS-1] Toplam 68700 adet veri paketi başarıyla işlendi.
2026-08-20 13:32:30 [INFO] [BİLGİ] HANAUSDT.P SMA 50'ye (Yukarı) dokundu. Referans: 0.019337, Hedef: 0.020303
2026-08-20 13:32:31 [INFO] [WS-2] Toplam 63400 adet veri paketi başarıyla işlendi.
2026-08-20 13:32:31 [INFO] [WS-4] Toplam 39100 adet veri paketi başarıyla işlendi.
2026-08-20 13:32:31 [INFO] [WS-1] Toplam 68800 adet veri paketi başarıyla işlendi.
2026-08-20 13:32:32 [INFO] [WS-3] Toplam 47300 adet veri paketi başarıyla işlendi.
2026-08-20 13:32:32 [INFO] [WS-2] Toplam 63500 adet veri paketi başarıyla işlendi.
2026-08-20 13:32:33 [INFO] [WS-1] Toplam 68900 adet veri paketi başarıyla işlendi.
2026-08-20 13:32:34 [INFO] [WS-4] Toplam 39200 adet veri paketi başarıyla işlendi.
2026-08-20 13:32:34 [INFO] [WS-3] Toplam 47400 adet veri paketi başarıyla işlendi.
2026-08-20 13:32:34 [INFO] [WS-2] Toplam 63600 adet veri paketi başarıyla işlendi.
2026-08-20 13:32:34 [ERROR] Failed to fetch updates - TelegramConflictError: Telegram server says - Conflict: terminated by other getUpdates request; make sure that only one bot instance is running
2026-08-20 13:32:34 [WARNING] Sleep for 5.008561 seconds and try again... (tryings = 110, bot id = 8154127903)
2026-08-20 13:32:34 [INFO] [WS-1] Toplam 69000 adet veri paketi başarıyla işlendi.
2026-08-20 13:32:35 [INFO] [ZAMAN AŞIMI] FHEUSDT.P 15 dk içinde hedefe ulaşamadı. İptal edildi.
2026-08-20 13:32:36 [INFO] [WS-3] Toplam 47500 adet veri paketi başarıyla işlendi.
2026-08-20 13:32:36 [INFO] [BİLGİ] XNYUSDT.P SMA 50'ye (Aşağı) dokundu. Referans: 0.007264, Hedef: 0.006901
2026-08-20 13:32:36 [INFO] [WS-2] Toplam 63700 adet veri paketi başarıyla işlendi.
2026-08-20 13:32:37 [INFO] [WS-1] Toplam 69100 adet veri paketi başarıyla işlendi.
2026-08-20 13:32:37 [INFO] [WS-4] Toplam 39300 adet veri paketi başarıyla işlendi.
2026-08-20 13:32:38 [INFO] [İPTAL] GPSUSDT.P tekrar SMA altına indi. Takip sıfırlandı.
2026-08-20 13:32:38 [INFO] [WS-2] Toplam 63800 adet veri paketi başarıyla işlendi.
2026-08-20 13:32:39 [INFO] [WS-3] Toplam 47600 adet veri paketi başarıyla işlendi.
2026-08-20 13:32:39 [INFO] [İPTAL] HYPEUSDT.P tekrar SMA üstüne çıktı. Takip sıfırlandı.
2026-08-20 13:32:39 [INFO] [WS-1] Toplam 69200 adet veri paketi başarıyla işlendi.
2026-08-20 13:32:39 [INFO] [BİLGİ] ARBUSDT.P SMA 50'ye (Yukarı) dokundu. Referans: 0.089074, Hedef: 0.093528
2026-08-20 13:32:39 [INFO] [BİLGİ] HOLOUSDT.P SMA 50'ye (Yukarı) dokundu. Referans: 0.059410, Hedef: 0.062381
2026-08-20 13:32:40 [INFO] [BİLGİ] HYPEUSDT.P SMA 50'ye (Aşağı) dokundu. Referans: 72.5076, Hedef: 68.8822
2026-08-20 13:32:40 [INFO] [WS-2] Toplam 63900 adet veri paketi başarıyla işlendi.
2026-08-20 13:32:41 [INFO] [İPTAL] ARBUSDT.P tekrar SMA altına indi. Takip sıfırlandı.
2026-08-20 13:32:41 [INFO] [WS-4] Toplam 39400 adet veri paketi başarıyla işlendi.
2026-08-20 13:32:41 [INFO] [WS-1] Toplam 69300 adet veri paketi başarıyla işlendi.
2026-08-20 13:32:41 [INFO] [WS-3] Toplam 47700 adet veri paketi başarıyla işlendi.
2026-08-20 13:32:41 [INFO] [WS-2] Toplam 64000 adet veri paketi başarıyla işlendi.
2026-08-20 13:32:42 [INFO] [WS-1] Toplam 69400 adet veri paketi başarıyla işlendi.
2026-08-20 13:32:43 [INFO] [ZAMAN AŞIMI] BLESSUSDT.P 15 dk içinde hedefe ulaşamadı. İptal edildi.
2026-08-20 13:32:43 [INFO] [WS-3] Toplam 47800 adet veri paketi başarıyla işlendi.
2026-08-20 13:32:43 [INFO] [WS-2] Toplam 64100 adet veri paketi başarıyla işlendi.
2026-08-20 13:32:44 [INFO] [WS-1] Toplam 69500 adet veri paketi başarıyla işlendi.
2026-08-20 13:32:44 [INFO] [İPTAL] HANAUSDT.P tekrar SMA altına indi. Takip sıfırlandı.
2026-08-20 13:32:44 [INFO] [WS-4] Toplam 39500 adet veri paketi başarıyla işlendi.
2026-08-20 13:32:44 [INFO] [PING] Self-ping attı: HTTP 200
2026-08-20 13:32:45 [ERROR] Failed to fetch updates - TelegramConflictError: Telegram server says - Conflict: terminated by other getUpdates request; make sure that only one bot instance is running
2026-08-20 13:32:45 [WARNING] Sleep for 5.077608 seconds and try again... (tryings = 111, bot id = 8154127903)
2026-08-20 13:32:45 [INFO] [WS-2] Toplam 64200 adet veri paketi başarıyla işlendi.
2026-08-20 13:32:45 [INFO] [WS-1] Toplam 69600 adet veri paketi başarıyla işlendi.
2026-08-20 13:32:45 [INFO] [WS-3] Toplam 47900 adet veri paketi başarıyla işlendi.
2026-08-20 13:32:46 [INFO] [WS-4] Toplam 39600 adet veri paketi başarıyla işlendi.
2026-08-20 13:32:46 [INFO] [WS-2] Toplam 64300 adet veri paketi başarıyla işlendi.
2026-08-20 13:32:46 [INFO] [WS-1] Toplam 69700 adet veri paketi başarıyla işlendi.
2026-08-20 13:32:47 [INFO] [WS-3] Toplam 48000 adet veri paketi başarıyla işlendi.
2026-08-20 13:32:48 [INFO] [WS-2] Toplam 64400 adet veri paketi başarıyla işlendi.
2026-08-20 13:32:48 [INFO] [WS-1] Toplam 69800 adet veri paketi başarıyla işlendi.
2026-08-20 13:32:48 [INFO] [WS-4] Toplam 39700 adet veri paketi başarıyla işlendi.
2026-08-20 13:32:49 [INFO] [WS-2] Toplam 64500 adet veri paketi başarıyla işlendi.
2026-08-20 13:32:49 [INFO] [WS-1] Toplam 69900 adet veri paketi başarıyla işlendi.
2026-08-20 13:32:49 [INFO] [WS-3] Toplam 48100 adet veri paketi başarıyla işlendi.
2026-08-20 13:32:50 [INFO] [İPTAL] HOLOUSDT.P tekrar SMA altına indi. Takip sıfırlandı.
2026-08-20 13:32:50 [INFO] [İPTAL] GRIFFAINUSDT.P tekrar SMA altına indi. Takip sıfırlandı.
2026-08-20 13:32:51 [INFO] [WS-1] Toplam 70000 adet veri paketi başarıyla işlendi.
2026-08-20 13:32:51 [INFO] [WS-2] Toplam 64600 adet veri paketi başarıyla işlendi.
2026-08-20 13:32:51 [INFO] [İPTAL] XNYUSDT.P tekrar SMA üstüne çıktı. Takip sıfırlandı.
2026-08-20 13:32:51 [INFO] [WS-4] Toplam 39800 adet veri paketi başarıyla işlendi.
2026-08-20 13:32:51 [INFO] [WS-3] Toplam 48200 adet veri paketi başarıyla işlendi.
2026-08-20 13:32:52 [INFO] [İPTAL] RAREUSDT.P tekrar SMA üstüne çıktı. Takip sıfırlandı.
2026-08-20 13:32:52 [INFO] [BİLGİ] ARBUSDT.P SMA 50'ye (Yukarı) dokundu. Referans: 0.089074, Hedef: 0.093528
2026-08-20 13:32:52 [INFO] [WS-1] Toplam 70100 adet veri paketi başarıyla işlendi.
2026-08-20 13:32:52 [INFO] [WS-2] Toplam 64700 adet veri paketi başarıyla işlendi.
2026-08-20 13:32:54 [INFO] [WS-3] Toplam 48300 adet veri paketi başarıyla işlendi.
2026-08-20 13:32:54 [INFO] [WS-2] Toplam 64800 adet veri paketi başarıyla işlendi.
2026-08-20 13:32:55 [INFO] [WS-1] Toplam 70200 adet veri paketi başarıyla işlendi.
2026-08-20 13:32:55 [ERROR] Failed to fetch updates - TelegramConflictError: Telegram server says - Conflict: terminated by other getUpdates request; make sure that only one bot instance is running
2026-08-20 13:32:55 [WARNING] Sleep for 5.002036 seconds and try again... (tryings = 112, bot id = 8154127903)
2026-08-20 13:32:55 [INFO] [WS-4] Toplam 39900 adet veri paketi başarıyla işlendi.
2026-08-20 13:32:56 [INFO] [WS-3] Toplam 48400 adet veri paketi başarıyla işlendi.
2026-08-20 13:32:56 [INFO] [WS-1] Toplam 70300 adet veri paketi başarıyla işlendi.
2026-08-20 13:32:57 [INFO] [WS-2] Toplam 64900 adet veri paketi başarıyla işlendi.
2026-08-20 13:32:58 [INFO] [WS-1] Toplam 70400 adet veri paketi başarıyla işlendi.
2026-08-20 13:32:59 [INFO] [WS-4] Toplam 40000 adet veri paketi başarıyla işlendi.
2026-08-20 13:32:59 [INFO] [WS-3] Toplam 48500 adet veri paketi başarıyla işlendi.
2026-08-20 13:32:59 [INFO] [WS-2] Toplam 65000 adet veri paketi başarıyla işlendi.
2026-08-20 13:33:00 [INFO] [WS-1] Toplam 70500 adet veri paketi başarıyla işlendi.
2026-08-20 13:33:00 [INFO] [WS-2] Toplam 65100 adet veri paketi başarıyla işlendi.
2026-08-20 13:33:00 [INFO] [BİLGİ] HOLOUSDT.P SMA 50'ye (Yukarı) dokundu. Referans: 0.059410, Hedef: 0.062380
2026-08-20 13:33:00 [INFO] [WS-3] Toplam 48600 adet veri paketi başarıyla işlendi.
2026-08-20 13:33:00 [INFO] [İPTAL] HYPEUSDT.P tekrar SMA üstüne çıktı. Takip sıfırlandı.
2026-08-20 13:33:01 [INFO] [WS-4] Toplam 40100 adet veri paketi başarıyla işlendi.
2026-08-20 13:33:01 [INFO] [BİLGİ] BEATUSDT.P SMA 50'ye (Aşağı) dokundu. Referans: 0.136616, Hedef: 0.129785
2026-08-20 13:33:01 [INFO] [WS-1] Toplam 70600 adet veri paketi başarıyla işlendi.
2026-08-20 13:33:01 [INFO] [WS-2] Toplam 65200 adet veri paketi başarıyla işlendi.
2026-08-20 13:33:03 [INFO] [BİLGİ] COAIUSDT.P SMA 50'ye (Aşağı) dokundu. Referans: 0.312670, Hedef: 0.297036
2026-08-20 13:33:03 [INFO] [WS-1] Toplam 70700 adet veri paketi başarıyla işlendi.
2026-08-20 13:33:03 [INFO] [WS-2] Toplam 65300 adet veri paketi başarıyla işlendi.
2026-08-20 13:33:03 [INFO] [WS-3] Toplam 48700 adet veri paketi başarıyla işlendi.
2026-08-20 13:33:04 [INFO] [WS-4] Toplam 40200 adet veri paketi başarıyla işlendi.
2026-08-20 13:33:04 [INFO] [İPTAL] BEATUSDT.P tekrar SMA üstüne çıktı. Takip sıfırlandı.
2026-08-20 13:33:04 [INFO] [WS-1] Toplam 70800 adet veri paketi başarıyla işlendi.
2026-08-20 13:33:05 [INFO] [WS-2] Toplam 65400 adet veri paketi başarıyla işlendi.
2026-08-20 13:33:05 [ERROR] Failed to fetch updates - TelegramConflictError: Telegram server says - Conflict: terminated by other getUpdates request; make sure that only one bot instance is running
2026-08-20 13:33:05 [WARNING] Sleep for 4.987026 seconds and try again... (tryings = 113, bot id = 8154127903)
2026-08-20 13:33:05 [INFO] [WS-1] Toplam 70900 adet veri paketi başarıyla işlendi.
2026-08-20 13:33:06 [INFO] [WS-3] Toplam 48800 adet veri paketi başarıyla işlendi.
2026-08-20 13:33:06 [INFO] [İPTAL] ARBUSDT.P tekrar SMA altına indi. Takip sıfırlandı.
2026-08-20 13:33:06 [INFO] [WS-2] Toplam 65500 adet veri paketi başarıyla işlendi.
2026-08-20 13:33:06 [INFO] [BİLGİ] ARBUSDT.P SMA 50'ye (Yukarı) dokundu. Referans: 0.089074, Hedef: 0.093528
2026-08-20 13:33:07 [INFO] [İPTAL] COMPUSDT.P tekrar SMA altına indi. Takip sıfırlandı.
2026-08-20 13:33:07 [INFO] [WS-4] Toplam 40300 adet veri paketi başarıyla işlendi.
2026-08-20 13:33:07 [INFO] [WS-1] Toplam 71000 adet veri paketi başarıyla işlendi.
2026-08-20 13:33:07 [INFO] [İPTAL] ARBUSDT.P tekrar SMA altına indi. Takip sıfırlandı.
2026-08-20 13:33:08 [INFO] [WS-2] Toplam 65600 adet veri paketi başarıyla işlendi.
2026-08-20 13:33:08 [INFO] [BİLGİ] HYPEUSDT.P SMA 50'ye (Aşağı) dokundu. Referans: 72.5085, Hedef: 68.8831
2026-08-20 13:33:09 [INFO] [WS-3] Toplam 48900 adet veri paketi başarıyla işlendi.
2026-08-20 13:33:09 [INFO] [BİLGİ] ETHWUSDT.P SMA 50'ye (Aşağı) dokundu. Referans: 0.266674, Hedef: 0.253340
2026-08-20 13:33:09 [INFO] [WS-1] Toplam 71100 adet veri paketi başarıyla işlendi.
2026-08-20 13:33:10 [INFO] [WS-2] Toplam 65700 adet veri paketi başarıyla işlendi.
2026-08-20 13:33:11 [INFO] [WS-4] Toplam 40400 adet veri paketi başarıyla işlendi.
2026-08-20 13:33:11 [INFO] [WS-1] Toplam 71200 adet veri paketi başarıyla işlendi.
2026-08-20 13:33:11 [INFO] [WS-3] Toplam 49000 adet veri paketi başarıyla işlendi.
2026-08-20 13:33:12 [INFO] [BİLGİ] ARBUSDT.P SMA 50'ye (Yukarı) dokundu. Referans: 0.089075, Hedef: 0.093528
2026-08-20 13:33:12 [INFO] [WS-2] Toplam 65800 adet veri paketi başarıyla işlendi.
2026-08-20 13:33:13 [INFO] [WS-1] Toplam 71300 adet veri paketi başarıyla işlendi.
2026-08-20 13:33:14 [INFO] [WS-4] Toplam 40500 adet veri paketi başarıyla işlendi.
2026-08-20 13:33:14 [INFO] [WS-2] Toplam 65900 adet veri paketi başarıyla işlendi.
2026-08-20 13:33:14 [INFO] [WS-3] Toplam 49100 adet veri paketi başarıyla işlendi.
2026-08-20 13:33:15 [INFO] [WS-1] Toplam 71400 adet veri paketi başarıyla işlendi.
2026-08-20 13:33:15 [INFO] [WS-2] Toplam 66000 adet veri paketi başarıyla işlendi.
2026-08-20 13:33:16 [INFO] [WS-3] Toplam 49200 adet veri paketi başarıyla işlendi.
2026-08-20 13:33:16 [ERROR] Failed to fetch updates - TelegramConflictError: Telegram server says - Conflict: terminated by other getUpdates request; make sure that only one bot instance is running
2026-08-20 13:33:16 [WARNING] Sleep for 4.943280 seconds and try again... (tryings = 114, bot id = 8154127903)
2026-08-20 13:33:16 [INFO] [BİLGİ] LYNUSDT.P SMA 50'ye (Aşağı) dokundu. Referans: 0.034899, Hedef: 0.033154
2026-08-20 13:33:16 [INFO] [WS-1] Toplam 71500 adet veri paketi başarıyla işlendi.
2026-08-20 13:33:16 [INFO] [WS-4] Toplam 40600 adet veri paketi başarıyla işlendi.
2026-08-20 13:33:17 [INFO] [WS-2] Toplam 66100 adet veri paketi başarıyla işlendi.
2026-08-20 13:33:18 [INFO] [BİLGİ] COMPUSDT.P SMA 50'ye (Yukarı) dokundu. Referans: 18.7932, Hedef: 19.7329
2026-08-20 13:33:18 [INFO] [WS-1] Toplam 71600 adet veri paketi başarıyla işlendi.
2026-08-20 13:33:18 [INFO] [WS-3] Toplam 49300 adet veri paketi başarıyla işlendi.
2026-08-20 13:33:18 [INFO] [İPTAL] COAIUSDT.P tekrar SMA üstüne çıktı. Takip sıfırlandı.
2026-08-20 13:33:19 [INFO] [WS-4] Toplam 40700 adet veri paketi başarıyla işlendi.
2026-08-20 13:33:19 [INFO] [WS-2] Toplam 66200 adet veri paketi başarıyla işlendi.
2026-08-20 13:33:20 [INFO] [WS-1] Toplam 71700 adet veri paketi başarıyla işlendi.
2026-08-20 13:33:20 [INFO] [İPTAL] COMPUSDT.P tekrar SMA altına indi. Takip sıfırlandı.
2026-08-20 13:33:21 [INFO] [WS-3] Toplam 49400 adet veri paketi başarıyla işlendi.
2026-08-20 13:33:22 [INFO] [BİLGİ] COMPUSDT.P SMA 50'ye (Yukarı) dokundu. Referans: 18.7932, Hedef: 19.7329
2026-08-20 13:33:22 [INFO] [WS-2] Toplam 66300 adet veri paketi başarıyla işlendi.
2026-08-20 13:33:22 [INFO] [WS-1] Toplam 71800 adet veri paketi başarıyla işlendi.
2026-08-20 13:33:23 [INFO] [WS-4] Toplam 40800 adet veri paketi başarıyla işlendi.
2026-08-20 13:33:23 [INFO] [WS-3] Toplam 49500 adet veri paketi başarıyla işlendi.
2026-08-20 13:33:24 [INFO] [WS-2] Toplam 66400 adet veri paketi başarıyla işlendi.
2026-08-20 13:33:24 [INFO] [WS-1] Toplam 71900 adet veri paketi başarıyla işlendi.
2026-08-20 13:33:25 [INFO] [WS-2] Toplam 66500 adet veri paketi başarıyla işlendi.
2026-08-20 13:33:26 [INFO] [BİLGİ] TRUTHUSDT.P SMA 50'ye (Aşağı) dokundu. Referans: 0.012801, Hedef: 0.012161
2026-08-20 13:33:26 [INFO] [WS-3] Toplam 49600 adet veri paketi başarıyla işlendi.
2026-08-20 13:33:26 [INFO] [WS-4] Toplam 40900 adet veri paketi başarıyla işlendi.
2026-08-20 13:33:26 [INFO] [WS-1] Toplam 72000 adet veri paketi başarıyla işlendi.
2026-08-20 13:33:26 [ERROR] Failed to fetch updates - TelegramConflictError: Telegram server says - Conflict: terminated by other getUpdates request; make sure that only one bot instance is running
2026-08-20 13:33:26 [WARNING] Sleep for 5.084464 seconds and try again... (tryings = 115, bot id = 8154127903)
2026-08-20 13:33:28 [INFO] [WS-2] Toplam 66600 adet veri paketi başarıyla işlendi.
2026-08-20 13:33:28 [INFO] [WS-1] Toplam 72100 adet veri paketi başarıyla işlendi.
2026-08-20 13:33:28 [INFO] [WS-3] Toplam 49700 adet veri paketi başarıyla işlendi.
2026-08-20 13:33:29 [INFO] [WS-4] Toplam 41000 adet veri paketi başarıyla işlendi.
2026-08-20 13:33:29 [INFO] [WS-2] Toplam 66700 adet veri paketi başarıyla işlendi.
2026-08-20 13:33:30 [INFO] [WS-1] Toplam 72200 adet veri paketi başarıyla işlendi.
2026-08-20 13:33:30 [INFO] [BİLGİ] CYSUSDT.P SMA 50'ye (Aşağı) dokundu. Referans: 0.581270, Hedef: 0.552206
2026-08-20 13:33:31 [INFO] [İPTAL] DODOXUSDT.P tekrar SMA üstüne çıktı. Takip sıfırlandı.
2026-08-20 13:33:31 [INFO] [WS-3] Toplam 49800 adet veri paketi başarıyla işlendi.
2026-08-20 13:33:31 [INFO] [İPTAL] HOLOUSDT.P tekrar SMA altına indi. Takip sıfırlandı.
2026-08-20 13:33:32 [INFO] [WS-1] Toplam 72300 adet veri paketi başarıyla işlendi.
2026-08-20 13:33:32 [INFO] [WS-2] Toplam 66800 adet veri paketi başarıyla işlendi.
2026-08-20 13:33:32 [INFO] [WS-4] Toplam 41100 adet veri paketi başarıyla işlendi.
2026-08-20 13:33:33 [INFO] [WS-1] Toplam 72400 adet veri paketi başarıyla işlendi.
2026-08-20 13:33:33 [INFO] [BİLGİ] YFIUSDT.P SMA 50'ye (Aşağı) dokundu. Referans: 2122.50, Hedef: 2016.38
2026-08-20 13:33:33 [INFO] [WS-2] Toplam 66900 adet veri paketi başarıyla işlendi.
2026-08-20 13:33:33 [INFO] [WS-3] Toplam 49900 adet veri paketi başarıyla işlendi.
2026-08-20 13:33:34 [INFO] [İPTAL] INUSDT.P tekrar SMA altına indi. Takip sıfırlandı.
2026-08-20 13:33:34 [INFO] [BİLGİ] XNYUSDT.P SMA 50'ye (Aşağı) dokundu. Referans: 0.007264, Hedef: 0.006901
2026-08-20 13:33:34 [INFO] [WS-1] Toplam 72500 adet veri paketi başarıyla işlendi.
2026-08-20 13:33:34 [INFO] [WS-4] Toplam 41200 adet veri paketi başarıyla işlendi.
2026-08-20 13:33:35 [INFO] [WS-2] Toplam 67000 adet veri paketi başarıyla işlendi.
2026-08-20 13:33:35 [INFO] [İPTAL] ETHWUSDT.P tekrar SMA üstüne çıktı. Takip sıfırlandı.
2026-08-20 13:33:35 [INFO] [BİLGİ] ETHWUSDT.P SMA 50'ye (Aşağı) dokundu. Referans: 0.266676, Hedef: 0.253342
2026-08-20 13:33:35 [INFO] [WS-3] Toplam 50000 adet veri paketi başarıyla işlendi.
2026-08-20 13:33:35 [INFO] [WS-1] Toplam 72600 adet veri paketi başarıyla işlendi.
2026-08-20 13:33:36 [INFO] [WS-2] Toplam 67100 adet veri paketi başarıyla işlendi.
2026-08-20 13:33:37 [INFO] [İPTAL] TRUTHUSDT.P tekrar SMA üstüne çıktı. Takip sıfırlandı.
2026-08-20 13:33:37 [ERROR] Failed to fetch updates - TelegramConflictError: Telegram server says - Conflict: terminated by other getUpdates request; make sure that only one bot instance is running
2026-08-20 13:33:37 [WARNING] Sleep for 4.956960 seconds and try again... (tryings = 116, bot id = 8154127903)
2026-08-20 13:33:37 [INFO] [WS-1] Toplam 72700 adet veri paketi başarıyla işlendi.
2026-08-20 13:33:37 [INFO] [BİLGİ] ENSOUSDT.P SMA 50'ye (Yukarı) dokundu. Referans: 0.833270, Hedef: 0.874933
2026-08-20 13:33:37 [INFO] [WS-3] Toplam 50100 adet veri paketi başarıyla işlendi.
2026-08-20 13:33:37 [INFO] [WS-4] Toplam 41300 adet veri paketi başarıyla işlendi.
2026-08-20 13:33:38 [INFO] [İPTAL] ENSOUSDT.P tekrar SMA altına indi. Takip sıfırlandı.
2026-08-20 13:33:38 [INFO] [WS-2] Toplam 67200 adet veri paketi başarıyla işlendi.
2026-08-20 13:33:38 [INFO] [BİLGİ] ENSOUSDT.P SMA 50'ye (Yukarı) dokundu. Referans: 0.833272, Hedef: 0.874936
2026-08-20 13:33:39 [INFO] [WS-1] Toplam 72800 adet veri paketi başarıyla işlendi.
2026-08-20 13:33:39 [INFO] [BİLGİ] COAIUSDT.P SMA 50'ye (Aşağı) dokundu. Referans: 0.312668, Hedef: 0.297035
2026-08-20 13:33:39 [INFO] [WS-3] Toplam 50200 adet veri paketi başarıyla işlendi.
2026-08-20 13:33:40 [INFO] [WS-2] Toplam 67300 adet veri paketi başarıyla işlendi.
2026-08-20 13:33:40 [INFO] [BİLGİ] TRUTHUSDT.P SMA 50'ye (Aşağı) dokundu. Referans: 0.012801, Hedef: 0.012161
2026-08-20 13:33:40 [INFO] [WS-1] Toplam 72900 adet veri paketi başarıyla işlendi.
2026-08-20 13:33:40 [INFO] [İPTAL] TRUTHUSDT.P tekrar SMA üstüne çıktı. Takip sıfırlandı.
2026-08-20 13:33:40 [INFO] [WS-4] Toplam 41400 adet veri paketi başarıyla işlendi.
2026-08-20 13:33:41 [INFO] [WS-2] Toplam 67400 adet veri paketi başarıyla işlendi.
2026-08-20 13:33:42 [INFO] [BİLGİ] TRUTHUSDT.P SMA 50'ye (Aşağı) dokundu. Referans: 0.012801, Hedef: 0.012161
2026-08-20 13:33:42 [INFO] [WS-1] Toplam 73000 adet veri paketi başarıyla işlendi.
2026-08-20 13:33:42 [INFO] [WS-3] Toplam 50300 adet veri paketi başarıyla işlendi.
2026-08-20 13:33:43 [INFO] [WS-2] Toplam 67500 adet veri paketi başarıyla işlendi.
2026-08-20 13:33:43 [INFO] [WS-1] Toplam 73100 adet veri paketi başarıyla işlendi.
2026-08-20 13:33:43 [INFO] [İPTAL] ARBUSDT.P tekrar SMA altına indi. Takip sıfırlandı.
2026-08-20 13:33:43 [INFO] [WS-4] Toplam 41500 adet veri paketi başarıyla işlendi.
2026-08-20 13:33:45 [INFO] [WS-3] Toplam 50400 adet veri paketi başarıyla işlendi.
2026-08-20 13:33:45 [INFO] [WS-1] Toplam 73200 adet veri paketi başarıyla işlendi.
2026-08-20 13:33:45 [INFO] [WS-2] Toplam 67600 adet veri paketi başarıyla işlendi.
2026-08-20 13:33:45 [INFO] [WS-1] Toplam 73300 adet veri paketi başarıyla işlendi.
2026-08-20 13:33:46 [INFO] [WS-2] Toplam 67700 adet veri paketi başarıyla işlendi.
2026-08-20 13:33:46 [INFO] [WS-1] Toplam 73400 adet veri paketi başarıyla işlendi.
2026-08-20 13:33:46 [INFO] [WS-4] Toplam 41600 adet veri paketi başarıyla işlendi.
2026-08-20 13:33:47 [INFO] [WS-3] Toplam 50500 adet veri paketi başarıyla işlendi.
2026-08-20 13:33:47 [ERROR] Failed to fetch updates - TelegramConflictError: Telegram server says - Conflict: terminated by other getUpdates request; make sure that only one bot instance is running
2026-08-20 13:33:47 [WARNING] Sleep for 4.872935 seconds and try again... (tryings = 117, bot id = 8154127903)
2026-08-20 13:33:48 [INFO] [WS-2] Toplam 67800 adet veri paketi başarıyla işlendi.
2026-08-20 13:33:48 [INFO] [WS-1] Toplam 73500 adet veri paketi başarıyla işlendi.
2026-08-20 13:33:50 [INFO] [WS-2] Toplam 67900 adet veri paketi başarıyla işlendi.
2026-08-20 13:33:50 [INFO] [WS-1] Toplam 73600 adet veri paketi başarıyla işlendi.
2026-08-20 13:33:50 [INFO] [WS-3] Toplam 50600 adet veri paketi başarıyla işlendi.
2026-08-20 13:33:50 [INFO] [WS-4] Toplam 41700 adet veri paketi başarıyla işlendi.
2026-08-20 13:33:52 [INFO] [WS-2] Toplam 68000 adet veri paketi başarıyla işlendi.
2026-08-20 13:33:52 [INFO] [BİLGİ] INUSDT.P SMA 50'ye (Yukarı) dokundu. Referans: 0.032059, Hedef: 0.033662
2026-08-20 13:33:52 [INFO] [WS-1] Toplam 73700 adet veri paketi başarıyla işlendi.
2026-08-20 13:33:52 [INFO] [İPTAL] INUSDT.P tekrar SMA altına indi. Takip sıfırlandı.
2026-08-20 13:33:53 [INFO] [WS-3] Toplam 50700 adet veri paketi başarıyla işlendi.
2026-08-20 13:33:53 [INFO] [WS-4] Toplam 41800 adet veri paketi başarıyla işlendi.
2026-08-20 13:33:53 [INFO] [WS-1] Toplam 73800 adet veri paketi başarıyla işlendi.
2026-08-20 13:33:53 [INFO] [WS-2] Toplam 68100 adet veri paketi başarıyla işlendi.
2026-08-20 13:33:56 [INFO] [WS-1] Toplam 73900 adet veri paketi başarıyla işlendi.
2026-08-20 13:33:56 [INFO] [WS-3] Toplam 50800 adet veri paketi başarıyla işlendi.
2026-08-20 13:33:56 [INFO] [WS-2] Toplam 68200 adet veri paketi başarıyla işlendi.
2026-08-20 13:33:57 [INFO] [WS-4] Toplam 41900 adet veri paketi başarıyla işlendi.
2026-08-20 13:33:57 [ERROR] Failed to fetch updates - TelegramConflictError: Telegram server says - Conflict: terminated by other getUpdates request; make sure that only one bot instance is running
2026-08-20 13:33:57 [WARNING] Sleep for 5.008144 seconds and try again... (tryings = 118, bot id = 8154127903)
2026-08-20 13:33:58 [INFO] [WS-1] Toplam 74000 adet veri paketi başarıyla işlendi.
2026-08-20 13:33:58 [INFO] [WS-2] Toplam 68300 adet veri paketi başarıyla işlendi.
2026-08-20 13:33:59 [INFO] [WS-3] Toplam 50900 adet veri paketi başarıyla işlendi.
2026-08-20 13:34:00 [INFO] [WS-1] Toplam 74100 adet veri paketi başarıyla işlendi.
2026-08-20 13:34:00 [INFO] [WS-2] Toplam 68400 adet veri paketi başarıyla işlendi.
2026-08-20 13:34:00 [INFO] [WS-4] Toplam 42000 adet veri paketi başarıyla işlendi.
2026-08-20 13:34:00 [INFO] [WS-3] Toplam 51000 adet veri paketi başarıyla işlendi.
2026-08-20 13:34:01 [INFO] [BİLGİ] BSVUSDT.P SMA 50'ye (Aşağı) dokundu. Referans: 15.9414, Hedef: 15.1443
2026-08-20 13:34:01 [INFO] [BİLGİ] RAREUSDT.P SMA 50'ye (Aşağı) dokundu. Referans: 0.012266, Hedef: 0.011653
2026-08-20 13:34:01 [INFO] [WS-1] Toplam 74200 adet veri paketi başarıyla işlendi.
2026-08-20 13:34:01 [INFO] [BİLGİ] ARBUSDT.P SMA 50'ye (Yukarı) dokundu. Referans: 0.089074, Hedef: 0.093528
2026-08-20 13:34:01 [INFO] [WS-2] Toplam 68500 adet veri paketi başarıyla işlendi.
2026-08-20 13:34:03 [INFO] [WS-2] Toplam 68600 adet veri paketi başarıyla işlendi.
2026-08-20 13:34:03 [INFO] [WS-3] Toplam 51100 adet veri paketi başarıyla işlendi.
2026-08-20 13:34:03 [INFO] [BİLGİ] DOSUSDT.P SMA 50'ye (Aşağı) dokundu. Referans: 0.237424, Hedef: 0.225553
2026-08-20 13:34:03 [INFO] [WS-4] Toplam 42100 adet veri paketi başarıyla işlendi.
2026-08-20 13:34:03 [INFO] [WS-1] Toplam 74300 adet veri paketi başarıyla işlendi.
2026-08-20 13:34:04 [INFO] [İPTAL] DOSUSDT.P tekrar SMA üstüne çıktı. Takip sıfırlandı.
2026-08-20 13:34:04 [INFO] [WS-2] Toplam 68700 adet veri paketi başarıyla işlendi.
2026-08-20 13:34:05 [INFO] [WS-3] Toplam 51200 adet veri paketi başarıyla işlendi.
2026-08-20 13:34:05 [INFO] [İPTAL] ARBUSDT.P tekrar SMA altına indi. Takip sıfırlandı.
2026-08-20 13:34:05 [INFO] [İPTAL] AUCTIONUSDT.P tekrar SMA altına indi. Takip sıfırlandı.
2026-08-20 13:34:05 [INFO] [WS-1] Toplam 74400 adet veri paketi başarıyla işlendi.
2026-08-20 13:34:06 [INFO] [WS-2] Toplam 68800 adet veri paketi başarıyla işlendi.
2026-08-20 13:34:06 [INFO] [WS-4] Toplam 42200 adet veri paketi başarıyla işlendi.
2026-08-20 13:34:07 [INFO] [WS-1] Toplam 74500 adet veri paketi başarıyla işlendi.
2026-08-20 13:34:07 [INFO] [WS-3] Toplam 51300 adet veri paketi başarıyla işlendi.
2026-08-20 13:34:08 [ERROR] Failed to fetch updates - TelegramConflictError: Telegram server says - Conflict: terminated by other getUpdates request; make sure that only one bot instance is running
2026-08-20 13:34:08 [WARNING] Sleep for 4.924875 seconds and try again... (tryings = 119, bot id = 8154127903)
2026-08-20 13:34:08 [INFO] [WS-2] Toplam 68900 adet veri paketi başarıyla işlendi.
2026-08-20 13:34:08 [INFO] [BİLGİ] 1000000BOBUSDT.P SMA 50'ye (Aşağı) dokundu. Referans: 0.018019, Hedef: 0.017118
2026-08-20 13:34:09 [INFO] [WS-1] Toplam 74600 adet veri paketi başarıyla işlendi.
2026-08-20 13:34:09 [INFO] [İPTAL] ETHWUSDT.P tekrar SMA üstüne çıktı. Takip sıfırlandı.
2026-08-20 13:34:09 [INFO] [WS-2] Toplam 69000 adet veri paketi başarıyla işlendi.
2026-08-20 13:34:09 [INFO] [WS-4] Toplam 42300 adet veri paketi başarıyla işlendi.
2026-08-20 13:34:09 [INFO] [WS-3] Toplam 51400 adet veri paketi başarıyla işlendi.
2026-08-20 13:34:10 [INFO] [BİLGİ] ETHWUSDT.P SMA 50'ye (Aşağı) dokundu. Referans: 0.266676, Hedef: 0.253342
2026-08-20 13:34:11 [INFO] [WS-1] Toplam 74700 adet veri paketi başarıyla işlendi.
2026-08-20 13:34:11 [INFO] [WS-2] Toplam 69100 adet veri paketi başarıyla işlendi.
2026-08-20 13:34:12 [INFO] [İPTAL] CYSUSDT.P tekrar SMA üstüne çıktı. Takip sıfırlandı.
2026-08-20 13:34:12 [INFO] [İPTAL] ETHWUSDT.P tekrar SMA üstüne çıktı. Takip sıfırlandı.
2026-08-20 13:34:12 [INFO] [WS-3] Toplam 51500 adet veri paketi başarıyla işlendi.
2026-08-20 13:34:12 [INFO] [BİLGİ] CYSUSDT.P SMA 50'ye (Aşağı) dokundu. Referans: 0.581272, Hedef: 0.552208
2026-08-20 13:34:12 [INFO] [WS-1] Toplam 74800 adet veri paketi başarıyla işlendi.
2026-08-20 13:34:12 [INFO] [WS-4] Toplam 42400 adet veri paketi başarıyla işlendi.
2026-08-20 13:34:13 [INFO] [WS-2] Toplam 69200 adet veri paketi başarıyla işlendi.
2026-08-20 13:34:13 [INFO] [BİLGİ] ETHWUSDT.P SMA 50'ye (Aşağı) dokundu. Referans: 0.266676, Hedef: 0.253342
2026-08-20 13:34:13 [INFO] [WS-1] Toplam 74900 adet veri paketi başarıyla işlendi.
2026-08-20 13:34:13 [INFO] [İPTAL] 1000000BOBUSDT.P tekrar SMA üstüne çıktı. Takip sıfırlandı.
2026-08-20 13:34:14 [INFO] [WS-2] Toplam 69300 adet veri paketi başarıyla işlendi.
2026-08-20 13:34:14 [INFO] [WS-3] Toplam 51600 adet veri paketi başarıyla işlendi.
2026-08-20 13:34:14 [INFO] [WS-1] Toplam 75000 adet veri paketi başarıyla işlendi.
2026-08-20 13:34:15 [INFO] [İPTAL] ETHWUSDT.P tekrar SMA üstüne çıktı. Takip sıfırlandı.
2026-08-20 13:34:15 [INFO] [BİLGİ] ARBUSDT.P SMA 50'ye (Yukarı) dokundu. Referans: 0.089074, Hedef: 0.093528
2026-08-20 13:34:15 [INFO] [WS-2] Toplam 69400 adet veri paketi başarıyla işlendi.
2026-08-20 13:34:15 [INFO] [İPTAL] YFIUSDT.P tekrar SMA üstüne çıktı. Takip sıfırlandı.
2026-08-20 13:34:15 [INFO] [BİLGİ] AUCTIONUSDT.P SMA 50'ye (Yukarı) dokundu. Referans: 2.8677, Hedef: 3.0111
2026-08-20 13:34:15 [INFO] [WS-4] Toplam 42500 adet veri paketi başarıyla işlendi.
2026-08-20 13:34:15 [INFO] [WS-1] Toplam 75100 adet veri paketi başarıyla işlendi.
2026-08-20 13:34:16 [INFO] [WS-3] Toplam 51700 adet veri paketi başarıyla işlendi.
2026-08-20 13:34:16 [INFO] [İPTAL] ENSOUSDT.P tekrar SMA altına indi. Takip sıfırlandı.
2026-08-20 13:34:16 [INFO] [WS-2] Toplam 69500 adet veri paketi başarıyla işlendi.
2026-08-20 13:34:17 [INFO] [BİLGİ] INUSDT.P SMA 50'ye (Yukarı) dokundu. Referans: 0.032059, Hedef: 0.033662
2026-08-20 13:34:17 [INFO] [WS-1] Toplam 75200 adet veri paketi başarıyla işlendi.
2026-08-20 13:34:17 [INFO] [İPTAL] HYPEUSDT.P tekrar SMA üstüne çıktı. Takip sıfırlandı.
2026-08-20 13:34:18 [INFO] [WS-3] Toplam 51800 adet veri paketi başarıyla işlendi.
2026-08-20 13:34:18 [ERROR] Failed to fetch updates - TelegramConflictError: Telegram server says - Conflict: terminated by other getUpdates request; make sure that only one bot instance is running
2026-08-20 13:34:18 [WARNING] Sleep for 4.871028 seconds and try again... (tryings = 120, bot id = 8154127903)
2026-08-20 13:34:18 [INFO] [WS-2] Toplam 69600 adet veri paketi başarıyla işlendi.
2026-08-20 13:34:18 [INFO] [WS-1] Toplam 75300 adet veri paketi başarıyla işlendi.
2026-08-20 13:34:18 [INFO] [WS-4] Toplam 42600 adet veri paketi başarıyla işlendi.
2026-08-20 13:34:18 [INFO] [İPTAL] CYSUSDT.P tekrar SMA üstüne çıktı. Takip sıfırlandı.
2026-08-20 13:34:19 [INFO] [BİLGİ] CYSUSDT.P SMA 50'ye (Aşağı) dokundu. Referans: 0.581270, Hedef: 0.552206
2026-08-20 13:34:19 [INFO] [WS-3] Toplam 51900 adet veri paketi başarıyla işlendi.
2026-08-20 13:34:19 [INFO] [WS-2] Toplam 69700 adet veri paketi başarıyla işlendi.
2026-08-20 13:34:19 [INFO] [İPTAL] XNYUSDT.P tekrar SMA üstüne çıktı. Takip sıfırlandı.
2026-08-20 13:34:19 [INFO] [WS-1] Toplam 75400 adet veri paketi başarıyla işlendi.
2026-08-20 13:34:20 [INFO] [BİLGİ] ETHWUSDT.P SMA 50'ye (Aşağı) dokundu. Referans: 0.266674, Hedef: 0.253340
2026-08-20 13:34:21 [INFO] [WS-4] Toplam 42700 adet veri paketi başarıyla işlendi.
2026-08-20 13:34:21 [INFO] [İPTAL] COAIUSDT.P tekrar SMA üstüne çıktı. Takip sıfırlandı.
2026-08-20 13:34:21 [INFO] [WS-2] Toplam 69800 adet veri paketi başarıyla işlendi.
2026-08-20 13:34:21 [INFO] [WS-1] Toplam 75500 adet veri paketi başarıyla işlendi.
2026-08-20 13:34:21 [INFO] [WS-3] Toplam 52000 adet veri paketi başarıyla işlendi.
2026-08-20 13:34:23 [INFO] [İPTAL] BIOUSDT.P tekrar SMA üstüne çıktı. Takip sıfırlandı.
2026-08-20 13:34:23 [INFO] [WS-2] Toplam 69900 adet veri paketi başarıyla işlendi.
2026-08-20 13:34:23 [INFO] [WS-1] Toplam 75600 adet veri paketi başarıyla işlendi.
2026-08-20 13:34:23 [INFO] [İPTAL] ARBUSDT.P tekrar SMA altına indi. Takip sıfırlandı.
2026-08-20 13:34:24 [INFO] [WS-3] Toplam 52100 adet veri paketi başarıyla işlendi.
2026-08-20 13:34:24 [INFO] [BİLGİ] HYPEUSDT.P SMA 50'ye (Aşağı) dokundu. Referans: 72.5084, Hedef: 68.8830
2026-08-20 13:34:24 [INFO] [WS-4] Toplam 42800 adet veri paketi başarıyla işlendi.
2026-08-20 13:34:25 [INFO] [WS-2] Toplam 70000 adet veri paketi başarıyla işlendi.
2026-08-20 13:34:25 [INFO] [WS-1] Toplam 75700 adet veri paketi başarıyla işlendi.
2026-08-20 13:34:26 [INFO] [İPTAL] INUSDT.P tekrar SMA altına indi. Takip sıfırlandı.
2026-08-20 13:34:27 [INFO] [WS-3] Toplam 52200 adet veri paketi başarıyla işlendi.
2026-08-20 13:34:27 [INFO] [WS-2] Toplam 70100 adet veri paketi başarıyla işlendi.
2026-08-20 13:34:27 [INFO] [İPTAL] HYPEUSDT.P tekrar SMA üstüne çıktı. Takip sıfırlandı.
2026-08-20 13:34:27 [INFO] [WS-1] Toplam 75800 adet veri paketi başarıyla işlendi.
2026-08-20 13:34:28 [INFO] [BİLGİ] HYPEUSDT.P SMA 50'ye (Aşağı) dokundu. Referans: 72.5085, Hedef: 68.8831
2026-08-20 13:34:28 [INFO] [WS-4] Toplam 42900 adet veri paketi başarıyla işlendi.
2026-08-20 13:34:28 [INFO] [BİLGİ] BIOUSDT.P SMA 50'ye (Aşağı) dokundu. Referans: 0.031566, Hedef: 0.029988
2026-08-20 13:34:28 [INFO] [İPTAL] KOMAUSDT.P tekrar SMA üstüne çıktı. Takip sıfırlandı.
2026-08-20 13:34:28 [ERROR] Failed to fetch updates - TelegramConflictError: Telegram server says - Conflict: terminated by other getUpdates request; make sure that only one bot instance is running
2026-08-20 13:34:28 [WARNING] Sleep for 5.061976 seconds and try again... (tryings = 121, bot id = 8154127903)
2026-08-20 13:34:28 [INFO] [İPTAL] HYPEUSDT.P tekrar SMA üstüne çıktı. Takip sıfırlandı.
2026-08-20 13:34:28 [INFO] [İPTAL] BIOUSDT.P tekrar SMA üstüne çıktı. Takip sıfırlandı.
2026-08-20 13:34:29 [INFO] [BİLGİ] DOSUSDT.P SMA 50'ye (Aşağı) dokundu. Referans: 0.237424, Hedef: 0.225553
2026-08-20 13:34:29 [INFO] [WS-2] Toplam 70200 adet veri paketi başarıyla işlendi.
2026-08-20 13:34:29 [INFO] [WS-1] Toplam 75900 adet veri paketi başarıyla işlendi.
2026-08-20 13:34:30 [INFO] [WS-3] Toplam 52300 adet veri paketi başarıyla işlendi.
2026-08-20 13:34:30 [INFO] [BİLGİ] HYPEUSDT.P SMA 50'ye (Aşağı) dokundu. Referans: 72.5085, Hedef: 68.8831
2026-08-20 13:34:30 [INFO] [WS-2] Toplam 70300 adet veri paketi başarıyla işlendi.
2026-08-20 13:34:30 [INFO] [WS-1] Toplam 76000 adet veri paketi başarıyla işlendi.
2026-08-20 13:34:30 [INFO] [İPTAL] HYPEUSDT.P tekrar SMA üstüne çıktı. Takip sıfırlandı.
2026-08-20 13:34:31 [INFO] [WS-4] Toplam 43000 adet veri paketi başarıyla işlendi.
2026-08-20 13:34:31 [INFO] [İPTAL] DOSUSDT.P tekrar SMA üstüne çıktı. Takip sıfırlandı.
2026-08-20 13:34:32 [INFO] [WS-3] Toplam 52400 adet veri paketi başarıyla işlendi.
2026-08-20 13:34:32 [INFO] [WS-2] Toplam 70400 adet veri paketi başarıyla işlendi.
2026-08-20 13:34:32 [INFO] [BİLGİ] HYPEUSDT.P SMA 50'ye (Aşağı) dokundu. Referans: 72.5084, Hedef: 68.8830
2026-08-20 13:34:33 [INFO] [WS-1] Toplam 76100 adet veri paketi başarıyla işlendi.
2026-08-20 13:34:34 [INFO] [WS-2] Toplam 70500 adet veri paketi başarıyla işlendi.
2026-08-20 13:34:34 [INFO] [İPTAL] HYPEUSDT.P tekrar SMA üstüne çıktı. Takip sıfırlandı.
2026-08-20 13:34:34 [INFO] [WS-4] Toplam 43100 adet veri paketi başarıyla işlendi.
2026-08-20 13:34:34 [INFO] [BİLGİ] DOSUSDT.P SMA 50'ye (Aşağı) dokundu. Referans: 0.237424, Hedef: 0.225553
2026-08-20 13:34:35 [INFO] [WS-1] Toplam 76200 adet veri paketi başarıyla işlendi.
2026-08-20 13:34:35 [INFO] [BİLGİ] HYPEUSDT.P SMA 50'ye (Aşağı) dokundu. Referans: 72.5082, Hedef: 68.8828
2026-08-20 13:34:35 [INFO] [WS-3] Toplam 52500 adet veri paketi başarıyla işlendi.
2026-08-20 13:34:36 [INFO] [İPTAL] RAREUSDT.P tekrar SMA üstüne çıktı. Takip sıfırlandı.
2026-08-20 13:34:36 [INFO] [WS-2] Toplam 70600 adet veri paketi başarıyla işlendi.
2026-08-20 13:34:36 [INFO] [WS-1] Toplam 76300 adet veri paketi başarıyla işlendi.
2026-08-20 13:34:37 [INFO] [İPTAL] DOSUSDT.P tekrar SMA üstüne çıktı. Takip sıfırlandı.
2026-08-20 13:34:38 [INFO] [WS-3] Toplam 52600 adet veri paketi başarıyla işlendi.
2026-08-20 13:34:38 [INFO] [WS-4] Toplam 43200 adet veri paketi başarıyla işlendi.
2026-08-20 13:34:38 [INFO] [WS-2] Toplam 70700 adet veri paketi başarıyla işlendi.
2026-08-20 13:34:38 [INFO] [WS-1] Toplam 76400 adet veri paketi başarıyla işlendi.
2026-08-20 13:34:38 [ERROR] Failed to fetch updates - TelegramConflictError: Telegram server says - Conflict: terminated by other getUpdates request; make sure that only one bot instance is running
2026-08-20 13:34:38 [WARNING] Sleep for 5.004933 seconds and try again... (tryings = 122, bot id = 8154127903)
2026-08-20 13:34:40 [INFO] [WS-2] Toplam 70800 adet veri paketi başarıyla işlendi.
2026-08-20 13:34:40 [INFO] [WS-1] Toplam 76500 adet veri paketi başarıyla işlendi.
2026-08-20 13:34:40 [INFO] [İPTAL] EDENUSDT.P tekrar SMA altına indi. Takip sıfırlandı.
2026-08-20 13:34:40 [INFO] [BİLGİ] DOSUSDT.P SMA 50'ye (Aşağı) dokundu. Referans: 0.237424, Hedef: 0.225553
2026-08-20 13:34:40 [INFO] [WS-3] Toplam 52700 adet veri paketi başarıyla işlendi.
2026-08-20 13:34:40 [INFO] [İPTAL] DOSUSDT.P tekrar SMA üstüne çıktı. Takip sıfırlandı.
2026-08-20 13:34:41 [INFO] [WS-2] Toplam 70900 adet veri paketi başarıyla işlendi.
2026-08-20 13:34:41 [INFO] [BİLGİ] BIOUSDT.P SMA 50'ye (Aşağı) dokundu. Referans: 0.031566, Hedef: 0.029988
2026-08-20 13:34:41 [INFO] [WS-4] Toplam 43300 adet veri paketi başarıyla işlendi.
2026-08-20 13:34:41 [INFO] [İPTAL] HYPEUSDT.P tekrar SMA üstüne çıktı. Takip sıfırlandı.
2026-08-20 13:34:41 [INFO] [WS-1] Toplam 76600 adet veri paketi başarıyla işlendi.
2026-08-20 13:34:42 [INFO] [BİLGİ] XNYUSDT.P SMA 50'ye (Aşağı) dokundu. Referans: 0.007264, Hedef: 0.006901
2026-08-20 13:34:43 [INFO] [BİLGİ] HYPEUSDT.P SMA 50'ye (Aşağı) dokundu. Referans: 72.5085, Hedef: 68.8831
2026-08-20 13:34:43 [INFO] [WS-3] Toplam 52800 adet veri paketi başarıyla işlendi.
2026-08-20 13:34:43 [INFO] [WS-2] Toplam 71000 adet veri paketi başarıyla işlendi.
2026-08-20 13:34:43 [INFO] [BİLGİ] KOMAUSDT.P SMA 50'ye (Aşağı) dokundu. Referans: 0.012840, Hedef: 0.012198
2026-08-20 13:34:43 [INFO] [İPTAL] HYPEUSDT.P tekrar SMA üstüne çıktı. Takip sıfırlandı.
2026-08-20 13:34:43 [INFO] [İPTAL] BIOUSDT.P tekrar SMA üstüne çıktı. Takip sıfırlandı.
2026-08-20 13:34:44 [INFO] [WS-1] Toplam 76700 adet veri paketi başarıyla işlendi.
2026-08-20 13:34:44 [INFO] [BİLGİ] HYPEUSDT.P SMA 50'ye (Aşağı) dokundu. Referans: 72.5081, Hedef: 68.8827
2026-08-20 13:34:45 [INFO] [WS-2] Toplam 71100 adet veri paketi başarıyla işlendi.
2026-08-20 13:34:45 [INFO] [WS-4] Toplam 43400 adet veri paketi başarıyla işlendi.
2026-08-20 13:34:46 [INFO] [WS-1] Toplam 76800 adet veri paketi başarıyla işlendi.
2026-08-20 13:34:46 [INFO] [WS-3] Toplam 52900 adet veri paketi başarıyla işlendi.
2026-08-20 13:34:46 [INFO] [BİLGİ] BIOUSDT.P SMA 50'ye (Aşağı) dokundu. Referans: 0.031566, Hedef: 0.029988
2026-08-20 13:34:47 [INFO] [İPTAL] BSVUSDT.P tekrar SMA üstüne çıktı. Takip sıfırlandı.
2026-08-20 13:34:47 [INFO] [WS-2] Toplam 71200 adet veri paketi başarıyla işlendi.
2026-08-20 13:34:48 [INFO] [WS-1] Toplam 76900 adet veri paketi başarıyla işlendi.
2026-08-20 13:34:48 [INFO] [İPTAL] BIOUSDT.P tekrar SMA üstüne çıktı. Takip sıfırlandı.
2026-08-20 13:34:48 [INFO] [WS-3] Toplam 53000 adet veri paketi başarıyla işlendi.
2026-08-20 13:34:48 [INFO] [WS-2] Toplam 71300 adet veri paketi başarıyla işlendi.
2026-08-20 13:34:49 [INFO] [WS-4] Toplam 43500 adet veri paketi başarıyla işlendi.
2026-08-20 13:34:49 [ERROR] Failed to fetch updates - TelegramConflictError: Telegram server says - Conflict: terminated by other getUpdates request; make sure that only one bot instance is running
2026-08-20 13:34:49 [WARNING] Sleep for 4.943279 seconds and try again... (tryings = 123, bot id = 8154127903)
2026-08-20 13:34:49 [INFO] [WS-1] Toplam 77000 adet veri paketi başarıyla işlendi.
2026-08-20 13:34:50 [INFO] [WS-2] Toplam 71400 adet veri paketi başarıyla işlendi.
2026-08-20 13:34:51 [INFO] [İPTAL] HYPEUSDT.P tekrar SMA üstüne çıktı. Takip sıfırlandı.
2026-08-20 13:34:51 [INFO] [WS-1] Toplam 77100 adet veri paketi başarıyla işlendi.
2026-08-20 13:34:52 [INFO] [WS-3] Toplam 53100 adet veri paketi başarıyla işlendi.
2026-08-20 13:34:52 [INFO] [WS-2] Toplam 71500 adet veri paketi başarıyla işlendi.
2026-08-20 13:34:52 [INFO] [WS-4] Toplam 43600 adet veri paketi başarıyla işlendi.
2026-08-20 13:34:53 [INFO] [BİLGİ] BIOUSDT.P SMA 50'ye (Aşağı) dokundu. Referans: 0.031566, Hedef: 0.029988
2026-08-20 13:34:54 [INFO] [WS-2] Toplam 71600 adet veri paketi başarıyla işlendi.
2026-08-20 13:34:54 [INFO] [WS-1] Toplam 77200 adet veri paketi başarıyla işlendi.
2026-08-20 13:34:54 [INFO] [İPTAL] BIOUSDT.P tekrar SMA üstüne çıktı. Takip sıfırlandı.
2026-08-20 13:34:55 [INFO] [WS-3] Toplam 53200 adet veri paketi başarıyla işlendi.
2026-08-20 13:34:55 [INFO] [BİLGİ] BIOUSDT.P SMA 50'ye (Aşağı) dokundu. Referans: 0.031566, Hedef: 0.029988
2026-08-20 13:34:56 [INFO] [WS-4] Toplam 43700 adet veri paketi başarıyla işlendi.
2026-08-20 13:34:56 [INFO] [WS-2] Toplam 71700 adet veri paketi başarıyla işlendi.
2026-08-20 13:34:56 [INFO] [WS-1] Toplam 77300 adet veri paketi başarıyla işlendi.
2026-08-20 13:34:57 [INFO] [WS-3] Toplam 53300 adet veri paketi başarıyla işlendi.
2026-08-20 13:34:58 [INFO] [İPTAL] BIOUSDT.P tekrar SMA üstüne çıktı. Takip sıfırlandı.
2026-08-20 13:34:58 [INFO] [WS-2] Toplam 71800 adet veri paketi başarıyla işlendi.
2026-08-20 13:34:58 [INFO] [WS-1] Toplam 77400 adet veri paketi başarıyla işlendi.
2026-08-20 13:34:59 [INFO] [WS-4] Toplam 43800 adet veri paketi başarıyla işlendi.
2026-08-20 13:34:59 [ERROR] Failed to fetch updates - TelegramConflictError: Telegram server says - Conflict: terminated by other getUpdates request; make sure that only one bot instance is running
2026-08-20 13:34:59 [WARNING] Sleep for 4.953863 seconds and try again... (tryings = 124, bot id = 8154127903)
2026-08-20 13:35:00 [INFO] [WS-2] Toplam 71900 adet veri paketi başarıyla işlendi.
2026-08-20 13:35:00 [INFO] [WS-3] Toplam 53400 adet veri paketi başarıyla işlendi.
2026-08-20 13:35:00 [INFO] [WS-1] Toplam 77500 adet veri paketi başarıyla işlendi.
2026-08-20 13:35:01 [INFO] [WS-2] Toplam 72000 adet veri paketi başarıyla işlendi.
2026-08-20 13:35:01 [INFO] [BİLGİ] BIOUSDT.P SMA 50'ye (Aşağı) dokundu. Referans: 0.031597, Hedef: 0.030017
2026-08-20 13:35:01 [INFO] [WS-4] Toplam 43900 adet veri paketi başarıyla işlendi.
2026-08-20 13:35:01 [INFO] [İPTAL] XNYUSDT.P tekrar SMA üstüne çıktı. Takip sıfırlandı.
2026-08-20 13:35:01 [INFO] [WS-3] Toplam 53500 adet veri paketi başarıyla işlendi.
2026-08-20 13:35:02 [INFO] [WS-1] Toplam 77600 adet veri paketi başarıyla işlendi.
2026-08-20 13:35:02 [INFO] [BİLGİ] HYPEUSDT.P SMA 50'ye (Aşağı) dokundu. Referans: 72.5176, Hedef: 68.8917
2026-08-20 13:35:02 [INFO] [İPTAL] HYPEUSDT.P tekrar SMA üstüne çıktı. Takip sıfırlandı.
2026-08-20 13:35:03 [INFO] [BİLGİ] COAIUSDT.P SMA 50'ye (Aşağı) dokundu. Referans: 0.312666, Hedef: 0.297033
2026-08-20 13:35:03 [INFO] [WS-2] Toplam 72100 adet veri paketi başarıyla işlendi.
2026-08-20 13:35:03 [INFO] [WS-3] Toplam 53600 adet veri paketi başarıyla işlendi.
2026-08-20 13:35:03 [INFO] [WS-1] Toplam 77700 adet veri paketi başarıyla işlendi.
2026-08-20 13:35:03 [INFO] [WS-4] Toplam 44000 adet veri paketi başarıyla işlendi.
2026-08-20 13:35:03 [INFO] [BİLGİ] ALCHUSDT.P SMA 50'ye (Aşağı) dokundu. Referans: 0.027056, Hedef: 0.025704
2026-08-20 13:35:04 [INFO] [WS-2] Toplam 72200 adet veri paketi başarıyla işlendi.
2026-08-20 13:35:04 [INFO] [WS-1] Toplam 77800 adet veri paketi başarıyla işlendi.
2026-08-20 13:35:04 [INFO] [WS-3] Toplam 53700 adet veri paketi başarıyla işlendi.
2026-08-20 13:35:05 [INFO] [İPTAL] ALCHUSDT.P tekrar SMA üstüne çıktı. Takip sıfırlandı.
2026-08-20 13:35:05 [INFO] [WS-2] Toplam 72300 adet veri paketi başarıyla işlendi.
2026-08-20 13:35:05 [INFO] [BİLGİ] XNYUSDT.P SMA 50'ye (Aşağı) dokundu. Referans: 0.007266, Hedef: 0.006903
2026-08-20 13:35:05 [INFO] [BİLGİ] BSVUSDT.P SMA 50'ye (Aşağı) dokundu. Referans: 15.9430, Hedef: 15.1459
2026-08-20 13:35:05 [INFO] [WS-1] Toplam 77900 adet veri paketi başarıyla işlendi.
2026-08-20 13:35:06 [INFO] [WS-3] Toplam 53800 adet veri paketi başarıyla işlendi.
2026-08-20 13:35:06 [INFO] [WS-4] Toplam 44100 adet veri paketi başarıyla işlendi.
2026-08-20 13:35:06 [INFO] [WS-2] Toplam 72400 adet veri paketi başarıyla işlendi.
2026-08-20 13:35:07 [INFO] [BİLGİ] 1000000BOBUSDT.P SMA 50'ye (Aşağı) dokundu. Referans: 0.018022, Hedef: 0.017121
2026-08-20 13:35:07 [INFO] [BİLGİ] EDENUSDT.P SMA 50'ye (Yukarı) dokundu. Referans: 0.054418, Hedef: 0.057139
2026-08-20 13:35:08 [INFO] [WS-1] Toplam 78000 adet veri paketi başarıyla işlendi.
2026-08-20 13:35:08 [INFO] [WS-2] Toplam 72500 adet veri paketi başarıyla işlendi.
2026-08-20 13:35:08 [INFO] [WS-3] Toplam 53900 adet veri paketi başarıyla işlendi.
2026-08-20 13:35:09 [INFO] [WS-4] Toplam 44200 adet veri paketi başarıyla işlendi.
2026-08-20 13:35:09 [INFO] [WS-1] Toplam 78100 adet veri paketi başarıyla işlendi.
2026-08-20 13:35:10 [ERROR] Failed to fetch updates - TelegramConflictError: Telegram server says - Conflict: terminated by other getUpdates request; make sure that only one bot instance is running
2026-08-20 13:35:10 [WARNING] Sleep for 5.057783 seconds and try again... (tryings = 125, bot id = 8154127903)
2026-08-20 13:35:10 [INFO] [BİLGİ] HYPEUSDT.P SMA 50'ye (Aşağı) dokundu. Referans: 72.5175, Hedef: 68.8916
2026-08-20 13:35:10 [INFO] [WS-2] Toplam 72600 adet veri paketi başarıyla işlendi.
2026-08-20 13:35:11 [INFO] [WS-3] Toplam 54000 adet veri paketi başarıyla işlendi.
2026-08-20 13:35:11 [INFO] [BİLGİ] ALCHUSDT.P SMA 50'ye (Aşağı) dokundu. Referans: 0.027056, Hedef: 0.025704
2026-08-20 13:35:12 [INFO] [WS-1] Toplam 78200 adet veri paketi başarıyla işlendi.
2026-08-20 13:35:12 [INFO] [İPTAL] 1000000BOBUSDT.P tekrar SMA üstüne çıktı. Takip sıfırlandı.
2026-08-20 13:35:12 [INFO] [WS-2] Toplam 72700 adet veri paketi başarıyla işlendi.
2026-08-20 13:35:13 [INFO] [WS-4] Toplam 44300 adet veri paketi başarıyla işlendi.
2026-08-20 13:35:13 [INFO] [İPTAL] ALCHUSDT.P tekrar SMA üstüne çıktı. Takip sıfırlandı.
2026-08-20 13:35:14 [INFO] [WS-1] Toplam 78300 adet veri paketi başarıyla işlendi.
2026-08-20 13:35:14 [INFO] [WS-3] Toplam 54100 adet veri paketi başarıyla işlendi.
2026-08-20 13:35:14 [INFO] [WS-2] Toplam 72800 adet veri paketi başarıyla işlendi.
2026-08-20 13:35:15 [INFO] [WS-1] Toplam 78400 adet veri paketi başarıyla işlendi.
2026-08-20 13:35:16 [INFO] [WS-2] Toplam 72900 adet veri paketi başarıyla işlendi.
2026-08-20 13:35:16 [INFO] [WS-4] Toplam 44400 adet veri paketi başarıyla işlendi.
2026-08-20 13:35:17 [INFO] [WS-3] Toplam 54200 adet veri paketi başarıyla işlendi.
2026-08-20 13:35:17 [INFO] [İPTAL] HYPEUSDT.P tekrar SMA üstüne çıktı. Takip sıfırlandı.
2026-08-20 13:35:18 [INFO] [WS-1] Toplam 78500 adet veri paketi başarıyla işlendi.
2026-08-20 13:35:18 [INFO] [BİLGİ] HYPEUSDT.P SMA 50'ye (Aşağı) dokundu. Referans: 72.5175, Hedef: 68.8917
2026-08-20 13:35:18 [INFO] [WS-2] Toplam 73000 adet veri paketi başarıyla işlendi.
2026-08-20 13:35:20 [INFO] [WS-1] Toplam 78600 adet veri paketi başarıyla işlendi.
2026-08-20 13:35:20 [INFO] [WS-3] Toplam 54300 adet veri paketi başarıyla işlendi.
2026-08-20 13:35:20 [INFO] [WS-2] Toplam 73100 adet veri paketi başarıyla işlendi.
2026-08-20 13:35:20 [INFO] [WS-4] Toplam 44500 adet veri paketi başarıyla işlendi.
2026-08-20 13:35:20 [ERROR] Failed to fetch updates - TelegramConflictError: Telegram server says - Conflict: terminated by other getUpdates request; make sure that only one bot instance is running
2026-08-20 13:35:20 [WARNING] Sleep for 5.300370 seconds and try again... (tryings = 126, bot id = 8154127903)
2026-08-20 13:35:21 [INFO] [İPTAL] XNYUSDT.P tekrar SMA üstüne çıktı. Takip sıfırlandı.
2026-08-20 13:35:22 [INFO] [BİLGİ] ZROUSDT.P SMA 50'ye (Aşağı) dokundu. Referans: 0.897832, Hedef: 0.852940
2026-08-20 13:35:22 [INFO] [WS-2] Toplam 73200 adet veri paketi başarıyla işlendi.
2026-08-20 13:35:22 [INFO] [WS-1] Toplam 78700 adet veri paketi başarıyla işlendi.
2026-08-20 13:35:23 [INFO] [WS-3] Toplam 54400 adet veri paketi başarıyla işlendi.
2026-08-20 13:35:24 [INFO] [BİLGİ] ALCHUSDT.P SMA 50'ye (Aşağı) dokundu. Referans: 0.027056, Hedef: 0.025704
2026-08-20 13:35:24 [INFO] [WS-4] Toplam 44600 adet veri paketi başarıyla işlendi.
2026-08-20 13:35:24 [INFO] [WS-1] Toplam 78800 adet veri paketi başarıyla işlendi.
2026-08-20 13:35:24 [INFO] [ZAMAN AŞIMI] ZORAUSDT.P 15 dk içinde hedefe ulaşamadı. İptal edildi.
2026-08-20 13:35:24 [INFO] [WS-2] Toplam 73300 adet veri paketi başarıyla işlendi.
2026-08-20 13:35:25 [INFO] [İPTAL] ALCHUSDT.P tekrar SMA üstüne çıktı. Takip sıfırlandı.
2026-08-20 13:35:26 [INFO] [WS-3] Toplam 54500 adet veri paketi başarıyla işlendi.
2026-08-20 13:35:26 [INFO] [WS-1] Toplam 78900 adet veri paketi başarıyla işlendi.
2026-08-20 13:35:26 [INFO] [WS-2] Toplam 73400 adet veri paketi başarıyla işlendi.
2026-08-20 13:35:27 [INFO] [WS-4] Toplam 44700 adet veri paketi başarıyla işlendi.
2026-08-20 13:35:27 [INFO] [BİLGİ] ALCHUSDT.P SMA 50'ye (Aşağı) dokundu. Referans: 0.027056, Hedef: 0.025704
2026-08-20 13:35:28 [INFO] [WS-1] Toplam 79000 adet veri paketi başarıyla işlendi.
2026-08-20 13:35:29 [INFO] [WS-2] Toplam 73500 adet veri paketi başarıyla işlendi.
2026-08-20 13:35:29 [INFO] [İPTAL] ALCHUSDT.P tekrar SMA üstüne çıktı. Takip sıfırlandı.
2026-08-20 13:35:30 [INFO] [WS-3] Toplam 54600 adet veri paketi başarıyla işlendi.
2026-08-20 13:35:30 [INFO] [WS-2] Toplam 73600 adet veri paketi başarıyla işlendi.
2026-08-20 13:35:30 [INFO] [WS-1] Toplam 79100 adet veri paketi başarıyla işlendi.
2026-08-20 13:35:30 [ERROR] Failed to fetch updates - TelegramConflictError: Telegram server says - Conflict: terminated by other getUpdates request; make sure that only one bot instance is running
2026-08-20 13:35:30 [WARNING] Sleep for 5.025726 seconds and try again... (tryings = 127, bot id = 8154127903)
2026-08-20 13:35:31 [INFO] [WS-4] Toplam 44800 adet veri paketi başarıyla işlendi.
2026-08-20 13:35:31 [INFO] [BİLGİ] ALCHUSDT.P SMA 50'ye (Aşağı) dokundu. Referans: 0.027056, Hedef: 0.025704
2026-08-20 13:35:31 [INFO] [BİLGİ] USUSDT.P SMA 50'ye (Aşağı) dokundu. Referans: 0.016922, Hedef: 0.016076
2026-08-20 13:35:32 [INFO] [WS-1] Toplam 79200 adet veri paketi başarıyla işlendi.
2026-08-20 13:35:32 [INFO] [WS-2] Toplam 73700 adet veri paketi başarıyla işlendi.
2026-08-20 13:35:32 [INFO] [WS-3] Toplam 54700 adet veri paketi başarıyla işlendi.
2026-08-20 13:35:33 [INFO] [İPTAL] ALCHUSDT.P tekrar SMA üstüne çıktı. Takip sıfırlandı.
2026-08-20 13:35:34 [INFO] [WS-4] Toplam 44900 adet veri paketi başarıyla işlendi.
2026-08-20 13:35:34 [INFO] [WS-1] Toplam 79300 adet veri paketi başarıyla işlendi.
2026-08-20 13:35:34 [INFO] [BİLGİ] XNYUSDT.P SMA 50'ye (Aşağı) dokundu. Referans: 0.007266, Hedef: 0.006903
2026-08-20 13:35:34 [INFO] [WS-2] Toplam 73800 adet veri paketi başarıyla işlendi.
2026-08-20 13:35:35 [INFO] [BİLGİ] ALCHUSDT.P SMA 50'ye (Aşağı) dokundu. Referans: 0.027056, Hedef: 0.025704
2026-08-20 13:35:35 [INFO] [WS-3] Toplam 54800 adet veri paketi başarıyla işlendi.
2026-08-20 13:35:36 [INFO] [WS-2] Toplam 73900 adet veri paketi başarıyla işlendi.
2026-08-20 13:35:36 [INFO] [WS-1] Toplam 79400 adet veri paketi başarıyla işlendi.
2026-08-20 13:35:37 [INFO] [WS-4] Toplam 45000 adet veri paketi başarıyla işlendi.
2026-08-20 13:35:38 [INFO] [WS-2] Toplam 74000 adet veri paketi başarıyla işlendi.
2026-08-20 13:35:38 [INFO] [WS-1] Toplam 79500 adet veri paketi başarıyla işlendi.
2026-08-20 13:35:39 [INFO] [WS-3] Toplam 54900 adet veri paketi başarıyla işlendi.
2026-08-20 13:35:40 [INFO] [WS-2] Toplam 74100 adet veri paketi başarıyla işlendi.
2026-08-20 13:35:41 [INFO] [WS-1] Toplam 79600 adet veri paketi başarıyla işlendi.
2026-08-20 13:35:41 [ERROR] Failed to fetch updates - TelegramConflictError: Telegram server says - Conflict: terminated by other getUpdates request; make sure that only one bot instance is running
2026-08-20 13:35:41 [WARNING] Sleep for 4.864702 seconds and try again... (tryings = 128, bot id = 8154127903)
2026-08-20 13:35:41 [INFO] [WS-4] Toplam 45100 adet veri paketi başarıyla işlendi.
2026-08-20 13:35:41 [INFO] [BİLGİ] TRUMPUSDT.P SMA 50'ye (Aşağı) dokundu. Referans: 1.6705, Hedef: 1.5869
2026-08-20 13:35:42 [INFO] [WS-3] Toplam 55000 adet veri paketi başarıyla işlendi.
2026-08-20 13:35:42 [INFO] [WS-2] Toplam 74200 adet veri paketi başarıyla işlendi.
2026-08-20 13:35:43 [INFO] [WS-1] Toplam 79700 adet veri paketi başarıyla işlendi.
2026-08-20 13:35:43 [INFO] [ZAMAN AŞIMI] EVAAUSDT.P 15 dk içinde hedefe ulaşamadı. İptal edildi.
2026-08-20 13:35:44 [INFO] [BİLGİ] ZILUSDT.P SMA 50'ye (Aşağı) dokundu. Referans: 0.002437, Hedef: 0.002315
2026-08-20 13:35:44 [INFO] [WS-2] Toplam 74300 adet veri paketi başarıyla işlendi.
2026-08-20 13:35:44 [INFO] [WS-1] Toplam 79800 adet veri paketi başarıyla işlendi.
2026-08-20 13:35:44 [INFO] [WS-3] Toplam 55100 adet veri paketi başarıyla işlendi.
2026-08-20 13:35:45 [INFO] [WS-4] Toplam 45200 adet veri paketi başarıyla işlendi.
2026-08-20 13:35:45 [INFO] [BİLGİ] TRIAUSDT.P SMA 50'ye (Aşağı) dokundu. Referans: 0.007632, Hedef: 0.007250
2026-08-20 13:35:45 [INFO] [İPTAL] TRUMPUSDT.P tekrar SMA üstüne çıktı. Takip sıfırlandı.
2026-08-20 13:35:46 [INFO] [WS-2] Toplam 74400 adet veri paketi başarıyla işlendi.
2026-08-20 13:35:46 [INFO] [WS-1] Toplam 79900 adet veri paketi başarıyla işlendi.
2026-08-20 13:35:48 [INFO] [WS-3] Toplam 55200 adet veri paketi başarıyla işlendi.
2026-08-20 13:35:48 [INFO] [BİLGİ] HANAUSDT.P SMA 50'ye (Yukarı) dokundu. Referans: 0.019336, Hedef: 0.020303
2026-08-20 13:35:48 [INFO] [İPTAL] ZILUSDT.P tekrar SMA üstüne çıktı. Takip sıfırlandı.
2026-08-20 13:35:48 [INFO] [WS-1] Toplam 80000 adet veri paketi başarıyla işlendi.
2026-08-20 13:35:48 [INFO] [WS-2] Toplam 74500 adet veri paketi başarıyla işlendi.
2026-08-20 13:35:49 [INFO] [WS-4] Toplam 45300 adet veri paketi başarıyla işlendi.
2026-08-20 13:35:50 [INFO] [WS-1] Toplam 80100 adet veri paketi başarıyla işlendi.
2026-08-20 13:35:50 [INFO] [WS-2] Toplam 74600 adet veri paketi başarıyla işlendi.
2026-08-20 13:35:50 [INFO] [BİLGİ] TRUMPUSDT.P SMA 50'ye (Aşağı) dokundu. Referans: 1.6705, Hedef: 1.5869
2026-08-20 13:35:50 [INFO] [İPTAL] ALCHUSDT.P tekrar SMA üstüne çıktı. Takip sıfırlandı.
2026-08-20 13:35:51 [INFO] [İPTAL] HANAUSDT.P tekrar SMA altına indi. Takip sıfırlandı.
2026-08-20 13:35:51 [INFO] [WS-3] Toplam 55300 adet veri paketi başarıyla işlendi.
2026-08-20 13:35:51 [ERROR] Failed to fetch updates - TelegramConflictError: Telegram server says - Conflict: terminated by other getUpdates request; make sure that only one bot instance is running
2026-08-20 13:35:51 [WARNING] Sleep for 5.082018 seconds and try again... (tryings = 129, bot id = 8154127903)
2026-08-20 13:35:52 [INFO] [WS-2] Toplam 74700 adet veri paketi başarıyla işlendi.
2026-08-20 13:35:52 [INFO] [WS-4] Toplam 45400 adet veri paketi başarıyla işlendi.
2026-08-20 13:35:52 [INFO] [WS-1] Toplam 80200 adet veri paketi başarıyla işlendi.
2026-08-20 13:35:54 [INFO] [WS-3] Toplam 55400 adet veri paketi başarıyla işlendi.
2026-08-20 13:35:54 [INFO] [WS-1] Toplam 80300 adet veri paketi başarıyla işlendi.
2026-08-20 13:35:54 [INFO] [WS-2] Toplam 74800 adet veri paketi başarıyla işlendi.
2026-08-20 13:35:55 [INFO] [WS-4] Toplam 45500 adet veri paketi başarıyla işlendi.
2026-08-20 13:35:56 [INFO] [WS-1] Toplam 80400 adet veri paketi başarıyla işlendi.
2026-08-20 13:35:56 [INFO] [WS-2] Toplam 74900 adet veri paketi başarıyla işlendi.
2026-08-20 13:35:56 [INFO] [WS-3] Toplam 55500 adet veri paketi başarıyla işlendi.
2026-08-20 13:35:56 [INFO] [WS-1] Toplam 80500 adet veri paketi başarıyla işlendi.
2026-08-20 13:35:56 [INFO] [BİLGİ] JASMYUSDT.P SMA 50'ye (Aşağı) dokundu. Referans: 0.003716, Hedef: 0.003530
2026-08-20 13:35:56 [INFO] [WS-2] Toplam 75000 adet veri paketi başarıyla işlendi.
2026-08-20 13:35:56 [INFO] [BİLGİ] ZILUSDT.P SMA 50'ye (Aşağı) dokundu. Referans: 0.002437, Hedef: 0.002315
2026-08-20 13:35:57 [INFO] [BİLGİ] 1INCHUSDT.P SMA 50'ye (Aşağı) dokundu. Referans: 0.086964, Hedef: 0.082616
2026-08-20 13:35:57 [INFO] [İPTAL] COMPUSDT.P tekrar SMA altına indi. Takip sıfırlandı.
2026-08-20 13:35:57 [INFO] [WS-1] Toplam 80600 adet veri paketi başarıyla işlendi.
2026-08-20 13:35:57 [INFO] [WS-3] Toplam 55600 adet veri paketi başarıyla işlendi.
2026-08-20 13:35:57 [INFO] [BİLGİ] ALCHUSDT.P SMA 50'ye (Aşağı) dokundu. Referans: 0.027056, Hedef: 0.025704
2026-08-20 13:35:57 [INFO] [WS-2] Toplam 75100 adet veri paketi başarıyla işlendi.
2026-08-20 13:35:58 [INFO] [WS-4] Toplam 45600 adet veri paketi başarıyla işlendi.
2026-08-20 13:35:58 [INFO] [BİLGİ] AEVOUSDT.P SMA 50'ye (Aşağı) dokundu. Referans: 0.022029, Hedef: 0.020928
2026-08-20 13:35:58 [INFO] [BİLGİ] RAREUSDT.P SMA 50'ye (Aşağı) dokundu. Referans: 0.012266, Hedef: 0.011652
2026-08-20 13:35:58 [INFO] [WS-1] Toplam 80700 adet veri paketi başarıyla işlendi.
2026-08-20 13:35:59 [INFO] [WS-2] Toplam 75200 adet veri paketi başarıyla işlendi.
2026-08-20 13:36:00 [INFO] [İPTAL] KOMAUSDT.P tekrar SMA üstüne çıktı. Takip sıfırlandı.
2026-08-20 13:36:00 [INFO] [WS-3] Toplam 55700 adet veri paketi başarıyla işlendi.
2026-08-20 13:36:00 [INFO] [İPTAL] ALCHUSDT.P tekrar SMA üstüne çıktı. Takip sıfırlandı.
2026-08-20 13:36:01 [INFO] [WS-1] Toplam 80800 adet veri paketi başarıyla işlendi.
2026-08-20 13:36:01 [INFO] [WS-2] Toplam 75300 adet veri paketi başarıyla işlendi.
2026-08-20 13:36:01 [INFO] [BİLGİ] ALCHUSDT.P SMA 50'ye (Aşağı) dokundu. Referans: 0.027056, Hedef: 0.025704
2026-08-20 13:36:01 [INFO] [İPTAL] AUCTIONUSDT.P tekrar SMA altına indi. Takip sıfırlandı.
2026-08-20 13:36:01 [INFO] [İPTAL] ALCHUSDT.P tekrar SMA üstüne çıktı. Takip sıfırlandı.
2026-08-20 13:36:01 [INFO] [WS-4] Toplam 45700 adet veri paketi başarıyla işlendi.
2026-08-20 13:36:01 [INFO] [WS-3] Toplam 55800 adet veri paketi başarıyla işlendi.
2026-08-20 13:36:01 [INFO] [WS-2] Toplam 75400 adet veri paketi başarıyla işlendi.
2026-08-20 13:36:01 [INFO] [İPTAL] AEVOUSDT.P tekrar SMA üstüne çıktı. Takip sıfırlandı.
2026-08-20 13:36:02 [INFO] [WS-1] Toplam 80900 adet veri paketi başarıyla işlendi.
2026-08-20 13:36:02 [ERROR] Failed to fetch updates - TelegramConflictError: Telegram server says - Conflict: terminated by other getUpdates request; make sure that only one bot instance is running
2026-08-20 13:36:02 [WARNING] Sleep for 4.896317 seconds and try again... (tryings = 130, bot id = 8154127903)
2026-08-20 13:36:02 [INFO] [WS-4] Toplam 45800 adet veri paketi başarıyla işlendi.
2026-08-20 13:36:02 [INFO] [WS-1] Toplam 81000 adet veri paketi başarıyla işlendi.
2026-08-20 13:36:03 [INFO] [WS-3] Toplam 55900 adet veri paketi başarıyla işlendi.
2026-08-20 13:36:03 [INFO] [BİLGİ] KOMAUSDT.P SMA 50'ye (Aşağı) dokundu. Referans: 0.012840, Hedef: 0.012198
2026-08-20 13:36:03 [INFO] [BİLGİ] AUCTIONUSDT.P SMA 50'ye (Yukarı) dokundu. Referans: 2.8678, Hedef: 3.0112
2026-08-20 13:36:03 [INFO] [WS-2] Toplam 75500 adet veri paketi başarıyla işlendi.
2026-08-20 13:36:03 [INFO] [İPTAL] TRUMPUSDT.P tekrar SMA üstüne çıktı. Takip sıfırlandı.
2026-08-20 13:36:04 [INFO] [WS-1] Toplam 81100 adet veri paketi başarıyla işlendi.
2026-08-20 13:36:05 [INFO] [WS-2] Toplam 75600 adet veri paketi başarıyla işlendi.
2026-08-20 13:36:05 [INFO] [WS-3] Toplam 56000 adet veri paketi başarıyla işlendi.
2026-08-20 13:36:05 [INFO] [WS-4] Toplam 45900 adet veri paketi başarıyla işlendi.
2026-08-20 13:36:06 [INFO] [WS-1] Toplam 81200 adet veri paketi başarıyla işlendi.
2026-08-20 13:36:07 [INFO] [WS-2] Toplam 75700 adet veri paketi başarıyla işlendi.
2026-08-20 13:36:07 [INFO] [İPTAL] 1INCHUSDT.P tekrar SMA üstüne çıktı. Takip sıfırlandı.
2026-08-20 13:36:07 [INFO] [WS-1] Toplam 81300 adet veri paketi başarıyla işlendi.
2026-08-20 13:36:08 [INFO] [WS-3] Toplam 56100 adet veri paketi başarıyla işlendi.
2026-08-20 13:36:08 [INFO] [BİLGİ] CAPUSDT.P SMA 50'ye (Aşağı) dokundu. Referans: 0.070161, Hedef: 0.066653
2026-08-20 13:36:09 [INFO] [WS-2] Toplam 75800 adet veri paketi başarıyla işlendi.
2026-08-20 13:36:09 [INFO] [İPTAL] CAPUSDT.P tekrar SMA üstüne çıktı. Takip sıfırlandı.
2026-08-20 13:36:09 [INFO] [WS-4] Toplam 46000 adet veri paketi başarıyla işlendi.
2026-08-20 13:36:09 [INFO] [WS-1] Toplam 81400 adet veri paketi başarıyla işlendi.
2026-08-20 13:36:10 [INFO] [WS-2] Toplam 75900 adet veri paketi başarıyla işlendi.
2026-08-20 13:36:10 [INFO] [WS-3] Toplam 56200 adet veri paketi başarıyla işlendi.
2026-08-20 13:36:11 [INFO] [WS-1] Toplam 81500 adet veri paketi başarıyla işlendi.
2026-08-20 13:36:12 [INFO] [WS-4] Toplam 46100 adet veri paketi başarıyla işlendi.
2026-08-20 13:36:12 [INFO] [WS-2] Toplam 76000 adet veri paketi başarıyla işlendi.
2026-08-20 13:36:12 [ERROR] Failed to fetch updates - TelegramConflictError: Telegram server says - Conflict: terminated by other getUpdates request; make sure that only one bot instance is running
2026-08-20 13:36:12 [WARNING] Sleep for 4.879011 seconds and try again... (tryings = 131, bot id = 8154127903)
2026-08-20 13:36:12 [INFO] [WS-1] Toplam 81600 adet veri paketi başarıyla işlendi.
2026-08-20 13:36:12 [INFO] [WS-3] Toplam 56300 adet veri paketi başarıyla işlendi.
2026-08-20 13:36:13 [INFO] [WS-2] Toplam 76100 adet veri paketi başarıyla işlendi.
2026-08-20 13:36:14 [INFO] [WS-1] Toplam 81700 adet veri paketi başarıyla işlendi.
2026-08-20 13:36:14 [INFO] [WS-4] Toplam 46200 adet veri paketi başarıyla işlendi.
2026-08-20 13:36:14 [INFO] [WS-3] Toplam 56400 adet veri paketi başarıyla işlendi.
2026-08-20 13:36:14 [INFO] [BİLGİ] TRUMPUSDT.P SMA 50'ye (Aşağı) dokundu. Referans: 1.6705, Hedef: 1.5869
2026-08-20 13:36:15 [INFO] [WS-2] Toplam 76200 adet veri paketi başarıyla işlendi.
2026-08-20 13:36:15 [INFO] [WS-1] Toplam 81800 adet veri paketi başarıyla işlendi.
2026-08-20 13:36:16 [INFO] [İPTAL] JASMYUSDT.P tekrar SMA üstüne çıktı. Takip sıfırlandı.
2026-08-20 13:36:16 [INFO] [WS-3] Toplam 56500 adet veri paketi başarıyla işlendi.
2026-08-20 13:36:16 [INFO] [WS-4] Toplam 46300 adet veri paketi başarıyla işlendi.
2026-08-20 13:36:17 [INFO] [WS-2] Toplam 76300 adet veri paketi başarıyla işlendi.
2026-08-20 13:36:17 [INFO] [WS-1] Toplam 81900 adet veri paketi başarıyla işlendi.
2026-08-20 13:36:19 [INFO] [WS-2] Toplam 76400 adet veri paketi başarıyla işlendi.
2026-08-20 13:36:19 [INFO] [WS-3] Toplam 56600 adet veri paketi başarıyla işlendi.
2026-08-20 13:36:19 [INFO] [WS-1] Toplam 82000 adet veri paketi başarıyla işlendi.
2026-08-20 13:36:20 [INFO] [WS-4] Toplam 46400 adet veri paketi başarıyla işlendi.
2026-08-20 13:36:21 [INFO] [İPTAL] BSVUSDT.P tekrar SMA üstüne çıktı. Takip sıfırlandı.
2026-08-20 13:36:21 [INFO] [WS-2] Toplam 76500 adet veri paketi başarıyla işlendi.
2026-08-20 13:36:21 [INFO] [İPTAL] TRUMPUSDT.P tekrar SMA üstüne çıktı. Takip sıfırlandı.
2026-08-20 13:36:21 [INFO] [WS-1] Toplam 82100 adet veri paketi başarıyla işlendi.
2026-08-20 13:36:22 [INFO] [WS-3] Toplam 56700 adet veri paketi başarıyla işlendi.
2026-08-20 13:36:22 [INFO] [İPTAL] KOMAUSDT.P tekrar SMA üstüne çıktı. Takip sıfırlandı.
2026-08-20 13:36:22 [ERROR] Failed to fetch updates - TelegramConflictError: Telegram server says - Conflict: terminated by other getUpdates request; make sure that only one bot instance is running
2026-08-20 13:36:22 [WARNING] Sleep for 4.912297 seconds and try again... (tryings = 132, bot id = 8154127903)
2026-08-20 13:36:23 [INFO] [WS-2] Toplam 76600 adet veri paketi başarıyla işlendi.
2026-08-20 13:36:23 [INFO] [WS-4] Toplam 46500 adet veri paketi başarıyla işlendi.
2026-08-20 13:36:24 [INFO] [WS-1] Toplam 82200 adet veri paketi başarıyla işlendi.
2026-08-20 13:36:24 [INFO] [BİLGİ] TRUMPUSDT.P SMA 50'ye (Aşağı) dokundu. Referans: 1.6705, Hedef: 1.5869
2026-08-20 13:36:24 [INFO] [WS-3] Toplam 56800 adet veri paketi başarıyla işlendi.
2026-08-20 13:36:24 [INFO] [WS-2] Toplam 76700 adet veri paketi başarıyla işlendi.
2026-08-20 13:36:24 [INFO] [İPTAL] TRUMPUSDT.P tekrar SMA üstüne çıktı. Takip sıfırlandı.
2026-08-20 13:36:24 [INFO] [WS-1] Toplam 82300 adet veri paketi başarıyla işlendi.
2026-08-20 13:36:24 [INFO] [İPTAL] ZILUSDT.P tekrar SMA üstüne çıktı. Takip sıfırlandı.
2026-08-20 13:36:25 [INFO] [WS-1] Toplam 82400 adet veri paketi başarıyla işlendi.
2026-08-20 13:36:25 [INFO] [WS-2] Toplam 76800 adet veri paketi başarıyla işlendi.
2026-08-20 13:36:25 [INFO] [WS-3] Toplam 56900 adet veri paketi başarıyla işlendi.
2026-08-20 13:36:25 [INFO] [WS-4] Toplam 46600 adet veri paketi başarıyla işlendi.
2026-08-20 13:36:25 [INFO] [WS-1] Toplam 82500 adet veri paketi başarıyla işlendi.
2026-08-20 13:36:25 [INFO] [BİLGİ] KOMAUSDT.P SMA 50'ye (Aşağı) dokundu. Referans: 0.012840, Hedef: 0.012198
2026-08-20 13:36:25 [INFO] [WS-2] Toplam 76900 adet veri paketi başarıyla işlendi.
2026-08-20 13:36:26 [INFO] [BİLGİ] AEVOUSDT.P SMA 50'ye (Aşağı) dokundu. Referans: 0.022029, Hedef: 0.020928
2026-08-20 13:36:26 [INFO] [WS-3] Toplam 57000 adet veri paketi başarıyla işlendi.
2026-08-20 13:36:26 [INFO] [WS-1] Toplam 82600 adet veri paketi başarıyla işlendi.
2026-08-20 13:36:27 [INFO] [WS-2] Toplam 77000 adet veri paketi başarıyla işlendi.
2026-08-20 13:36:27 [INFO] [WS-4] Toplam 46700 adet veri paketi başarıyla işlendi.
2026-08-20 13:36:28 [INFO] [İPTAL] KOMAUSDT.P tekrar SMA üstüne çıktı. Takip sıfırlandı.
2026-08-20 13:36:28 [INFO] [WS-1] Toplam 82700 adet veri paketi başarıyla işlendi.
2026-08-20 13:36:30 [INFO] [WS-2] Toplam 77100 adet veri paketi başarıyla işlendi.
2026-08-20 13:36:30 [INFO] [WS-3] Toplam 57100 adet veri paketi başarıyla işlendi.
2026-08-20 13:36:31 [INFO] [WS-1] Toplam 82800 adet veri paketi başarıyla işlendi.
2026-08-20 13:36:31 [INFO] [WS-4] Toplam 46800 adet veri paketi başarıyla işlendi.
2026-08-20 13:36:32 [INFO] [WS-2] Toplam 77200 adet veri paketi başarıyla işlendi.
2026-08-20 13:36:32 [ERROR] Failed to fetch updates - TelegramConflictError: Telegram server says - Conflict: terminated by other getUpdates request; make sure that only one bot instance is running
2026-08-20 13:36:32 [WARNING] Sleep for 4.948539 seconds and try again... (tryings = 133, bot id = 8154127903)
2026-08-20 13:36:32 [INFO] [WS-1] Toplam 82900 adet veri paketi başarıyla işlendi.
2026-08-20 13:36:33 [INFO] [WS-3] Toplam 57200 adet veri paketi başarıyla işlendi.
2026-08-20 13:36:34 [INFO] [BİLGİ] TRUMPUSDT.P SMA 50'ye (Aşağı) dokundu. Referans: 1.6705, Hedef: 1.5869
2026-08-20 13:36:34 [INFO] [WS-2] Toplam 77300 adet veri paketi başarıyla işlendi.
2026-08-20 13:36:35 [INFO] [WS-1] Toplam 83000 adet veri paketi başarıyla işlendi.
2026-08-20 13:36:35 [INFO] [WS-4] Toplam 46900 adet veri paketi başarıyla işlendi.
2026-08-20 13:36:35 [INFO] [WS-3] Toplam 57300 adet veri paketi başarıyla işlendi.
2026-08-20 13:36:36 [INFO] [WS-2] Toplam 77400 adet veri paketi başarıyla işlendi.
2026-08-20 13:36:36 [INFO] [İPTAL] TRUMPUSDT.P tekrar SMA üstüne çıktı. Takip sıfırlandı.
2026-08-20 13:36:36 [INFO] [WS-1] Toplam 83100 adet veri paketi başarıyla işlendi.
2026-08-20 13:36:37 [INFO] [BİLGİ] TRUMPUSDT.P SMA 50'ye (Aşağı) dokundu. Referans: 1.6705, Hedef: 1.5869
2026-08-20 13:36:37 [INFO] [WS-3] Toplam 57400 adet veri paketi başarıyla işlendi.
2026-08-20 13:36:37 [INFO] [İPTAL] TRUMPUSDT.P tekrar SMA üstüne çıktı. Takip sıfırlandı.
2026-08-20 13:36:38 [INFO] [BİLGİ] KOMAUSDT.P SMA 50'ye (Aşağı) dokundu. Referans: 0.012840, Hedef: 0.012198
2026-08-20 13:36:38 [INFO] [BİLGİ] TRUMPUSDT.P SMA 50'ye (Aşağı) dokundu. Referans: 1.6705, Hedef: 1.5869
2026-08-20 13:36:38 [INFO] [WS-2] Toplam 77500 adet veri paketi başarıyla işlendi.
2026-08-20 13:36:38 [INFO] [WS-1] Toplam 83200 adet veri paketi başarıyla işlendi.
2026-08-20 13:36:39 [INFO] [WS-4] Toplam 47000 adet veri paketi başarıyla işlendi.
2026-08-20 13:36:40 [INFO] [WS-2] Toplam 77600 adet veri paketi başarıyla işlendi.
2026-08-20 13:36:40 [INFO] [WS-3] Toplam 57500 adet veri paketi başarıyla işlendi.
2026-08-20 13:36:41 [INFO] [WS-1] Toplam 83300 adet veri paketi başarıyla işlendi.
2026-08-20 13:36:42 [INFO] [WS-2] Toplam 77700 adet veri paketi başarıyla işlendi.
2026-08-20 13:36:42 [INFO] [İPTAL] KOMAUSDT.P tekrar SMA üstüne çıktı. Takip sıfırlandı.
2026-08-20 13:36:43 [ERROR] Failed to fetch updates - TelegramConflictError: Telegram server says - Conflict: terminated by other getUpdates request; make sure that only one bot instance is running
2026-08-20 13:36:43 [WARNING] Sleep for 5.130515 seconds and try again... (tryings = 134, bot id = 8154127903)
2026-08-20 13:36:43 [INFO] [WS-4] Toplam 47100 adet veri paketi başarıyla işlendi.
2026-08-20 13:36:43 [INFO] [WS-1] Toplam 83400 adet veri paketi başarıyla işlendi.
2026-08-20 13:36:43 [INFO] [BİLGİ] 1000000BOBUSDT.P SMA 50'ye (Aşağı) dokundu. Referans: 0.018022, Hedef: 0.017121
2026-08-20 13:36:43 [INFO] [WS-3] Toplam 57600 adet veri paketi başarıyla işlendi.
2026-08-20 13:36:44 [INFO] [İPTAL] TRUMPUSDT.P tekrar SMA üstüne çıktı. Takip sıfırlandı.
2026-08-20 13:36:45 [INFO] [BİLGİ] TRUMPUSDT.P SMA 50'ye (Aşağı) dokundu. Referans: 1.6705, Hedef: 1.5869
2026-08-20 13:36:45 [INFO] [WS-1] Toplam 83500 adet veri paketi başarıyla işlendi.
2026-08-20 13:36:45 [INFO] [WS-2] Toplam 77800 adet veri paketi başarıyla işlendi.
2026-08-20 13:36:45 [INFO] [BİLGİ] JASMYUSDT.P SMA 50'ye (Aşağı) dokundu. Referans: 0.003716, Hedef: 0.003530
2026-08-20 13:36:46 [INFO] [WS-3] Toplam 57700 adet veri paketi başarıyla işlendi.
2026-08-20 13:36:46 [INFO] [WS-4] Toplam 47200 adet veri paketi başarıyla işlendi.
2026-08-20 13:36:47 [INFO] [WS-1] Toplam 83600 adet veri paketi başarıyla işlendi.
2026-08-20 13:36:47 [INFO] [İPTAL] JASMYUSDT.P tekrar SMA üstüne çıktı. Takip sıfırlandı.
2026-08-20 13:36:47 [INFO] [WS-2] Toplam 77900 adet veri paketi başarıyla işlendi.
2026-08-20 13:36:47 [INFO] [İPTAL] TRUMPUSDT.P tekrar SMA üstüne çıktı. Takip sıfırlandı.
2026-08-20 13:36:48 [INFO] [WS-1] Toplam 83700 adet veri paketi başarıyla işlendi.
2026-08-20 13:36:48 [INFO] [WS-3] Toplam 57800 adet veri paketi başarıyla işlendi.
2026-08-20 13:36:48 [INFO] [WS-2] Toplam 78000 adet veri paketi başarıyla işlendi.
2026-08-20 13:36:49 [INFO] [WS-4] Toplam 47300 adet veri paketi başarıyla işlendi.
2026-08-20 13:36:49 [INFO] [WS-1] Toplam 83800 adet veri paketi başarıyla işlendi.
2026-08-20 13:36:50 [INFO] [WS-2] Toplam 78100 adet veri paketi başarıyla işlendi.
2026-08-20 13:36:51 [INFO] [BİLGİ] KOMAUSDT.P SMA 50'ye (Aşağı) dokundu. Referans: 0.012840, Hedef: 0.012198
2026-08-20 13:36:51 [INFO] [WS-1] Toplam 83900 adet veri paketi başarıyla işlendi.
2026-08-20 13:36:51 [INFO] [WS-3] Toplam 57900 adet veri paketi başarıyla işlendi.
2026-08-20 13:36:52 [INFO] [WS-2] Toplam 78200 adet veri paketi başarıyla işlendi.
2026-08-20 13:36:53 [INFO] [WS-4] Toplam 47400 adet veri paketi başarıyla işlendi.
2026-08-20 13:36:53 [ERROR] Failed to fetch updates - TelegramConflictError: Telegram server says - Conflict: terminated by other getUpdates request; make sure that only one bot instance is running
2026-08-20 13:36:53 [WARNING] Sleep for 4.817743 seconds and try again... (tryings = 135, bot id = 8154127903)
2026-08-20 13:36:53 [INFO] [WS-1] Toplam 84000 adet veri paketi başarıyla işlendi.
2026-08-20 13:36:53 [INFO] [İPTAL] KOMAUSDT.P tekrar SMA üstüne çıktı. Takip sıfırlandı.
2026-08-20 13:36:54 [INFO] [WS-2] Toplam 78300 adet veri paketi başarıyla işlendi.
2026-08-20 13:36:54 [INFO] [WS-3] Toplam 58000 adet veri paketi başarıyla işlendi.
2026-08-20 13:36:55 [INFO] [WS-1] Toplam 84100 adet veri paketi başarıyla işlendi.
2026-08-20 13:36:55 [INFO] [İPTAL] AEVOUSDT.P tekrar SMA üstüne çıktı. Takip sıfırlandı.
2026-08-20 13:36:55 [INFO] [İPTAL] 1000000BOBUSDT.P tekrar SMA üstüne çıktı. Takip sıfırlandı.
2026-08-20 13:36:56 [INFO] [WS-2] Toplam 78400 adet veri paketi başarıyla işlendi.
2026-08-20 13:36:56 [INFO] [WS-4] Toplam 47500 adet veri paketi başarıyla işlendi.
2026-08-20 13:36:56 [INFO] [WS-1] Toplam 84200 adet veri paketi başarıyla işlendi.
2026-08-20 13:36:57 [INFO] [WS-3] Toplam 58100 adet veri paketi başarıyla işlendi.
2026-08-20 13:36:57 [INFO] [BİLGİ] RIFUSDT.P SMA 50'ye (Yukarı) dokundu. Referans: 0.077148, Hedef: 0.081005
2026-08-20 13:36:58 [INFO] [WS-2] Toplam 78500 adet veri paketi başarıyla işlendi.
2026-08-20 13:36:59 [INFO] [WS-1] Toplam 84300 adet veri paketi başarıyla işlendi.
2026-08-20 13:37:00 [INFO] [WS-3] Toplam 58200 adet veri paketi başarıyla işlendi.
2026-08-20 13:37:00 [INFO] [WS-4] Toplam 47600 adet veri paketi başarıyla işlendi.
2026-08-20 13:37:00 [INFO] [WS-2] Toplam 78600 adet veri paketi başarıyla işlendi.
2026-08-20 13:37:01 [INFO] [WS-1] Toplam 84400 adet veri paketi başarıyla işlendi.
2026-08-20 13:37:02 [INFO] [WS-2] Toplam 78700 adet veri paketi başarıyla işlendi.
2026-08-20 13:37:02 [INFO] [İPTAL] USUSDT.P tekrar SMA üstüne çıktı. Takip sıfırlandı.
2026-08-20 13:37:02 [INFO] [WS-3] Toplam 58300 adet veri paketi başarıyla işlendi.
2026-08-20 13:37:03 [INFO] [WS-1] Toplam 84500 adet veri paketi başarıyla işlendi.
2026-08-20 13:37:03 [ERROR] Failed to fetch updates - TelegramConflictError: Telegram server says - Conflict: terminated by other getUpdates request; make sure that only one bot instance is running
2026-08-20 13:37:03 [WARNING] Sleep for 4.849902 seconds and try again... (tryings = 136, bot id = 8154127903)
2026-08-20 13:37:03 [INFO] [WS-2] Toplam 78800 adet veri paketi başarıyla işlendi.
2026-08-20 13:37:04 [INFO] [WS-4] Toplam 47700 adet veri paketi başarıyla işlendi.
2026-08-20 13:37:05 [INFO] [WS-3] Toplam 58400 adet veri paketi başarıyla işlendi.
2026-08-20 13:37:05 [INFO] [WS-1] Toplam 84600 adet veri paketi başarıyla işlendi.
2026-08-20 13:37:05 [INFO] [WS-2] Toplam 78900 adet veri paketi başarıyla işlendi.
2026-08-20 13:37:07 [INFO] [WS-4] Toplam 47800 adet veri paketi başarıyla işlendi.
2026-08-20 13:37:07 [INFO] [WS-1] Toplam 84700 adet veri paketi başarıyla işlendi.
2026-08-20 13:37:07 [INFO] [WS-2] Toplam 79000 adet veri paketi başarıyla işlendi.
2026-08-20 13:37:08 [INFO] [WS-3] Toplam 58500 adet veri paketi başarıyla işlendi.
2026-08-20 13:37:08 [INFO] [İPTAL] REDUSDT.P tekrar SMA altına indi. Takip sıfırlandı.
2026-08-20 13:37:08 [INFO] [WS-1] Toplam 84800 adet veri paketi başarıyla işlendi.
2026-08-20 13:37:09 [INFO] [WS-2] Toplam 79100 adet veri paketi başarıyla işlendi.
2026-08-20 13:37:09 [INFO] [BİLGİ] REDUSDT.P SMA 50'ye (Yukarı) dokundu. Referans: 0.112448, Hedef: 0.118070
2026-08-20 13:37:09 [INFO] [İPTAL] REDUSDT.P tekrar SMA altına indi. Takip sıfırlandı.
2026-08-20 13:37:10 [INFO] [WS-4] Toplam 47900 adet veri paketi başarıyla işlendi.
2026-08-20 13:37:11 [INFO] [WS-1] Toplam 84900 adet veri paketi başarıyla işlendi.
2026-08-20 13:37:11 [INFO] [WS-2] Toplam 79200 adet veri paketi başarıyla işlendi.
2026-08-20 13:37:11 [INFO] [WS-3] Toplam 58600 adet veri paketi başarıyla işlendi.
2026-08-20 13:37:12 [INFO] [BİLGİ] REDUSDT.P SMA 50'ye (Yukarı) dokundu. Referans: 0.112448, Hedef: 0.118070
2026-08-20 13:37:13 [INFO] [WS-1] Toplam 85000 adet veri paketi başarıyla işlendi.
2026-08-20 13:37:13 [INFO] [WS-2] Toplam 79300 adet veri paketi başarıyla işlendi.
2026-08-20 13:37:14 [INFO] [WS-4] Toplam 48000 adet veri paketi başarıyla işlendi.
2026-08-20 13:37:14 [ERROR] Failed to fetch updates - TelegramConflictError: Telegram server says - Conflict: terminated by other getUpdates request; make sure that only one bot instance is running
2026-08-20 13:37:14 [WARNING] Sleep for 5.124537 seconds and try again... (tryings = 137, bot id = 8154127903)
2026-08-20 13:37:15 [INFO] [WS-3] Toplam 58700 adet veri paketi başarıyla işlendi.
2026-08-20 13:37:15 [INFO] [WS-1] Toplam 85100 adet veri paketi başarıyla işlendi.
2026-08-20 13:37:15 [INFO] [WS-2] Toplam 79400 adet veri paketi başarıyla işlendi.
2026-08-20 13:37:17 [INFO] [İPTAL] KAVAUSDT.P tekrar SMA üstüne çıktı. Takip sıfırlandı.
2026-08-20 13:37:17 [INFO] [WS-2] Toplam 79500 adet veri paketi başarıyla işlendi.
2026-08-20 13:37:17 [INFO] [WS-1] Toplam 85200 adet veri paketi başarıyla işlendi.
2026-08-20 13:37:17 [INFO] [WS-4] Toplam 48100 adet veri paketi başarıyla işlendi.
2026-08-20 13:37:18 [INFO] [WS-3] Toplam 58800 adet veri paketi başarıyla işlendi.
2026-08-20 13:37:19 [INFO] [WS-1] Toplam 85300 adet veri paketi başarıyla işlendi.
2026-08-20 13:37:19 [INFO] [WS-2] Toplam 79600 adet veri paketi başarıyla işlendi.
2026-08-20 13:37:20 [INFO] [BİLGİ] JASMYUSDT.P SMA 50'ye (Aşağı) dokundu. Referans: 0.003716, Hedef: 0.003530
2026-08-20 13:37:20 [INFO] [WS-3] Toplam 58900 adet veri paketi başarıyla işlendi.
2026-08-20 13:37:20 [INFO] [BİLGİ] KOMAUSDT.P SMA 50'ye (Aşağı) dokundu. Referans: 0.012840, Hedef: 0.012198
2026-08-20 13:37:20 [INFO] [WS-4] Toplam 48200 adet veri paketi başarıyla işlendi.
2026-08-20 13:37:21 [INFO] [WS-2] Toplam 79700 adet veri paketi başarıyla işlendi.
2026-08-20 13:37:21 [INFO] [WS-1] Toplam 85400 adet veri paketi başarıyla işlendi.
2026-08-20 13:37:22 [INFO] [WS-3] Toplam 59000 adet veri paketi başarıyla işlendi.
2026-08-20 13:37:22 [INFO] [WS-2] Toplam 79800 adet veri paketi başarıyla işlendi.
2026-08-20 13:37:22 [INFO] [BİLGİ] GUSDT.P SMA 50'ye (Aşağı) dokundu. Referans: 0.004131, Hedef: 0.003925
2026-08-20 13:37:23 [INFO] [WS-1] Toplam 85500 adet veri paketi başarıyla işlendi.
2026-08-20 13:37:23 [INFO] [WS-4] Toplam 48300 adet veri paketi başarıyla işlendi.
2026-08-20 13:37:23 [INFO] [WS-3] Toplam 59100 adet veri paketi başarıyla işlendi.
2026-08-20 13:37:23 [INFO] [BİLGİ] INUSDT.P SMA 50'ye (Yukarı) dokundu. Referans: 0.032062, Hedef: 0.033665
2026-08-20 13:37:24 [INFO] [WS-2] Toplam 79900 adet veri paketi başarıyla işlendi.
2026-08-20 13:37:24 [ERROR] Failed to fetch updates - TelegramConflictError: Telegram server says - Conflict: terminated by other getUpdates request; make sure that only one bot instance is running
2026-08-20 13:37:24 [WARNING] Sleep for 5.048789 seconds and try again... (tryings = 138, bot id = 8154127903)
2026-08-20 13:37:24 [INFO] [WS-1] Toplam 85600 adet veri paketi başarıyla işlendi.
2026-08-20 13:37:25 [INFO] [WS-3] Toplam 59200 adet veri paketi başarıyla işlendi.
2026-08-20 13:37:25 [INFO] [WS-4] Toplam 48400 adet veri paketi başarıyla işlendi.
2026-08-20 13:37:25 [INFO] [WS-2] Toplam 80000 adet veri paketi başarıyla işlendi.
2026-08-20 13:37:26 [INFO] [WS-1] Toplam 85700 adet veri paketi başarıyla işlendi.
2026-08-20 13:37:26 [INFO] [WS-3] Toplam 59300 adet veri paketi başarıyla işlendi.
2026-08-20 13:37:27 [INFO] [WS-4] Toplam 48500 adet veri paketi başarıyla işlendi.
2026-08-20 13:37:27 [INFO] [WS-2] Toplam 80100 adet veri paketi başarıyla işlendi.
2026-08-20 13:37:28 [INFO] [WS-1] Toplam 85800 adet veri paketi başarıyla işlendi.
2026-08-20 13:37:29 [INFO] [WS-2] Toplam 80200 adet veri paketi başarıyla işlendi.
2026-08-20 13:37:29 [INFO] [WS-1] Toplam 85900 adet veri paketi başarıyla işlendi.
2026-08-20 13:37:30 [INFO] [WS-3] Toplam 59400 adet veri paketi başarıyla işlendi.
2026-08-20 13:37:30 [INFO] [WS-4] Toplam 48600 adet veri paketi başarıyla işlendi.
2026-08-20 13:37:31 [INFO] [WS-2] Toplam 80300 adet veri paketi başarıyla işlendi.
2026-08-20 13:37:32 [INFO] [WS-1] Toplam 86000 adet veri paketi başarıyla işlendi.
2026-08-20 13:37:32 [INFO] [WS-3] Toplam 59500 adet veri paketi başarıyla işlendi.
2026-08-20 13:37:32 [INFO] [İPTAL] JASMYUSDT.P tekrar SMA üstüne çıktı. Takip sıfırlandı.
2026-08-20 13:37:32 [INFO] [İPTAL] GMXUSDT.P tekrar SMA üstüne çıktı. Takip sıfırlandı.
2026-08-20 13:37:33 [INFO] [WS-2] Toplam 80400 adet veri paketi başarıyla işlendi.
2026-08-20 13:37:33 [INFO] [WS-4] Toplam 48700 adet veri paketi başarıyla işlendi.
2026-08-20 13:37:33 [INFO] [BİLGİ] CAPUSDT.P SMA 50'ye (Aşağı) dokundu. Referans: 0.070161, Hedef: 0.066653
2026-08-20 13:37:33 [INFO] [WS-1] Toplam 86100 adet veri paketi başarıyla işlendi.
2026-08-20 13:37:33 [INFO] [İPTAL] ETHWUSDT.P tekrar SMA üstüne çıktı. Takip sıfırlandı.
2026-08-20 13:37:34 [INFO] [WS-3] Toplam 59600 adet veri paketi başarıyla işlendi.
2026-08-20 13:37:34 [INFO] [BİLGİ] ETHWUSDT.P SMA 50'ye (Aşağı) dokundu. Referans: 0.266760, Hedef: 0.253422
2026-08-20 13:37:35 [ERROR] Failed to fetch updates - TelegramConflictError: Telegram server says - Conflict: terminated by other getUpdates request; make sure that only one bot instance is running
2026-08-20 13:37:35 [WARNING] Sleep for 4.893217 seconds and try again... (tryings = 139, bot id = 8154127903)
2026-08-20 13:37:35 [INFO] [WS-2] Toplam 80500 adet veri paketi başarıyla işlendi.
2026-08-20 13:37:36 [INFO] [WS-4] Toplam 48800 adet veri paketi başarıyla işlendi.
2026-08-20 13:37:36 [INFO] [WS-1] Toplam 86200 adet veri paketi başarıyla işlendi.
2026-08-20 13:37:36 [INFO] [WS-3] Toplam 59700 adet veri paketi başarıyla işlendi.
2026-08-20 13:37:37 [INFO] [WS-2] Toplam 80600 adet veri paketi başarıyla işlendi.
2026-08-20 13:37:37 [INFO] [İPTAL] RIFUSDT.P tekrar SMA altına indi. Takip sıfırlandı.
2026-08-20 13:37:38 [INFO] [WS-1] Toplam 86300 adet veri paketi başarıyla işlendi.
2026-08-20 13:37:39 [INFO] [WS-3] Toplam 59800 adet veri paketi başarıyla işlendi.
2026-08-20 13:37:39 [INFO] [WS-4] Toplam 48900 adet veri paketi başarıyla işlendi.
2026-08-20 13:37:39 [INFO] [WS-2] Toplam 80700 adet veri paketi başarıyla işlendi.
2026-08-20 13:37:40 [INFO] [İPTAL] ETHWUSDT.P tekrar SMA üstüne çıktı. Takip sıfırlandı.
2026-08-20 13:37:40 [INFO] [WS-1] Toplam 86400 adet veri paketi başarıyla işlendi.
2026-08-20 13:37:41 [INFO] [WS-2] Toplam 80800 adet veri paketi başarıyla işlendi.
2026-08-20 13:37:41 [INFO] [BİLGİ] ETHWUSDT.P SMA 50'ye (Aşağı) dokundu. Referans: 0.266760, Hedef: 0.253422
2026-08-20 13:37:42 [INFO] [WS-3] Toplam 59900 adet veri paketi başarıyla işlendi.
2026-08-20 13:37:42 [INFO] [İPTAL] COAIUSDT.P tekrar SMA üstüne çıktı. Takip sıfırlandı.
2026-08-20 13:37:42 [INFO] [WS-1] Toplam 86500 adet veri paketi başarıyla işlendi.
2026-08-20 13:37:43 [INFO] [BİLGİ] RIFUSDT.P SMA 50'ye (Yukarı) dokundu. Referans: 0.077148, Hedef: 0.081005
2026-08-20 13:37:43 [INFO] [WS-4] Toplam 49000 adet veri paketi başarıyla işlendi.
2026-08-20 13:37:44 [INFO] [WS-2] Toplam 80900 adet veri paketi başarıyla işlendi.
2026-08-20 13:37:44 [INFO] [WS-1] Toplam 86600 adet veri paketi başarıyla işlendi.
2026-08-20 13:37:45 [INFO] [İPTAL] RIFUSDT.P tekrar SMA altına indi. Takip sıfırlandı.
2026-08-20 13:37:45 [ERROR] Failed to fetch updates - TelegramConflictError: Telegram server says - Conflict: terminated by other getUpdates request; make sure that only one bot instance is running
2026-08-20 13:37:45 [WARNING] Sleep for 4.886024 seconds and try again... (tryings = 140, bot id = 8154127903)
2026-08-20 13:37:45 [INFO] [WS-3] Toplam 60000 adet veri paketi başarıyla işlendi.
2026-08-20 13:37:45 [INFO] [PING] Self-ping attı: HTTP 200
2026-08-20 13:37:46 [INFO] [WS-2] Toplam 81000 adet veri paketi başarıyla işlendi.
2026-08-20 13:37:46 [INFO] [WS-1] Toplam 86700 adet veri paketi başarıyla işlendi.
2026-08-20 13:37:47 [INFO] [WS-4] Toplam 49100 adet veri paketi başarıyla işlendi.
2026-08-20 13:37:47 [INFO] [WS-2] Toplam 81100 adet veri paketi başarıyla işlendi.
2026-08-20 13:37:48 [INFO] [WS-3] Toplam 60100 adet veri paketi başarıyla işlendi.
2026-08-20 13:37:48 [INFO] [WS-1] Toplam 86800 adet veri paketi başarıyla işlendi.
2026-08-20 13:37:48 [INFO] [İPTAL] GUSDT.P tekrar SMA üstüne çıktı. Takip sıfırlandı.
2026-08-20 13:37:49 [INFO] [İPTAL] ETHWUSDT.P tekrar SMA üstüne çıktı. Takip sıfırlandı.
2026-08-20 13:37:50 [INFO] [WS-2] Toplam 81200 adet veri paketi başarıyla işlendi.
2026-08-20 13:37:50 [INFO] [WS-1] Toplam 86900 adet veri paketi başarıyla işlendi.
2026-08-20 13:37:51 [INFO] [WS-3] Toplam 60200 adet veri paketi başarıyla işlendi.
2026-08-20 13:37:52 [INFO] [WS-2] Toplam 81300 adet veri paketi başarıyla işlendi.
2026-08-20 13:37:52 [INFO] [WS-4] Toplam 49200 adet veri paketi başarıyla işlendi.
2026-08-20 13:37:52 [INFO] [BİLGİ] TRUMPUSDT.P SMA 50'ye (Aşağı) dokundu. Referans: 1.6705, Hedef: 1.5869
2026-08-20 13:37:52 [INFO] [WS-1] Toplam 87000 adet veri paketi başarıyla işlendi.
2026-08-20 13:37:53 [INFO] [İPTAL] TRUMPUSDT.P tekrar SMA üstüne çıktı. Takip sıfırlandı.
2026-08-20 13:37:54 [INFO] [WS-2] Toplam 81400 adet veri paketi başarıyla işlendi.
2026-08-20 13:37:55 [INFO] [WS-1] Toplam 87100 adet veri paketi başarıyla işlendi.
2026-08-20 13:37:55 [INFO] [WS-3] Toplam 60300 adet veri paketi başarıyla işlendi.
2026-08-20 13:37:55 [ERROR] Failed to fetch updates - TelegramConflictError: Telegram server says - Conflict: terminated by other getUpdates request; make sure that only one bot instance is running
2026-08-20 13:37:55 [WARNING] Sleep for 4.881082 seconds and try again... (tryings = 141, bot id = 8154127903)
2026-08-20 13:37:56 [INFO] [İPTAL] REDUSDT.P tekrar SMA altına indi. Takip sıfırlandı.
2026-08-20 13:37:57 [INFO] [WS-4] Toplam 49300 adet veri paketi başarıyla işlendi.
2026-08-20 13:37:57 [INFO] [WS-2] Toplam 81500 adet veri paketi başarıyla işlendi.
2026-08-20 13:37:57 [INFO] [WS-1] Toplam 87200 adet veri paketi başarıyla işlendi.
2026-08-20 13:37:58 [INFO] [WS-3] Toplam 60400 adet veri paketi başarıyla işlendi.
2026-08-20 13:37:59 [INFO] [WS-2] Toplam 81600 adet veri paketi başarıyla işlendi.
2026-08-20 13:38:00 [INFO] [WS-1] Toplam 87300 adet veri paketi başarıyla işlendi.
2026-08-20 13:38:00 [INFO] [WS-4] Toplam 49400 adet veri paketi başarıyla işlendi.
2026-08-20 13:38:00 [INFO] [WS-3] Toplam 60500 adet veri paketi başarıyla işlendi.
2026-08-20 13:38:00 [INFO] [WS-2] Toplam 81700 adet veri paketi başarıyla işlendi.
2026-08-20 13:38:01 [INFO] [BİLGİ] REDUSDT.P SMA 50'ye (Yukarı) dokundu. Referans: 0.112448, Hedef: 0.118070
2026-08-20 13:38:01 [INFO] [WS-1] Toplam 87400 adet veri paketi başarıyla işlendi.
2026-08-20 13:38:02 [INFO] [WS-2] Toplam 81800 adet veri paketi başarıyla işlendi.
2026-08-20 13:38:02 [INFO] [WS-4] Toplam 49500 adet veri paketi başarıyla işlendi.
2026-08-20 13:38:03 [INFO] [WS-3] Toplam 60600 adet veri paketi başarıyla işlendi.
2026-08-20 13:38:03 [INFO] [BİLGİ] TRUMPUSDT.P SMA 50'ye (Aşağı) dokundu. Referans: 1.6705, Hedef: 1.5869
2026-08-20 13:38:04 [INFO] [WS-1] Toplam 87500 adet veri paketi başarıyla işlendi.
2026-08-20 13:38:04 [INFO] [WS-2] Toplam 81900 adet veri paketi başarıyla işlendi.
2026-08-20 13:38:05 [ERROR] Failed to fetch updates - TelegramConflictError: Telegram server says - Conflict: terminated by other getUpdates request; make sure that only one bot instance is running
2026-08-20 13:38:05 [WARNING] Sleep for 4.924063 seconds and try again... (tryings = 142, bot id = 8154127903)
2026-08-20 13:38:05 [INFO] [WS-3] Toplam 60700 adet veri paketi başarıyla işlendi.
2026-08-20 13:38:06 [INFO] [İPTAL] CAPUSDT.P tekrar SMA üstüne çıktı. Takip sıfırlandı.
2026-08-20 13:38:06 [INFO] [WS-4] Toplam 49600 adet veri paketi başarıyla işlendi.
2026-08-20 13:38:06 [INFO] [WS-1] Toplam 87600 adet veri paketi başarıyla işlendi.
2026-08-20 13:38:07 [INFO] [WS-2] Toplam 82000 adet veri paketi başarıyla işlendi.
2026-08-20 13:38:08 [INFO] [İPTAL] TRUMPUSDT.P tekrar SMA üstüne çıktı. Takip sıfırlandı.
2026-08-20 13:38:09 [INFO] [WS-1] Toplam 87700 adet veri paketi başarıyla işlendi.
2026-08-20 13:38:09 [INFO] [WS-2] Toplam 82100 adet veri paketi başarıyla işlendi.
2026-08-20 13:38:09 [INFO] [WS-3] Toplam 60800 adet veri paketi başarıyla işlendi.
2026-08-20 13:38:11 [INFO] [WS-4] Toplam 49700 adet veri paketi başarıyla işlendi.
2026-08-20 13:38:12 [INFO] [WS-1] Toplam 87800 adet veri paketi başarıyla işlendi.
2026-08-20 13:38:12 [INFO] [İPTAL] REDUSDT.P tekrar SMA altına indi. Takip sıfırlandı.
2026-08-20 13:38:12 [INFO] [BİLGİ] REDUSDT.P SMA 50'ye (Yukarı) dokundu. Referans: 0.112448, Hedef: 0.118070
2026-08-20 13:38:12 [INFO] [WS-2] Toplam 82200 adet veri paketi başarıyla işlendi.
2026-08-20 13:38:13 [INFO] [WS-3] Toplam 60900 adet veri paketi başarıyla işlendi.
2026-08-20 13:38:14 [INFO] [İPTAL] REDUSDT.P tekrar SMA altına indi. Takip sıfırlandı.
2026-08-20 13:38:15 [INFO] [WS-1] Toplam 87900 adet veri paketi başarıyla işlendi.
2026-08-20 13:38:15 [INFO] [WS-2] Toplam 82300 adet veri paketi başarıyla işlendi.
2026-08-20 13:38:15 [INFO] [WS-4] Toplam 49800 adet veri paketi başarıyla işlendi.
2026-08-20 13:38:15 [ERROR] Failed to fetch updates - TelegramConflictError: Telegram server says - Conflict: terminated by other getUpdates request; make sure that only one bot instance is running
2026-08-20 13:38:15 [WARNING] Sleep for 4.898304 seconds and try again... (tryings = 143, bot id = 8154127903)
2026-08-20 13:38:16 [INFO] [WS-1] Toplam 88000 adet veri paketi başarıyla işlendi.
2026-08-20 13:38:16 [INFO] [WS-3] Toplam 61000 adet veri paketi başarıyla işlendi.
2026-08-20 13:38:16 [INFO] [WS-2] Toplam 82400 adet veri paketi başarıyla işlendi.
2026-08-20 13:38:16 [INFO] [BİLGİ] CAPUSDT.P SMA 50'ye (Aşağı) dokundu. Referans: 0.070161, Hedef: 0.066653
2026-08-20 13:38:16 [INFO] [BİLGİ] REDUSDT.P SMA 50'ye (Yukarı) dokundu. Referans: 0.112448, Hedef: 0.118070
2026-08-20 13:38:18 [INFO] [BİLGİ] TRUMPUSDT.P SMA 50'ye (Aşağı) dokundu. Referans: 1.6705, Hedef: 1.5869
2026-08-20 13:38:19 [INFO] [WS-2] Toplam 82500 adet veri paketi başarıyla işlendi.
2026-08-20 13:38:19 [INFO] [WS-1] Toplam 88100 adet veri paketi başarıyla işlendi.
2026-08-20 13:38:19 [INFO] [WS-4] Toplam 49900 adet veri paketi başarıyla işlendi.
2026-08-20 13:38:20 [INFO] [WS-3] Toplam 61100 adet veri paketi başarıyla işlendi.
2026-08-20 13:38:21 [INFO] [BİLGİ] RIFUSDT.P SMA 50'ye (Yukarı) dokundu. Referans: 0.077148, Hedef: 0.081005
2026-08-20 13:38:21 [INFO] [BİLGİ] GMXUSDT.P SMA 50'ye (Aşağı) dokundu. Referans: 6.9105, Hedef: 6.5650
2026-08-20 13:38:21 [INFO] [WS-2] Toplam 82600 adet veri paketi başarıyla işlendi.
2026-08-20 13:38:22 [INFO] [WS-1] Toplam 88200 adet veri paketi başarıyla işlendi.
2026-08-20 13:38:22 [INFO] [WS-4] Toplam 50000 adet veri paketi başarıyla işlendi.
2026-08-20 13:38:23 [INFO] [WS-3] Toplam 61200 adet veri paketi başarıyla işlendi.
2026-08-20 13:38:23 [INFO] [WS-2] Toplam 82700 adet veri paketi başarıyla işlendi.
2026-08-20 13:38:23 [INFO] [İPTAL] TRUMPUSDT.P tekrar SMA üstüne çıktı. Takip sıfırlandı.
2026-08-20 13:38:24 [INFO] [WS-1] Toplam 88300 adet veri paketi başarıyla işlendi.
2026-08-20 13:38:25 [ERROR] Failed to fetch updates - TelegramConflictError: Telegram server says - Conflict: terminated by other getUpdates request; make sure that only one bot instance is running
2026-08-20 13:38:25 [WARNING] Sleep for 4.974397 seconds and try again... (tryings = 144, bot id = 8154127903)
2026-08-20 13:38:26 [INFO] [WS-2] Toplam 82800 adet veri paketi başarıyla işlendi.
2026-08-20 13:38:26 [INFO] [WS-4] Toplam 50100 adet veri paketi başarıyla işlendi.
2026-08-20 13:38:26 [INFO] [BİLGİ] DOSUSDT.P SMA 50'ye (Aşağı) dokundu. Referans: 0.237412, Hedef: 0.225541
2026-08-20 13:38:26 [INFO] [WS-3] Toplam 61300 adet veri paketi başarıyla işlendi.
2026-08-20 13:38:27 [INFO] [WS-1] Toplam 88400 adet veri paketi başarıyla işlendi.
2026-08-20 13:38:28 [INFO] [WS-2] Toplam 82900 adet veri paketi başarıyla işlendi.
2026-08-20 13:38:29 [INFO] [WS-1] Toplam 88500 adet veri paketi başarıyla işlendi.
2026-08-20 13:38:29 [INFO] [WS-3] Toplam 61400 adet veri paketi başarıyla işlendi.
2026-08-20 13:38:30 [INFO] [İPTAL] RIFUSDT.P tekrar SMA altına indi. Takip sıfırlandı.
2026-08-20 13:38:30 [INFO] [WS-2] Toplam 83000 adet veri paketi başarıyla işlendi.
2026-08-20 13:38:30 [INFO] [WS-4] Toplam 50200 adet veri paketi başarıyla işlendi.
2026-08-20 13:38:32 [INFO] [WS-1] Toplam 88600 adet veri paketi başarıyla işlendi.
2026-08-20 13:38:32 [INFO] [BİLGİ] RIFUSDT.P SMA 50'ye (Yukarı) dokundu. Referans: 0.077148, Hedef: 0.081005
2026-08-20 13:38:33 [INFO] [BİLGİ] TRUMPUSDT.P SMA 50'ye (Aşağı) dokundu. Referans: 1.6705, Hedef: 1.5869
2026-08-20 13:38:33 [INFO] [WS-2] Toplam 83100 adet veri paketi başarıyla işlendi.
2026-08-20 13:38:33 [INFO] [WS-3] Toplam 61500 adet veri paketi başarıyla işlendi.
2026-08-20 13:38:34 [INFO] [İPTAL] TRUMPUSDT.P tekrar SMA üstüne çıktı. Takip sıfırlandı.
2026-08-20 13:38:34 [INFO] [WS-1] Toplam 88700 adet veri paketi başarıyla işlendi.
2026-08-20 13:38:34 [INFO] [WS-4] Toplam 50300 adet veri paketi başarıyla işlendi.
2026-08-20 13:38:35 [INFO] [WS-2] Toplam 83200 adet veri paketi başarıyla işlendi.
2026-08-20 13:38:36 [ERROR] Failed to fetch updates - TelegramConflictError: Telegram server says - Conflict: terminated by other getUpdates request; make sure that only one bot instance is running
2026-08-20 13:38:36 [WARNING] Sleep for 5.117133 seconds and try again... (tryings = 145, bot id = 8154127903)
2026-08-20 13:38:36 [INFO] [WS-3] Toplam 61600 adet veri paketi başarıyla işlendi.
2026-08-20 13:38:36 [INFO] [WS-1] Toplam 88800 adet veri paketi başarıyla işlendi.
2026-08-20 13:38:37 [INFO] [İPTAL] RIFUSDT.P tekrar SMA altına indi. Takip sıfırlandı.
2026-08-20 13:38:37 [INFO] [WS-2] Toplam 83300 adet veri paketi başarıyla işlendi.
2026-08-20 13:38:37 [INFO] [WS-4] Toplam 50400 adet veri paketi başarıyla işlendi.
2026-08-20 13:38:39 [INFO] [WS-3] Toplam 61700 adet veri paketi başarıyla işlendi.
2026-08-20 13:38:39 [INFO] [WS-1] Toplam 88900 adet veri paketi başarıyla işlendi.
2026-08-20 13:38:39 [INFO] [WS-2] Toplam 83400 adet veri paketi başarıyla işlendi.
2026-08-20 13:38:40 [INFO] [İPTAL] REDUSDT.P tekrar SMA altına indi. Takip sıfırlandı.
2026-08-20 13:38:40 [INFO] [BİLGİ] REDUSDT.P SMA 50'ye (Yukarı) dokundu. Referans: 0.112448, Hedef: 0.118070
2026-08-20 13:38:41 [INFO] [WS-4] Toplam 50500 adet veri paketi başarıyla işlendi.
2026-08-20 13:38:41 [INFO] [WS-1] Toplam 89000 adet veri paketi başarıyla işlendi.
2026-08-20 13:38:41 [INFO] [WS-2] Toplam 83500 adet veri paketi başarıyla işlendi.
2026-08-20 13:38:41 [INFO] [WS-3] Toplam 61800 adet veri paketi başarıyla işlendi.
2026-08-20 13:38:43 [INFO] [BİLGİ] TRUMPUSDT.P SMA 50'ye (Aşağı) dokundu. Referans: 1.6705, Hedef: 1.5869
2026-08-20 13:38:44 [INFO] [İPTAL] TRUMPUSDT.P tekrar SMA üstüne çıktı. Takip sıfırlandı.
2026-08-20 13:38:44 [INFO] [WS-2] Toplam 83600 adet veri paketi başarıyla işlendi.
2026-08-20 13:38:44 [INFO] [WS-1] Toplam 89100 adet veri paketi başarıyla işlendi.
2026-08-20 13:38:44 [INFO] [BİLGİ] TRUMPUSDT.P SMA 50'ye (Aşağı) dokundu. Referans: 1.6705, Hedef: 1.5869
2026-08-20 13:38:45 [INFO] [WS-4] Toplam 50600 adet veri paketi başarıyla işlendi.
2026-08-20 13:38:45 [INFO] [WS-3] Toplam 61900 adet veri paketi başarıyla işlendi.
2026-08-20 13:38:46 [INFO] [İPTAL] REDUSDT.P tekrar SMA altına indi. Takip sıfırlandı.
2026-08-20 13:38:46 [INFO] [WS-2] Toplam 83700 adet veri paketi başarıyla işlendi.
2026-08-20 13:38:46 [INFO] [WS-1] Toplam 89200 adet veri paketi başarıyla işlendi.
2026-08-20 13:38:46 [INFO] [İPTAL] TRUMPUSDT.P tekrar SMA üstüne çıktı. Takip sıfırlandı.
2026-08-20 13:38:46 [ERROR] Failed to fetch updates - TelegramConflictError: Telegram server says - Conflict: terminated by other getUpdates request; make sure that only one bot instance is running
2026-08-20 13:38:46 [WARNING] Sleep for 5.142814 seconds and try again... (tryings = 146, bot id = 8154127903)
2026-08-20 13:38:46 [INFO] [BİLGİ] REDUSDT.P SMA 50'ye (Yukarı) dokundu. Referans: 0.112448, Hedef: 0.118070
2026-08-20 13:38:48 [INFO] [WS-3] Toplam 62000 adet veri paketi başarıyla işlendi.
2026-08-20 13:38:48 [INFO] [WS-2] Toplam 83800 adet veri paketi başarıyla işlendi.
2026-08-20 13:38:49 [INFO] [WS-4] Toplam 50700 adet veri paketi başarıyla işlendi.
2026-08-20 13:38:49 [INFO] [BİLGİ] TRUMPUSDT.P SMA 50'ye (Aşağı) dokundu. Referans: 1.6705, Hedef: 1.5869
2026-08-20 13:38:49 [INFO] [İPTAL] REDUSDT.P tekrar SMA altına indi. Takip sıfırlandı.
2026-08-20 13:38:49 [INFO] [WS-1] Toplam 89300 adet veri paketi başarıyla işlendi.
2026-08-20 13:38:50 [INFO] [BİLGİ] REDUSDT.P SMA 50'ye (Yukarı) dokundu. Referans: 0.112448, Hedef: 0.118070
2026-08-20 13:38:50 [INFO] [İPTAL] REDUSDT.P tekrar SMA altına indi. Takip sıfırlandı.
2026-08-20 13:38:50 [INFO] [WS-2] Toplam 83900 adet veri paketi başarıyla işlendi.
2026-08-20 13:38:51 [INFO] [WS-3] Toplam 62100 adet veri paketi başarıyla işlendi.
2026-08-20 13:38:51 [INFO] [WS-1] Toplam 89400 adet veri paketi başarıyla işlendi.
2026-08-20 13:38:52 [INFO] [BİLGİ] REDUSDT.P SMA 50'ye (Yukarı) dokundu. Referans: 0.112448, Hedef: 0.118070
2026-08-20 13:38:52 [INFO] [WS-4] Toplam 50800 adet veri paketi başarıyla işlendi.
2026-08-20 13:38:52 [INFO] [WS-2] Toplam 84000 adet veri paketi başarıyla işlendi.
2026-08-20 13:38:53 [INFO] [İPTAL] REDUSDT.P tekrar SMA altına indi. Takip sıfırlandı.
2026-08-20 13:38:53 [INFO] [WS-3] Toplam 62200 adet veri paketi başarıyla işlendi.
2026-08-20 13:38:54 [INFO] [WS-1] Toplam 89500 adet veri paketi başarıyla işlendi.
2026-08-20 13:38:54 [INFO] [BİLGİ] JASMYUSDT.P SMA 50'ye (Aşağı) dokundu. Referans: 0.003716, Hedef: 0.003530
2026-08-20 13:38:54 [INFO] [BİLGİ] RIFUSDT.P SMA 50'ye (Yukarı) dokundu. Referans: 0.077148, Hedef: 0.081005
2026-08-20 13:38:54 [INFO] [WS-2] Toplam 84100 adet veri paketi başarıyla işlendi.
2026-08-20 13:38:55 [INFO] [BİLGİ] REDUSDT.P SMA 50'ye (Yukarı) dokundu. Referans: 0.112448, Hedef: 0.118070
2026-08-20 13:38:56 [INFO] [İPTAL] RIFUSDT.P tekrar SMA altına indi. Takip sıfırlandı.
2026-08-20 13:38:56 [INFO] [WS-4] Toplam 50900 adet veri paketi başarıyla işlendi.
2026-08-20 13:38:56 [INFO] [WS-1] Toplam 89600 adet veri paketi başarıyla işlendi.
2026-08-20 13:38:57 [INFO] [WS-3] Toplam 62300 adet veri paketi başarıyla işlendi.
2026-08-20 13:38:57 [ERROR] Failed to fetch updates - TelegramConflictError: Telegram server says - Conflict: terminated by other getUpdates request; make sure that only one bot instance is running
2026-08-20 13:38:57 [WARNING] Sleep for 5.024721 seconds and try again... (tryings = 147, bot id = 8154127903)
2026-08-20 13:38:57 [INFO] [İPTAL] REDUSDT.P tekrar SMA altına indi. Takip sıfırlandı.
2026-08-20 13:38:57 [INFO] [WS-2] Toplam 84200 adet veri paketi başarıyla işlendi.
2026-08-20 13:38:59 [INFO] [WS-1] Toplam 89700 adet veri paketi başarıyla işlendi.
2026-08-20 13:38:59 [INFO] [WS-2] Toplam 84300 adet veri paketi başarıyla işlendi.
2026-08-20 13:39:00 [INFO] [WS-4] Toplam 51000 adet veri paketi başarıyla işlendi.
2026-08-20 13:39:00 [INFO] [WS-3] Toplam 62400 adet veri paketi başarıyla işlendi.
2026-08-20 13:39:00 [INFO] [İPTAL] DOSUSDT.P tekrar SMA üstüne çıktı. Takip sıfırlandı.
2026-08-20 13:39:00 [INFO] [WS-1] Toplam 89800 adet veri paketi başarıyla işlendi.
2026-08-20 13:39:01 [INFO] [WS-2] Toplam 84400 adet veri paketi başarıyla işlendi.
2026-08-20 13:39:01 [INFO] [WS-3] Toplam 62500 adet veri paketi başarıyla işlendi.
2026-08-20 13:39:02 [INFO] [WS-1] Toplam 89900 adet veri paketi başarıyla işlendi.
2026-08-20 13:39:02 [INFO] [WS-4] Toplam 51100 adet veri paketi başarıyla işlendi.
2026-08-20 13:39:02 [INFO] [WS-2] Toplam 84500 adet veri paketi başarıyla işlendi.
2026-08-20 13:39:03 [INFO] [BİLGİ] ALCHUSDT.P SMA 50'ye (Aşağı) dokundu. Referans: 0.027056, Hedef: 0.025704
2026-08-20 13:39:04 [INFO] Connection established (tryings = 148, bot id = 8154127903)
2026-08-20 13:39:04 [INFO] Update id=326264819 is handled. Duration 347 ms by bot id=8154127903
2026-08-20 13:39:04 [INFO] [WS-3] Toplam 62600 adet veri paketi başarıyla işlendi.
2026-08-20 13:39:04 [INFO] [WS-2] Toplam 84600 adet veri paketi başarıyla işlendi.
2026-08-20 13:39:05 [INFO] [İPTAL] ALCHUSDT.P tekrar SMA üstüne çıktı. Takip sıfırlandı.
2026-08-20 13:39:05 [INFO] [WS-1] Toplam 90000 adet veri paketi başarıyla işlendi.
2026-08-20 13:39:05 [INFO] Update id=326264820 is handled. Duration 289 ms by bot id=8154127903
2026-08-20 13:39:06 [INFO] [WS-4] Toplam 51200 adet veri paketi başarıyla işlendi.
2026-08-20 13:39:06 [INFO] [WS-2] Toplam 84700 adet veri paketi başarıyla işlendi.
2026-08-20 13:39:07 [ERROR] Failed to fetch updates - TelegramConflictError: Telegram server says - Conflict: terminated by other getUpdates request; make sure that only one bot instance is running
2026-08-20 13:39:07 [WARNING] Sleep for 1.000000 seconds and try again... (tryings = 0, bot id = 8154127903)
2026-08-20 13:39:07 [INFO] [WS-1] Toplam 90100 adet veri paketi başarıyla işlendi.
2026-08-20 13:39:07 [INFO] [WS-3] Toplam 62700 adet veri paketi başarıyla işlendi.
2026-08-20 13:39:08 [INFO] [BİLGİ] USUSDT.P SMA 50'ye (Aşağı) dokundu. Referans: 0.016922, Hedef: 0.016076
2026-08-20 13:39:09 [INFO] [WS-2] Toplam 84800 adet veri paketi başarıyla işlendi.
2026-08-20 13:39:09 [INFO] [WS-4] Toplam 51300 adet veri paketi başarıyla işlendi.
2026-08-20 13:39:10 [INFO] [WS-1] Toplam 90200 adet veri paketi başarıyla işlendi.
2026-08-20 13:39:11 [INFO] [BİLGİ] ZILUSDT.P SMA 50'ye (Aşağı) dokundu. Referans: 0.002437, Hedef: 0.002315
2026-08-20 13:39:11 [INFO] [WS-3] Toplam 62800 adet veri paketi başarıyla işlendi.
2026-08-20 13:39:12 [INFO] [WS-2] Toplam 84900 adet veri paketi başarıyla işlendi.
2026-08-20 13:39:12 [INFO] [İPTAL] USUSDT.P tekrar SMA üstüne çıktı. Takip sıfırlandı.
2026-08-20 13:39:12 [INFO] [WS-1] Toplam 90300 adet veri paketi başarıyla işlendi.
2026-08-20 13:39:13 [INFO] [WS-4] Toplam 51400 adet veri paketi başarıyla işlendi.
2026-08-20 13:39:14 [INFO] [WS-2] Toplam 85000 adet veri paketi başarıyla işlendi.
2026-08-20 13:39:14 [INFO] [İPTAL] CAPUSDT.P tekrar SMA üstüne çıktı. Takip sıfırlandı.
2026-08-20 13:39:14 [INFO] [ZAMAN AŞIMI] AGLDUSDT.P 15 dk içinde hedefe ulaşamadı. İptal edildi.
2026-08-20 13:39:14 [INFO] [WS-1] Toplam 90400 adet veri paketi başarıyla işlendi.
2026-08-20 13:39:15 [INFO] [WS-3] Toplam 62900 adet veri paketi başarıyla işlendi.
2026-08-20 13:39:15 [INFO] [WS-2] Toplam 85100 adet veri paketi başarıyla işlendi.
2026-08-20 13:39:16 [INFO] [WS-4] Toplam 51500 adet veri paketi başarıyla işlendi.
2026-08-20 13:39:16 [INFO] [WS-1] Toplam 90500 adet veri paketi başarıyla işlendi.
2026-08-20 13:39:16 [ERROR] Failed to fetch updates - TelegramConflictError: Telegram server says - Conflict: terminated by other getUpdates request; make sure that only one bot instance is running
2026-08-20 13:39:16 [WARNING] Sleep for 1.198507 seconds and try again... (tryings = 1, bot id = 8154127903)
2026-08-20 13:39:17 [INFO] [WS-3] Toplam 63000 adet veri paketi başarıyla işlendi.
2026-08-20 13:39:18 [INFO] [BİLGİ] RIFUSDT.P SMA 50'ye (Yukarı) dokundu. Referans: 0.077148, Hedef: 0.081005
2026-08-20 13:39:18 [INFO] [WS-1] Toplam 90600 adet veri paketi başarıyla işlendi.
2026-08-20 13:39:18 [INFO] [WS-2] Toplam 85200 adet veri paketi başarıyla işlendi.
2026-08-20 13:39:19 [INFO] [İPTAL] RIFUSDT.P tekrar SMA altına indi. Takip sıfırlandı.
2026-08-20 13:39:19 [INFO] [WS-2] Toplam 85300 adet veri paketi başarıyla işlendi.
2026-08-20 13:39:19 [INFO] [WS-1] Toplam 90700 adet veri paketi başarıyla işlendi.
2026-08-20 13:39:20 [INFO] [WS-4] Toplam 51600 adet veri paketi başarıyla işlendi.
2026-08-20 13:39:20 [INFO] [WS-3] Toplam 63100 adet veri paketi başarıyla işlendi.
2026-08-20 13:39:21 [INFO] [WS-2] Toplam 85400 adet veri paketi başarıyla işlendi.
2026-08-20 13:39:21 [INFO] [WS-1] Toplam 90800 adet veri paketi başarıyla işlendi.
2026-08-20 13:39:22 [INFO] [BİLGİ] USUSDT.P SMA 50'ye (Aşağı) dokundu. Referans: 0.016922, Hedef: 0.016076
2026-08-20 13:39:23 [INFO] [WS-3] Toplam 63200 adet veri paketi başarıyla işlendi.
2026-08-20 13:39:23 [INFO] [İPTAL] TRUMPUSDT.P tekrar SMA üstüne çıktı. Takip sıfırlandı.
2026-08-20 13:39:23 [INFO] [WS-2] Toplam 85500 adet veri paketi başarıyla işlendi.
2026-08-20 13:39:23 [INFO] [WS-1] Toplam 90900 adet veri paketi başarıyla işlendi.
2026-08-20 13:39:24 [INFO] [WS-4] Toplam 51700 adet veri paketi başarıyla işlendi.
2026-08-20 13:39:24 [INFO] [ZAMAN AŞIMI] VVVUSDT.P 15 dk içinde hedefe ulaşamadı. İptal edildi.
2026-08-20 13:39:25 [INFO] [WS-2] Toplam 85600 adet veri paketi başarıyla işlendi.
2026-08-20 13:39:25 [INFO] [BİLGİ] TRUMPUSDT.P SMA 50'ye (Aşağı) dokundu. Referans: 1.6705, Hedef: 1.5869
2026-08-20 13:39:25 [ERROR] Failed to fetch updates - TelegramConflictError: Telegram server says - Conflict: terminated by other getUpdates request; make sure that only one bot instance is running
2026-08-20 13:39:25 [WARNING] Sleep for 1.524158 seconds and try again... (tryings = 2, bot id = 8154127903)
2026-08-20 13:39:26 [INFO] [WS-1] Toplam 91000 adet veri paketi başarıyla işlendi.
2026-08-20 13:39:26 [INFO] [WS-3] Toplam 63300 adet veri paketi başarıyla işlendi.
2026-08-20 13:39:28 [INFO] [WS-4] Toplam 51800 adet veri paketi başarıyla işlendi.
2026-08-20 13:39:28 [INFO] [WS-2] Toplam 85700 adet veri paketi başarıyla işlendi.
2026-08-20 13:39:28 [INFO] [WS-1] Toplam 91100 adet veri paketi başarıyla işlendi.
2026-08-20 13:39:29 [INFO] [WS-3] Toplam 63400 adet veri paketi başarıyla işlendi.
2026-08-20 13:39:30 [INFO] [WS-1] Toplam 91200 adet veri paketi başarıyla işlendi.
2026-08-20 13:39:30 [INFO] [WS-2] Toplam 85800 adet veri paketi başarıyla işlendi.
2026-08-20 13:39:31 [INFO] [WS-2] Toplam 85900 adet veri paketi başarıyla işlendi.
2026-08-20 13:39:32 [INFO] [WS-3] Toplam 63500 adet veri paketi başarıyla işlendi.
2026-08-20 13:39:32 [INFO] [WS-4] Toplam 51900 adet veri paketi başarıyla işlendi.
2026-08-20 13:39:32 [INFO] [WS-1] Toplam 91300 adet veri paketi başarıyla işlendi.
2026-08-20 13:39:32 [INFO] [BİLGİ] DOSUSDT.P SMA 50'ye (Aşağı) dokundu. Referans: 0.237414, Hedef: 0.225543
2026-08-20 13:39:33 [INFO] [BİLGİ] RIFUSDT.P SMA 50'ye (Yukarı) dokundu. Referans: 0.077148, Hedef: 0.081005
2026-08-20 13:39:33 [INFO] [İPTAL] ESPORTSUSDT.P tekrar SMA üstüne çıktı. Takip sıfırlandı.
2026-08-20 13:39:33 [INFO] [WS-2] Toplam 86000 adet veri paketi başarıyla işlendi.
2026-08-20 13:39:34 [INFO] [WS-1] Toplam 91400 adet veri paketi başarıyla işlendi.
2026-08-20 13:39:34 [INFO] [WS-3] Toplam 63600 adet veri paketi başarıyla işlendi.
2026-08-20 13:39:34 [INFO] [BİLGİ] AEVOUSDT.P SMA 50'ye (Aşağı) dokundu. Referans: 0.022029, Hedef: 0.020928
2026-08-20 13:39:35 [INFO] [WS-4] Toplam 52000 adet veri paketi başarıyla işlendi.
2026-08-20 13:39:35 [INFO] [WS-2] Toplam 86100 adet veri paketi başarıyla işlendi.
2026-08-20 13:39:35 [INFO] [WS-1] Toplam 91500 adet veri paketi başarıyla işlendi.
2026-08-20 13:39:36 [INFO] [İPTAL] DOSUSDT.P tekrar SMA üstüne çıktı. Takip sıfırlandı.
2026-08-20 13:39:36 [ERROR] Failed to fetch updates - TelegramConflictError: Telegram server says - Conflict: terminated by other getUpdates request; make sure that only one bot instance is running
2026-08-20 13:39:36 [WARNING] Sleep for 2.056427 seconds and try again... (tryings = 3, bot id = 8154127903)
2026-08-20 13:39:37 [INFO] [WS-3] Toplam 63700 adet veri paketi başarıyla işlendi.
2026-08-20 13:39:38 [INFO] [WS-2] Toplam 86200 adet veri paketi başarıyla işlendi.
2026-08-20 13:39:38 [INFO] [WS-1] Toplam 91600 adet veri paketi başarıyla işlendi.
2026-08-20 13:39:39 [INFO] [WS-4] Toplam 52100 adet veri paketi başarıyla işlendi.
2026-08-20 13:39:39 [INFO] [WS-1] Toplam 91700 adet veri paketi başarıyla işlendi.
2026-08-20 13:39:39 [INFO] [WS-2] Toplam 86300 adet veri paketi başarıyla işlendi.
2026-08-20 13:39:40 [INFO] [WS-3] Toplam 63800 adet veri paketi başarıyla işlendi.
2026-08-20 13:39:41 [INFO] [BİLGİ] CAPUSDT.P SMA 50'ye (Aşağı) dokundu. Referans: 0.070160, Hedef: 0.066652
2026-08-20 13:39:42 [INFO] [WS-1] Toplam 91800 adet veri paketi başarıyla işlendi.
2026-08-20 13:39:42 [INFO] [WS-2] Toplam 86400 adet veri paketi başarıyla işlendi.
2026-08-20 13:39:42 [INFO] [BİLGİ] ONEUSDT.P SMA 50'ye (Aşağı) dokundu. Referans: 0.000699, Hedef: 0.000664
2026-08-20 13:39:43 [INFO] [WS-4] Toplam 52200 adet veri paketi başarıyla işlendi.
2026-08-20 13:39:44 [INFO] [WS-3] Toplam 63900 adet veri paketi başarıyla işlendi.
2026-08-20 13:39:44 [INFO] [İPTAL] ONEUSDT.P tekrar SMA üstüne çıktı. Takip sıfırlandı.
2026-08-20 13:39:44 [INFO] [WS-1] Toplam 91900 adet veri paketi başarıyla işlendi.
2026-08-20 13:39:45 [INFO] [WS-2] Toplam 86500 adet veri paketi başarıyla işlendi.
2026-08-20 13:39:46 [ERROR] Failed to fetch updates - TelegramConflictError: Telegram server says - Conflict: terminated by other getUpdates request; make sure that only one bot instance is running
2026-08-20 13:39:46 [WARNING] Sleep for 2.829443 seconds and try again... (tryings = 4, bot id = 8154127903)
2026-08-20 13:39:46 [INFO] [WS-4] Toplam 52300 adet veri paketi başarıyla işlendi.
2026-08-20 13:39:47 [INFO] [WS-2] Toplam 86600 adet veri paketi başarıyla işlendi.
2026-08-20 13:39:47 [INFO] [WS-3] Toplam 64000 adet veri paketi başarıyla işlendi.
2026-08-20 13:39:48 [INFO] [WS-1] Toplam 92000 adet veri paketi başarıyla işlendi.
2026-08-20 13:39:48 [INFO] [BİLGİ] APRUSDT.P SMA 50'ye (Yukarı) dokundu. Referans: 0.183760, Hedef: 0.192948
2026-08-20 13:39:50 [INFO] [WS-2] Toplam 86700 adet veri paketi başarıyla işlendi.
2026-08-20 13:39:50 [INFO] [İPTAL] AIOTUSDT.P tekrar SMA üstüne çıktı. Takip sıfırlandı.
2026-08-20 13:39:50 [INFO] [WS-1] Toplam 92100 adet veri paketi başarıyla işlendi.
2026-08-20 13:39:50 [INFO] [WS-4] Toplam 52400 adet veri paketi başarıyla işlendi.
2026-08-20 13:39:51 [INFO] [WS-3] Toplam 64100 adet veri paketi başarıyla işlendi.
2026-08-20 13:39:52 [INFO] [WS-2] Toplam 86800 adet veri paketi başarıyla işlendi.
2026-08-20 13:39:52 [INFO] [WS-1] Toplam 92200 adet veri paketi başarıyla işlendi.
2026-08-20 13:39:53 [INFO] [WS-3] Toplam 64200 adet veri paketi başarıyla işlendi.
2026-08-20 13:39:53 [INFO] [ZAMAN AŞIMI] PAXGUSDT.P 15 dk içinde hedefe ulaşamadı. İptal edildi.
2026-08-20 13:39:53 [INFO] [WS-4] Toplam 52500 adet veri paketi başarıyla işlendi.
2026-08-20 13:39:54 [INFO] [WS-2] Toplam 86900 adet veri paketi başarıyla işlendi.
2026-08-20 13:39:55 [INFO] [WS-1] Toplam 92300 adet veri paketi başarıyla işlendi.
2026-08-20 13:39:55 [INFO] [İPTAL] ZILUSDT.P tekrar SMA üstüne çıktı. Takip sıfırlandı.
2026-08-20 13:39:55 [INFO] [BİLGİ] ZILUSDT.P SMA 50'ye (Aşağı) dokundu. Referans: 0.002437, Hedef: 0.002315
2026-08-20 13:39:56 [INFO] [WS-3] Toplam 64300 adet veri paketi başarıyla işlendi.
2026-08-20 13:39:56 [INFO] [İPTAL] USUSDT.P tekrar SMA üstüne çıktı. Takip sıfırlandı.
2026-08-20 13:39:57 [INFO] [WS-2] Toplam 87000 adet veri paketi başarıyla işlendi.
2026-08-20 13:39:57 [INFO] [WS-4] Toplam 52600 adet veri paketi başarıyla işlendi.
2026-08-20 13:39:57 [INFO] [WS-1] Toplam 92400 adet veri paketi başarıyla işlendi.
2026-08-20 13:39:57 [ERROR] Failed to fetch updates - TelegramConflictError: Telegram server says - Conflict: terminated by other getUpdates request; make sure that only one bot instance is running
2026-08-20 13:39:57 [WARNING] Sleep for 3.612719 seconds and try again... (tryings = 5, bot id = 8154127903)
2026-08-20 13:39:58 [INFO] [WS-3] Toplam 64400 adet veri paketi başarıyla işlendi.
2026-08-20 13:39:58 [INFO] [BİLGİ] RAYSOLUSDT.P SMA 50'ye (Aşağı) dokundu. Referans: 0.686730, Hedef: 0.652394
2026-08-20 13:39:59 [INFO] [WS-2] Toplam 87100 adet veri paketi başarıyla işlendi.
2026-08-20 13:39:59 [INFO] [İPTAL] JASMYUSDT.P tekrar SMA üstüne çıktı. Takip sıfırlandı.
2026-08-20 13:39:59 [INFO] [WS-1] Toplam 92500 adet veri paketi başarıyla işlendi.
2026-08-20 13:40:00 [INFO] [WS-4] Toplam 52700 adet veri paketi başarıyla işlendi.
2026-08-20 13:40:00 [INFO] [WS-3] Toplam 64500 adet veri paketi başarıyla işlendi.
2026-08-20 13:40:00 [INFO] [BİLGİ] AIOTUSDT.P SMA 50'ye (Aşağı) dokundu. Referans: 0.038014, Hedef: 0.036113
2026-08-20 13:40:01 [INFO] [WS-2] Toplam 87200 adet veri paketi başarıyla işlendi.
2026-08-20 13:40:01 [INFO] [WS-1] Toplam 92600 adet veri paketi başarıyla işlendi.
2026-08-20 13:40:01 [INFO] [BİLGİ] JASMYUSDT.P SMA 50'ye (Aşağı) dokundu. Referans: 0.003717, Hedef: 0.003531
2026-08-20 13:40:02 [INFO] [İPTAL] CAPUSDT.P tekrar SMA üstüne çıktı. Takip sıfırlandı.
2026-08-20 13:40:02 [INFO] [WS-2] Toplam 87300 adet veri paketi başarıyla işlendi.
2026-08-20 13:40:02 [INFO] [WS-1] Toplam 92700 adet veri paketi başarıyla işlendi.
2026-08-20 13:40:03 [INFO] [WS-3] Toplam 64600 adet veri paketi başarıyla işlendi.
2026-08-20 13:40:03 [INFO] [WS-4] Toplam 52800 adet veri paketi başarıyla işlendi.
2026-08-20 13:40:03 [INFO] [İPTAL] AEVOUSDT.P tekrar SMA üstüne çıktı. Takip sıfırlandı.
2026-08-20 13:40:03 [INFO] [WS-2] Toplam 87400 adet veri paketi başarıyla işlendi.
2026-08-20 13:40:03 [INFO] [WS-1] Toplam 92800 adet veri paketi başarıyla işlendi.
2026-08-20 13:40:03 [INFO] [WS-3] Toplam 64700 adet veri paketi başarıyla işlendi.
2026-08-20 13:40:05 [INFO] [WS-2] Toplam 87500 adet veri paketi başarıyla işlendi.
2026-08-20 13:40:05 [INFO] [WS-4] Toplam 52900 adet veri paketi başarıyla işlendi.
2026-08-20 13:40:05 [INFO] [WS-1] Toplam 92900 adet veri paketi başarıyla işlendi.
2026-08-20 13:40:06 [INFO] [WS-3] Toplam 64800 adet veri paketi başarıyla işlendi.
2026-08-20 13:40:06 [ERROR] Failed to fetch updates - TelegramConflictError: Telegram server says - Conflict: terminated by other getUpdates request; make sure that only one bot instance is running
2026-08-20 13:40:06 [WARNING] Sleep for 4.832454 seconds and try again... (tryings = 6, bot id = 8154127903)
2026-08-20 13:40:07 [INFO] [WS-2] Toplam 87600 adet veri paketi başarıyla işlendi.
2026-08-20 13:40:07 [INFO] [WS-1] Toplam 93000 adet veri paketi başarıyla işlendi.
2026-08-20 13:40:08 [INFO] [WS-4] Toplam 53000 adet veri paketi başarıyla işlendi.
2026-08-20 13:40:08 [INFO] [WS-3] Toplam 64900 adet veri paketi başarıyla işlendi.
2026-08-20 13:40:08 [INFO] [İPTAL] TRUMPUSDT.P tekrar SMA üstüne çıktı. Takip sıfırlandı.
2026-08-20 13:40:09 [INFO] [WS-1] Toplam 93100 adet veri paketi başarıyla işlendi.
2026-08-20 13:40:09 [INFO] [WS-2] Toplam 87700 adet veri paketi başarıyla işlendi.
2026-08-20 13:40:09 [INFO] [BİLGİ] TRUMPUSDT.P SMA 50'ye (Aşağı) dokundu. Referans: 1.6707, Hedef: 1.5872
2026-08-20 13:40:11 [INFO] [WS-3] Toplam 65000 adet veri paketi başarıyla işlendi.
2026-08-20 13:40:11 [INFO] [WS-4] Toplam 53100 adet veri paketi başarıyla işlendi.
2026-08-20 13:40:11 [INFO] [WS-1] Toplam 93200 adet veri paketi başarıyla işlendi.
2026-08-20 13:40:11 [INFO] [WS-2] Toplam 87800 adet veri paketi başarıyla işlendi.
2026-08-20 13:40:13 [INFO] [İPTAL] TRUMPUSDT.P tekrar SMA üstüne çıktı. Takip sıfırlandı.
2026-08-20 13:40:13 [INFO] [ZAMAN AŞIMI] TAGUSDT.P 15 dk içinde hedefe ulaşamadı. İptal edildi.
2026-08-20 13:40:13 [INFO] [WS-3] Toplam 65100 adet veri paketi başarıyla işlendi.
2026-08-20 13:40:14 [INFO] [WS-1] Toplam 93300 adet veri paketi başarıyla işlendi.
2026-08-20 13:40:14 [INFO] [BİLGİ] CAPUSDT.P SMA 50'ye (Aşağı) dokundu. Referans: 0.070165, Hedef: 0.066657
2026-08-20 13:40:14 [INFO] [WS-2] Toplam 87900 adet veri paketi başarıyla işlendi.
2026-08-20 13:40:14 [INFO] [BİLGİ] TRUMPUSDT.P SMA 50'ye (Aşağı) dokundu. Referans: 1.6707, Hedef: 1.5872
2026-08-20 13:40:14 [INFO] [WS-4] Toplam 53200 adet veri paketi başarıyla işlendi.
2026-08-20 13:40:14 [INFO] [İPTAL] TRUMPUSDT.P tekrar SMA üstüne çıktı. Takip sıfırlandı.
2026-08-20 13:40:15 [INFO] [WS-1] Toplam 93400 adet veri paketi başarıyla işlendi.
2026-08-20 13:40:15 [INFO] [WS-3] Toplam 65200 adet veri paketi başarıyla işlendi.
2026-08-20 13:40:15 [INFO] [WS-2] Toplam 88000 adet veri paketi başarıyla işlendi.
2026-08-20 13:40:15 [INFO] [BİLGİ] TRUMPUSDT.P SMA 50'ye (Aşağı) dokundu. Referans: 1.6707, Hedef: 1.5872
2026-08-20 13:40:16 [ERROR] Failed to fetch updates - TelegramConflictError: Telegram server says - Conflict: terminated by other getUpdates request; make sure that only one bot instance is running
2026-08-20 13:40:16 [WARNING] Sleep for 5.081155 seconds and try again... (tryings = 7, bot id = 8154127903)
2026-08-20 13:40:17 [INFO] [İPTAL] TRUMPUSDT.P tekrar SMA üstüne çıktı. Takip sıfırlandı.
2026-08-20 13:40:17 [INFO] [İPTAL] CAPUSDT.P tekrar SMA üstüne çıktı. Takip sıfırlandı.
2026-08-20 13:40:17 [INFO] [İPTAL] JASMYUSDT.P tekrar SMA üstüne çıktı. Takip sıfırlandı.
2026-08-20 13:40:17 [INFO] [WS-4] Toplam 53300 adet veri paketi başarıyla işlendi.
2026-08-20 13:40:17 [INFO] [WS-1] Toplam 93500 adet veri paketi başarıyla işlendi.
2026-08-20 13:40:17 [INFO] [WS-2] Toplam 88100 adet veri paketi başarıyla işlendi.
2026-08-20 13:40:18 [INFO] [WS-3] Toplam 65300 adet veri paketi başarıyla işlendi.
2026-08-20 13:40:19 [INFO] [BİLGİ] REDUSDT.P SMA 50'ye (Yukarı) dokundu. Referans: 0.112314, Hedef: 0.117930
2026-08-20 13:40:19 [INFO] [WS-1] Toplam 93600 adet veri paketi başarıyla işlendi.
2026-08-20 13:40:20 [INFO] [WS-2] Toplam 88200 adet veri paketi başarıyla işlendi.
2026-08-20 13:40:21 [INFO] [WS-4] Toplam 53400 adet veri paketi başarıyla işlendi.
2026-08-20 13:40:21 [INFO] [WS-3] Toplam 65400 adet veri paketi başarıyla işlendi.
2026-08-20 13:40:22 [INFO] [İPTAL] RIFUSDT.P tekrar SMA altına indi. Takip sıfırlandı.
2026-08-20 13:40:22 [INFO] [WS-1] Toplam 93700 adet veri paketi başarıyla işlendi.
2026-08-20 13:40:22 [INFO] [WS-2] Toplam 88300 adet veri paketi başarıyla işlendi.
2026-08-20 13:40:24 [INFO] [WS-3] Toplam 65500 adet veri paketi başarıyla işlendi.
2026-08-20 13:40:24 [INFO] [WS-1] Toplam 93800 adet veri paketi başarıyla işlendi.
2026-08-20 13:40:24 [INFO] [WS-4] Toplam 53500 adet veri paketi başarıyla işlendi.
2026-08-20 13:40:25 [INFO] [WS-2] Toplam 88400 adet veri paketi başarıyla işlendi.
2026-08-20 13:40:26 [INFO] [İPTAL] KOMAUSDT.P tekrar SMA üstüne çıktı. Takip sıfırlandı.
2026-08-20 13:40:27 [ERROR] Failed to fetch updates - TelegramConflictError: Telegram server says - Conflict: terminated by other getUpdates request; make sure that only one bot instance is running
2026-08-20 13:40:27 [WARNING] Sleep for 4.960235 seconds and try again... (tryings = 8, bot id = 8154127903)
2026-08-20 13:40:27 [INFO] [WS-1] Toplam 93900 adet veri paketi başarıyla işlendi.
2026-08-20 13:40:27 [INFO] [İPTAL] RAYSOLUSDT.P tekrar SMA üstüne çıktı. Takip sıfırlandı.
2026-08-20 13:40:27 [INFO] [İPTAL] APRUSDT.P tekrar SMA altına indi. Takip sıfırlandı.
2026-08-20 13:40:27 [INFO] [WS-3] Toplam 65600 adet veri paketi başarıyla işlendi.
2026-08-20 13:40:27 [INFO] [WS-2] Toplam 88500 adet veri paketi başarıyla işlendi.
2026-08-20 13:40:28 [INFO] [BİLGİ] RAYSOLUSDT.P SMA 50'ye (Aşağı) dokundu. Referans: 0.687122, Hedef: 0.652766
2026-08-20 13:40:28 [INFO] [WS-4] Toplam 53600 adet veri paketi başarıyla işlendi.
2026-08-20 13:40:29 [INFO] [WS-1] Toplam 94000 adet veri paketi başarıyla işlendi.
2026-08-20 13:40:30 [INFO] [WS-2] Toplam 88600 adet veri paketi başarıyla işlendi.
2026-08-20 13:40:30 [INFO] [BİLGİ] KOMAUSDT.P SMA 50'ye (Aşağı) dokundu. Referans: 0.012840, Hedef: 0.012198
2026-08-20 13:40:31 [INFO] [BİLGİ] APRUSDT.P SMA 50'ye (Yukarı) dokundu. Referans: 0.183726, Hedef: 0.192912
2026-08-20 13:40:31 [INFO] [WS-3] Toplam 65700 adet veri paketi başarıyla işlendi.
2026-08-20 13:40:32 [INFO] [WS-1] Toplam 94100 adet veri paketi başarıyla işlendi.
2026-08-20 13:40:33 [INFO] [WS-2] Toplam 88700 adet veri paketi başarıyla işlendi.
2026-08-20 13:40:33 [INFO] [WS-4] Toplam 53700 adet veri paketi başarıyla işlendi.
2026-08-20 13:40:34 [INFO] [WS-1] Toplam 94200 adet veri paketi başarıyla işlendi.
2026-08-20 13:40:34 [INFO] [WS-3] Toplam 65800 adet veri paketi başarıyla işlendi.
2026-08-20 13:40:35 [INFO] [WS-2] Toplam 88800 adet veri paketi başarıyla işlendi.
2026-08-20 13:40:35 [INFO] [BİLGİ] DOSUSDT.P SMA 50'ye (Aşağı) dokundu. Referans: 0.237384, Hedef: 0.225515
2026-08-20 13:40:36 [INFO] [WS-4] Toplam 53800 adet veri paketi başarıyla işlendi.
2026-08-20 13:40:36 [INFO] [WS-1] Toplam 94300 adet veri paketi başarıyla işlendi.
2026-08-20 13:40:37 [ERROR] Failed to fetch updates - TelegramConflictError: Telegram server says - Conflict: terminated by other getUpdates request; make sure that only one bot instance is running
2026-08-20 13:40:37 [WARNING] Sleep for 4.946718 seconds and try again... (tryings = 9, bot id = 8154127903)
2026-08-20 13:40:37 [INFO] [İPTAL] DOSUSDT.P tekrar SMA üstüne çıktı. Takip sıfırlandı.
2026-08-20 13:40:37 [INFO] [WS-3] Toplam 65900 adet veri paketi başarıyla işlendi.
2026-08-20 13:40:38 [INFO] [WS-2] Toplam 88900 adet veri paketi başarıyla işlendi.
2026-08-20 13:40:38 [INFO] [WS-1] Toplam 94400 adet veri paketi başarıyla işlendi.
2026-08-20 13:40:40 [INFO] [WS-4] Toplam 53900 adet veri paketi başarıyla işlendi.
2026-08-20 13:40:41 [INFO] [WS-2] Toplam 89000 adet veri paketi başarıyla işlendi.
2026-08-20 13:40:41 [INFO] [WS-1] Toplam 94500 adet veri paketi başarıyla işlendi.
2026-08-20 13:40:41 [INFO] [WS-3] Toplam 66000 adet veri paketi başarıyla işlendi.
2026-08-20 13:40:43 [INFO] [WS-2] Toplam 89100 adet veri paketi başarıyla işlendi.
2026-08-20 13:40:44 [INFO] [BİLGİ] HUSDT.P SMA 50'ye (Yukarı) dokundu. Referans: 0.083224, Hedef: 0.087385
2026-08-20 13:40:44 [INFO] [WS-1] Toplam 94600 adet veri paketi başarıyla işlendi.
2026-08-20 13:40:45 [INFO] [WS-4] Toplam 54000 adet veri paketi başarıyla işlendi.
2026-08-20 13:40:45 [INFO] [WS-3] Toplam 66100 adet veri paketi başarıyla işlendi.
2026-08-20 13:40:46 [INFO] [WS-2] Toplam 89200 adet veri paketi başarıyla işlendi.
2026-08-20 13:40:47 [ERROR] Failed to fetch updates - TelegramConflictError: Telegram server says - Conflict: terminated by other getUpdates request; make sure that only one bot instance is running
2026-08-20 13:40:47 [WARNING] Sleep for 4.982094 seconds and try again... (tryings = 10, bot id = 8154127903)
2026-08-20 13:40:47 [INFO] [WS-1] Toplam 94700 adet veri paketi başarıyla işlendi.
2026-08-20 13:40:47 [INFO] [İPTAL] APRUSDT.P tekrar SMA altına indi. Takip sıfırlandı.
2026-08-20 13:40:47 [INFO] [İPTAL] KOMAUSDT.P tekrar SMA üstüne çıktı. Takip sıfırlandı.
2026-08-20 13:40:49 [INFO] [WS-4] Toplam 54100 adet veri paketi başarıyla işlendi.
2026-08-20 13:40:49 [INFO] [WS-2] Toplam 89300 adet veri paketi başarıyla işlendi.
2026-08-20 13:40:49 [INFO] [WS-3] Toplam 66200 adet veri paketi başarıyla işlendi.
2026-08-20 13:40:50 [INFO] [WS-1] Toplam 94800 adet veri paketi başarıyla işlendi.
2026-08-20 13:40:51 [INFO] [İPTAL] XNYUSDT.P tekrar SMA üstüne çıktı. Takip sıfırlandı.
2026-08-20 13:40:52 [INFO] [WS-2] Toplam 89400 adet veri paketi başarıyla işlendi.
2026-08-20 13:40:52 [INFO] [WS-1] Toplam 94900 adet veri paketi başarıyla işlendi.
2026-08-20 13:40:53 [INFO] [WS-4] Toplam 54200 adet veri paketi başarıyla işlendi.
2026-08-20 13:40:53 [INFO] [WS-3] Toplam 66300 adet veri paketi başarıyla işlendi.
2026-08-20 13:40:53 [INFO] [BİLGİ] APRUSDT.P SMA 50'ye (Yukarı) dokundu. Referans: 0.183726, Hedef: 0.192912
2026-08-20 13:40:54 [INFO] [WS-2] Toplam 89500 adet veri paketi başarıyla işlendi.
2026-08-20 13:40:54 [INFO] [WS-1] Toplam 95000 adet veri paketi başarıyla işlendi.
2026-08-20 13:40:55 [INFO] [BİLGİ] RIFUSDT.P SMA 50'ye (Yukarı) dokundu. Referans: 0.077149, Hedef: 0.081007
2026-08-20 13:40:55 [INFO] [BİLGİ] XNYUSDT.P SMA 50'ye (Aşağı) dokundu. Referans: 0.007268, Hedef: 0.006904
2026-08-20 13:40:56 [ERROR] Failed to fetch updates - TelegramConflictError: Telegram server says - Conflict: terminated by other getUpdates request; make sure that only one bot instance is running
2026-08-20 13:40:56 [WARNING] Sleep for 4.926030 seconds and try again... (tryings = 11, bot id = 8154127903)
2026-08-20 13:40:56 [INFO] [WS-4] Toplam 54300 adet veri paketi başarıyla işlendi.
2026-08-20 13:40:56 [INFO] [WS-2] Toplam 89600 adet veri paketi başarıyla işlendi.
2026-08-20 13:40:56 [INFO] [WS-3] Toplam 66400 adet veri paketi başarıyla işlendi.
2026-08-20 13:40:57 [INFO] [WS-1] Toplam 95100 adet veri paketi başarıyla işlendi.
2026-08-20 13:40:58 [INFO] [İPTAL] XNYUSDT.P tekrar SMA üstüne çıktı. Takip sıfırlandı.
2026-08-20 13:40:59 [INFO] [WS-1] Toplam 95200 adet veri paketi başarıyla işlendi.
2026-08-20 13:40:59 [INFO] [WS-2] Toplam 89700 adet veri paketi başarıyla işlendi.
2026-08-20 13:41:00 [INFO] [BİLGİ] XNYUSDT.P SMA 50'ye (Aşağı) dokundu. Referans: 0.007268, Hedef: 0.006904
2026-08-20 13:41:00 [INFO] [İPTAL] RIFUSDT.P tekrar SMA altına indi. Takip sıfırlandı.
2026-08-20 13:41:00 [INFO] [WS-3] Toplam 66500 adet veri paketi başarıyla işlendi.
2026-08-20 13:41:00 [INFO] [WS-2] Toplam 89800 adet veri paketi başarıyla işlendi.
2026-08-20 13:41:00 [INFO] [WS-4] Toplam 54400 adet veri paketi başarıyla işlendi.
2026-08-20 13:41:01 [INFO] [BİLGİ] TRUMPUSDT.P SMA 50'ye (Aşağı) dokundu. Referans: 1.6707, Hedef: 1.5872
2026-08-20 13:41:01 [INFO] [WS-1] Toplam 95300 adet veri paketi başarıyla işlendi.
2026-08-20 13:41:02 [INFO] [WS-3] Toplam 66600 adet veri paketi başarıyla işlendi.
2026-08-20 13:41:02 [INFO] [WS-2] Toplam 89900 adet veri paketi başarıyla işlendi.
2026-08-20 13:41:03 [INFO] [WS-4] Toplam 54500 adet veri paketi başarıyla işlendi.
2026-08-20 13:41:03 [INFO] [İPTAL] TRUMPUSDT.P tekrar SMA üstüne çıktı. Takip sıfırlandı.
2026-08-20 13:41:03 [INFO] [WS-1] Toplam 95400 adet veri paketi başarıyla işlendi.
2026-08-20 13:41:04 [INFO] [BİLGİ] KOMAUSDT.P SMA 50'ye (Aşağı) dokundu. Referans: 0.012840, Hedef: 0.012198
2026-08-20 13:41:04 [INFO] [WS-2] Toplam 90000 adet veri paketi başarıyla işlendi.
2026-08-20 13:41:04 [INFO] [BİLGİ] TRUMPUSDT.P SMA 50'ye (Aşağı) dokundu. Referans: 1.6707, Hedef: 1.5872
2026-08-20 13:41:04 [INFO] [WS-3] Toplam 66700 adet veri paketi başarıyla işlendi.
2026-08-20 13:41:04 [INFO] [İPTAL] TRUMPUSDT.P tekrar SMA üstüne çıktı. Takip sıfırlandı.
2026-08-20 13:41:05 [INFO] [İPTAL] APRUSDT.P tekrar SMA altına indi. Takip sıfırlandı.
2026-08-20 13:41:06 [INFO] [WS-1] Toplam 95500 adet veri paketi başarıyla işlendi.
2026-08-20 13:41:06 [INFO] [WS-4] Toplam 54600 adet veri paketi başarıyla işlendi.
2026-08-20 13:41:06 [ERROR] Failed to fetch updates - TelegramConflictError: Telegram server says - Conflict: terminated by other getUpdates request; make sure that only one bot instance is running
2026-08-20 13:41:06 [WARNING] Sleep for 5.069181 seconds and try again... (tryings = 12, bot id = 8154127903)
2026-08-20 13:41:06 [INFO] [WS-2] Toplam 90100 adet veri paketi başarıyla işlendi.
2026-08-20 13:41:07 [INFO] [WS-3] Toplam 66800 adet veri paketi başarıyla işlendi.
2026-08-20 13:41:07 [INFO] [BİLGİ] DOSUSDT.P SMA 50'ye (Aşağı) dokundu. Referans: 0.237384, Hedef: 0.225515
2026-08-20 13:41:08 [WARNING] Received SIGTERM signal
2026-08-20 13:41:08 [INFO] Polling stopped for bot @Kripto_tarama_bot id=8154127903 - 'Tarama'
2026-08-20 13:41:08 [INFO] Polling stopped
2026-08-20 13:41:08 [INFO] [BİLGİ] APRUSDT.P SMA 50'ye (Yukarı) dokundu. Referans: 0.183726, Hedef: 0.192912
2026-08-20 13:41:08 [INFO] [WS-2] Toplam 90200 adet veri paketi başarıyla işlendi.
2026-08-20 13:41:08 [INFO] [WS-1] Toplam 95600 adet veri paketi başarıyla işlendi.
2026-08-20 13:41:09 [INFO] [BİLGİ] TRUMPUSDT.P SMA 50'ye (Aşağı) dokundu. Referans: 1.6707, Hedef: 1.5872
2026-08-20 13:41:09 [INFO] [WS-4] Toplam 54700 adet veri paketi başarıyla işlendi.
2026-08-20 13:41:10 [INFO] [WS-3] Toplam 66900 adet veri paketi başarıyla işlendi.
2026-08-20 13:41:11 [INFO] [WS-1] Toplam 95700 adet veri paketi başarıyla işlendi.
2026-08-20 13:41:11 [INFO] [İPTAL] DOSUSDT.P tekrar SMA üstüne çıktı. Takip sıfırlandı.
2026-08-20 13:41:11 [INFO] [WS-2] Toplam 90300 adet veri paketi başarıyla işlendi.
2026-08-20 13:41:12 [INFO] [İPTAL] TRUMPUSDT.P tekrar SMA üstüne çıktı. Takip sıfırlandı.
2026-08-20 13:41:13 [INFO] [WS-1] Toplam 95800 adet veri paketi başarıyla işlendi.
2026-08-20 13:41:13 [INFO] [WS-4] Toplam 54800 adet veri paketi başarıyla işlendi.
2026-08-20 13:41:13 [INFO] [WS-2] Toplam 90400 adet veri paketi başarıyla işlendi.
2026-08-20 13:41:13 [INFO] [WS-3] Toplam 67000 adet veri paketi başarıyla işlendi.
2026-08-20 13:41:13 [INFO] [BİLGİ] TRUMPUSDT.P SMA 50'ye (Aşağı) dokundu. Referans: 1.6707, Hedef: 1.5872
2026-08-20 13:41:13 [INFO] [İPTAL] KOMAUSDT.P tekrar SMA üstüne çıktı. Takip sıfırlandı.
2026-08-20 13:41:13 [INFO] [İPTAL] APRUSDT.P tekrar SMA altına indi. Takip sıfırlandı.
2026-08-20 13:41:14 [INFO] [İPTAL] TRUMPUSDT.P tekrar SMA üstüne çıktı. Takip sıfırlandı.
2026-08-20 13:41:14 [INFO] [BİLGİ] DODOXUSDT.P SMA 50'ye (Aşağı) dokundu. Referans: 0.020108, Hedef: 0.019103
2026-08-20 13:41:14 [INFO] [WS-1] Toplam 95900 adet veri paketi başarıyla işlendi.
2026-08-20 13:41:14 [INFO] [WS-2] Toplam 90500 adet veri paketi başarıyla işlendi.
2026-08-20 13:41:15 [INFO] [İPTAL] DODOXUSDT.P tekrar SMA üstüne çıktı. Takip sıfırlandı.
2026-08-20 13:41:15 [INFO] [WS-3] Toplam 67100 adet veri paketi başarıyla işlendi.
2026-08-20 13:41:15 [INFO] [WS-1] Toplam 96000 adet veri paketi başarıyla işlendi.
2026-08-20 13:41:16 [INFO] [WS-4] Toplam 54900 adet veri paketi başarıyla işlendi.
2026-08-20 13:41:16 [INFO] [BİLGİ] DODOXUSDT.P SMA 50'ye (Aşağı) dokundu. Referans: 0.020108, Hedef: 0.019103
2026-08-20 13:41:16 [INFO] [WS-2] Toplam 90600 adet veri paketi başarıyla işlendi.
2026-08-20 13:41:17 [INFO] [WS-3] Toplam 67200 adet veri paketi başarıyla işlendi.
2026-08-20 13:41:17 [INFO] [WS-1] Toplam 96100 adet veri paketi başarıyla işlendi.
2026-08-20 13:41:17 [INFO] [BİLGİ] APRUSDT.P SMA 50'ye (Yukarı) dokundu. Referans: 0.183728, Hedef: 0.192914
2026-08-20 13:41:18 [INFO] [WS-2] Toplam 90700 adet veri paketi başarıyla işlendi.
2026-08-20 13:41:19 [INFO] [WS-1] Toplam 96200 adet veri paketi başarıyla işlendi.
2026-08-20 13:41:19 [INFO] [WS-4] Toplam 55000 adet veri paketi başarıyla işlendi.
2026-08-20 13:41:20 [INFO] [WS-3] Toplam 67300 adet veri paketi başarıyla işlendi.
2026-08-20 13:41:20 [INFO] [WS-2] Toplam 90800 adet veri paketi başarıyla işlendi.
2026-08-20 13:41:22 [INFO] [İPTAL] DODOXUSDT.P tekrar SMA üstüne çıktı. Takip sıfırlandı.
2026-08-20 13:41:22 [INFO] [WS-1] Toplam 96300 adet veri paketi başarıyla işlendi.
2026-08-20 13:41:22 [INFO] [ZAMAN AŞIMI] XAUTUSDT.P 15 dk içinde hedefe ulaşamadı. İptal edildi.
2026-08-20 13:41:23 [INFO] [WS-3] Toplam 67400 adet veri paketi başarıyla işlendi.
2026-08-20 13:41:23 [INFO] [BİLGİ] EVAAUSDT.P SMA 50'ye (Yukarı) dokundu. Referans: 0.765998, Hedef: 0.804298
2026-08-20 13:41:23 [INFO] [WS-2] Toplam 90900 adet veri paketi başarıyla işlendi.
2026-08-20 13:41:23 [INFO] [WS-4] Toplam 55100 adet veri paketi başarıyla işlendi.
2026-08-20 13:41:23 [INFO] [WS-1] Toplam 96400 adet veri paketi başarıyla işlendi.
2026-08-20 13:41:24 [INFO] [BİLGİ] ESPORTSUSDT.P SMA 50'ye (Aşağı) dokundu. Referans: 0.016214, Hedef: 0.015403
2026-08-20 13:41:25 [INFO] [BİLGİ] AEVOUSDT.P SMA 50'ye (Aşağı) dokundu. Referans: 0.022033, Hedef: 0.020932
2026-08-20 13:41:25 [INFO] [WS-2] Toplam 91000 adet veri paketi başarıyla işlendi.
2026-08-20 13:41:26 [INFO] [WS-1] Toplam 96500 adet veri paketi başarıyla işlendi.
2026-08-20 13:41:26 [INFO] [BİLGİ] TRUMPUSDT.P SMA 50'ye (Aşağı) dokundu. Referans: 1.6707, Hedef: 1.5872
2026-08-20 13:41:26 [INFO] [İPTAL] ESPORTSUSDT.P tekrar SMA üstüne çıktı. Takip sıfırlandı.
2026-08-20 13:41:26 [INFO] [WS-3] Toplam 67500 adet veri paketi başarıyla işlendi.
2026-08-20 13:41:26 [INFO] [WS-4] Toplam 55200 adet veri paketi başarıyla işlendi.
2026-08-20 13:41:27 [INFO] [WS-2] Toplam 91100 adet veri paketi başarıyla işlendi.
2026-08-20 13:41:28 [INFO] [BİLGİ] RIFUSDT.P SMA 50'ye (Yukarı) dokundu. Referans: 0.077149, Hedef: 0.081007
2026-08-20 13:41:28 [INFO] [WS-1] Toplam 96600 adet veri paketi başarıyla işlendi.
2026-08-20 13:41:28 [INFO] [BİLGİ] ESPORTSUSDT.P SMA 50'ye (Aşağı) dokundu. Referans: 0.016214, Hedef: 0.015403
2026-08-20 13:41:29 [INFO] [WS-2] Toplam 91200 adet veri paketi başarıyla işlendi.
2026-08-20 13:41:29 [INFO] [WS-1] Toplam 96700 adet veri paketi başarıyla işlendi.
2026-08-20 13:41:30 [INFO] [WS-3] Toplam 67600 adet veri paketi başarıyla işlendi.
2026-08-20 13:41:31 [INFO] [WS-4] Toplam 55300 adet veri paketi başarıyla işlendi.
2026-08-20 13:41:31 [INFO] [İPTAL] TRUMPUSDT.P tekrar SMA üstüne çıktı. Takip sıfırlandı.
2026-08-20 13:41:31 [INFO] [WS-2] Toplam 91300 adet veri paketi başarıyla işlendi.
2026-08-20 13:41:32 [INFO] [WS-1] Toplam 96800 adet veri paketi başarıyla işlendi.
2026-08-20 13:41:33 [INFO] [WS-3] Toplam 67700 adet veri paketi başarıyla işlendi.
2026-08-20 13:41:33 [INFO] [WS-2] Toplam 91400 adet veri paketi başarıyla işlendi.
2026-08-20 13:41:33 [INFO] [BİLGİ] TRUMPUSDT.P SMA 50'ye (Aşağı) dokundu. Referans: 1.6707, Hedef: 1.5872
2026-08-20 13:41:34 [INFO] [İPTAL] ESPORTSUSDT.P tekrar SMA üstüne çıktı. Takip sıfırlandı.
2026-08-20 13:41:34 [INFO] [WS-1] Toplam 96900 adet veri paketi başarıyla işlendi.
2026-08-20 13:41:34 [INFO] [BİLGİ] ESPORTSUSDT.P SMA 50'ye (Aşağı) dokundu. Referans: 0.016214, Hedef: 0.015403
2026-08-20 13:41:35 [INFO] [WS-4] Toplam 55400 adet veri paketi başarıyla işlendi.
2026-08-20 13:41:35 [INFO] [WS-3] Toplam 67800 adet veri paketi başarıyla işlendi.
2026-08-20 13:41:36 [INFO] [WS-2] Toplam 91500 adet veri paketi başarıyla işlendi.
2026-08-20 13:41:36 [INFO] [WS-1] Toplam 97000 adet veri paketi başarıyla işlendi.
2026-08-20 13:41:37 [INFO] [İPTAL] TRUMPUSDT.P tekrar SMA üstüne çıktı. Takip sıfırlandı.
2026-08-20 13:41:37 [INFO] [BİLGİ] OPENUSDT.P SMA 50'ye (Aşağı) dokundu. Referans: 0.160024, Hedef: 0.152023
2026-08-20 13:41:38 [INFO] [BİLGİ] TRUMPUSDT.P SMA 50'ye (Aşağı) dokundu. Referans: 1.6707, Hedef: 1.5872
2026-08-20 13:41:38 [INFO] [WS-2] Toplam 91600 adet veri paketi başarıyla işlendi.
2026-08-20 13:41:38 [INFO] [WS-3] Toplam 67900 adet veri paketi başarıyla işlendi.
2026-08-20 13:41:39 [INFO] [WS-1] Toplam 97100 adet veri paketi başarıyla işlendi.
2026-08-20 13:41:39 [INFO] [WS-4] Toplam 55500 adet veri paketi başarıyla işlendi.
2026-08-20 13:41:39 [INFO] [İPTAL] APRUSDT.P tekrar SMA altına indi. Takip sıfırlandı.
2026-08-20 13:41:40 [INFO] [BİLGİ] ALCHUSDT.P SMA 50'ye (Aşağı) dokundu. Referans: 0.027066, Hedef: 0.025712
2026-08-20 13:41:40 [INFO] [WS-2] Toplam 91700 adet veri paketi başarıyla işlendi.
2026-08-20 13:41:40 [INFO] [WS-1] Toplam 97200 adet veri paketi başarıyla işlendi.
2026-08-20 13:41:41 [INFO] [BİLGİ] KOMAUSDT.P SMA 50'ye (Aşağı) dokundu. Referans: 0.012840, Hedef: 0.012198
2026-08-20 13:41:42 [INFO] [WS-3] Toplam 68000 adet veri paketi başarıyla işlendi.
2026-08-20 13:41:43 [INFO] [BİLGİ] YFIUSDT.P SMA 50'ye (Aşağı) dokundu. Referans: 2123.16, Hedef: 2017.00
2026-08-20 13:41:43 [INFO] [WS-2] Toplam 91800 adet veri paketi başarıyla işlendi.
2026-08-20 13:41:43 [INFO] [WS-4] Toplam 55600 adet veri paketi başarıyla işlendi.
2026-08-20 13:41:43 [INFO] [WS-1] Toplam 97300 adet veri paketi başarıyla işlendi.
2026-08-20 13:41:43 [INFO] [İPTAL] TRUMPUSDT.P tekrar SMA üstüne çıktı. Takip sıfırlandı.
2026-08-20 13:41:44 [INFO] [WS-1] Toplam 97400 adet veri paketi başarıyla işlendi.
2026-08-20 13:41:44 [INFO] [WS-2] Toplam 91900 adet veri paketi başarıyla işlendi.
2026-08-20 13:41:44 [INFO] [İPTAL] ALCHUSDT.P tekrar SMA üstüne çıktı. Takip sıfırlandı.
2026-08-20 13:41:44 [INFO] [WS-3] Toplam 68100 adet veri paketi başarıyla işlendi.
2026-08-20 13:41:46 [INFO] [WS-1] Toplam 97500 adet veri paketi başarıyla işlendi.
2026-08-20 13:41:46 [INFO] [WS-4] Toplam 55700 adet veri paketi başarıyla işlendi.
2026-08-20 13:41:46 [INFO] [İPTAL] REDUSDT.P tekrar SMA altına indi. Takip sıfırlandı.
2026-08-20 13:41:47 [INFO] [WS-2] Toplam 92000 adet veri paketi başarıyla işlendi.
2026-08-20 13:41:47 [INFO] [WS-3] Toplam 68200 adet veri paketi başarıyla işlendi.
2026-08-20 13:41:48 [INFO] [İPTAL] INUSDT.P tekrar SMA altına indi. Takip sıfırlandı.
2026-08-20 13:41:48 [INFO] [BİLGİ] PIEVERSEUSDT.P SMA 50'ye (Yukarı) dokundu. Referans: 0.946256, Hedef: 0.993569
2026-08-20 13:41:48 [INFO] [WS-1] Toplam 97600 adet veri paketi başarıyla işlendi.
2026-08-20 13:41:48 [INFO] [WS-2] Toplam 92100 adet veri paketi başarıyla işlendi.
2026-08-20 13:41:49 [INFO] [WS-4] Toplam 55800 adet veri paketi başarıyla işlendi.
2026-08-20 13:41:49 [INFO] [WS-3] Toplam 68300 adet veri paketi başarıyla işlendi.
2026-08-20 13:41:50 [INFO] [İPTAL] KOMAUSDT.P tekrar SMA üstüne çıktı. Takip sıfırlandı.
2026-08-20 13:41:50 [INFO] [İPTAL] ESPORTSUSDT.P tekrar SMA üstüne çıktı. Takip sıfırlandı.
2026-08-20 13:41:50 [INFO] [WS-1] Toplam 97700 adet veri paketi başarıyla işlendi.
2026-08-20 13:41:51 [INFO] [WS-2] Toplam 92200 adet veri paketi başarıyla işlendi.
2026-08-20 13:41:51 [INFO] [İPTAL] HUSDT.P tekrar SMA altına indi. Takip sıfırlandı.
2026-08-20 13:41:51 [INFO] [BİLGİ] ESPORTSUSDT.P SMA 50'ye (Aşağı) dokundu. Referans: 0.016214, Hedef: 0.015403
2026-08-20 13:41:52 [INFO] [WS-3] Toplam 68400 adet veri paketi başarıyla işlendi.
2026-08-20 13:41:52 [INFO] [WS-1] Toplam 97800 adet veri paketi başarıyla işlendi.
2026-08-20 13:41:52 [INFO] [BİLGİ] DODOXUSDT.P SMA 50'ye (Aşağı) dokundu. Referans: 0.020108, Hedef: 0.019103
2026-08-20 13:41:53 [INFO] [BİLGİ] HUSDT.P SMA 50'ye (Yukarı) dokundu. Referans: 0.083222, Hedef: 0.087384
2026-08-20 13:41:53 [INFO] [WS-2] Toplam 92300 adet veri paketi başarıyla işlendi.
2026-08-20 13:41:53 [INFO] [WS-4] Toplam 55900 adet veri paketi başarıyla işlendi.
2026-08-20 13:41:53 [INFO] [BİLGİ] TRUMPUSDT.P SMA 50'ye (Aşağı) dokundu. Referans: 1.6707, Hedef: 1.5872
2026-08-20 13:41:54 [INFO] [WS-1] Toplam 97900 adet veri paketi başarıyla işlendi.
2026-08-20 13:41:54 [INFO] [BİLGİ] B2USDT.P SMA 50'ye (Yukarı) dokundu. Referans: 0.454890, Hedef: 0.477634
2026-08-20 13:41:54 [INFO] [WS-3] Toplam 68500 adet veri paketi başarıyla işlendi.
2026-08-20 13:41:54 [INFO] [WS-2] Toplam 92400 adet veri paketi başarıyla işlendi.
2026-08-20 13:41:54 [INFO] [İPTAL] TRUMPUSDT.P tekrar SMA üstüne çıktı. Takip sıfırlandı.
2026-08-20 13:41:56 [INFO] [WS-1] Toplam 98000 adet veri paketi başarıyla işlendi.
2026-08-20 13:41:56 [INFO] [WS-4] Toplam 56000 adet veri paketi başarıyla işlendi.
2026-08-20 13:41:56 [INFO] [İPTAL] DODOXUSDT.P tekrar SMA üstüne çıktı. Takip sıfırlandı.
2026-08-20 13:41:56 [INFO] [WS-2] Toplam 92500 adet veri paketi başarıyla işlendi.
2026-08-20 13:41:56 [INFO] [WS-3] Toplam 68600 adet veri paketi başarıyla işlendi.
2026-08-20 13:41:57 [INFO] [İPTAL] PIEVERSEUSDT.P tekrar SMA altına indi. Takip sıfırlandı.
2026-08-20 13:41:58 [INFO] [İPTAL] HUSDT.P tekrar SMA altına indi. Takip sıfırlandı.
2026-08-20 13:41:58 [INFO] [WS-1] Toplam 98100 adet veri paketi başarıyla işlendi.
2026-08-20 13:41:58 [INFO] [WS-2] Toplam 92600 adet veri paketi başarıyla işlendi.
2026-08-20 13:41:59 [INFO] [BİLGİ] HUSDT.P SMA 50'ye (Yukarı) dokundu. Referans: 0.083222, Hedef: 0.087383
2026-08-20 13:41:59 [INFO] [WS-4] Toplam 56100 adet veri paketi başarıyla işlendi.
2026-08-20 13:41:59 [INFO] [WS-3] Toplam 68700 adet veri paketi başarıyla işlendi.
2026-08-20 13:41:59 [INFO] [BİLGİ] DODOXUSDT.P SMA 50'ye (Aşağı) dokundu. Referans: 0.020108, Hedef: 0.019103
2026-08-20 13:41:59 [INFO] [WS-1] Toplam 98200 adet veri paketi başarıyla işlendi.
2026-08-20 13:42:00 [INFO] [WS-2] Toplam 92700 adet veri paketi başarıyla işlendi.
2026-08-20 13:42:00 [INFO] [WS-3] Toplam 68800 adet veri paketi başarıyla işlendi.
2026-08-20 13:42:00 [INFO] [İPTAL] B2USDT.P tekrar SMA altına indi. Takip sıfırlandı.
2026-08-20 13:42:00 [INFO] [İPTAL] RAYSOLUSDT.P tekrar SMA üstüne çıktı. Takip sıfırlandı.
2026-08-20 13:42:01 [INFO] [WS-2] Toplam 92800 adet veri paketi başarıyla işlendi.
2026-08-20 13:42:01 [INFO] [WS-1] Toplam 98300 adet veri paketi başarıyla işlendi.
2026-08-20 13:42:01 [INFO] [WS-4] Toplam 56200 adet veri paketi başarıyla işlendi.
2026-08-20 13:42:02 [INFO] [BİLGİ] KOMAUSDT.P SMA 50'ye (Aşağı) dokundu. Referans: 0.012840, Hedef: 0.012198
2026-08-20 13:42:02 [INFO] [WS-3] Toplam 68900 adet veri paketi başarıyla işlendi.
2026-08-20 13:42:02 [INFO] [BİLGİ] TRUMPUSDT.P SMA 50'ye (Aşağı) dokundu. Referans: 1.6707, Hedef: 1.5872
2026-08-20 13:42:02 [INFO] [WS-2] Toplam 92900 adet veri paketi başarıyla işlendi.
2026-08-20 13:42:03 [INFO] [WS-1] Toplam 98400 adet veri paketi başarıyla işlendi.
2026-08-20 13:42:03 [INFO] [WS-4] Toplam 56300 adet veri paketi başarıyla işlendi.
2026-08-20 13:42:04 [INFO] [WS-3] Toplam 69000 adet veri paketi başarıyla işlendi.
2026-08-20 13:42:04 [INFO] [İPTAL] KOMAUSDT.P tekrar SMA üstüne çıktı. Takip sıfırlandı.
2026-08-20 13:42:04 [INFO] [WS-2] Toplam 93000 adet veri paketi başarıyla işlendi.
2026-08-20 13:42:04 [INFO] [WS-1] Toplam 98500 adet veri paketi başarıyla işlendi.
2026-08-20 13:42:06 [INFO] [WS-3] Toplam 69100 adet veri paketi başarıyla işlendi.
2026-08-20 13:42:06 [INFO] [BİLGİ] NIGHTUSDT.P SMA 50'ye (Yukarı) dokundu. Referans: 0.019575, Hedef: 0.020554
2026-08-20 13:42:06 [INFO] [WS-2] Toplam 93100 adet veri paketi başarıyla işlendi.
2026-08-20 13:42:06 [INFO] [WS-1] Toplam 98600 adet veri paketi başarıyla işlendi.
2026-08-20 13:42:06 [INFO] [İPTAL] HUSDT.P tekrar SMA altına indi. Takip sıfırlandı.
2026-08-20 13:42:06 [INFO] [WS-4] Toplam 56400 adet veri paketi başarıyla işlendi.
2026-08-20 13:42:06 [INFO] [İPTAL] TRUMPUSDT.P tekrar SMA üstüne çıktı. Takip sıfırlandı.
2026-08-20 13:42:07 [INFO] [BİLGİ] TRUMPUSDT.P SMA 50'ye (Aşağı) dokundu. Referans: 1.6707, Hedef: 1.5872
2026-08-20 13:42:08 [INFO] [WS-2] Toplam 93200 adet veri paketi başarıyla işlendi.
2026-08-20 13:42:08 [INFO] [ZAMAN AŞIMI] XANUSDT.P 15 dk içinde hedefe ulaşamadı. İptal edildi.
2026-08-20 13:42:08 [INFO] [WS-3] Toplam 69200 adet veri paketi başarıyla işlendi.
2026-08-20 13:42:08 [INFO] [WS-1] Toplam 98700 adet veri paketi başarıyla işlendi.
2026-08-20 13:42:09 [INFO] [WS-4] Toplam 56500 adet veri paketi başarıyla işlendi.
2026-08-20 13:42:10 [INFO] [WS-2] Toplam 93300 adet veri paketi başarıyla işlendi.
2026-08-20 13:42:11 [INFO] [WS-1] Toplam 98800 adet veri paketi başarıyla işlendi.
2026-08-20 13:42:11 [INFO] [WS-3] Toplam 69300 adet veri paketi başarıyla işlendi.
2026-08-20 13:42:11 [INFO] [İPTAL] LYNUSDT.P tekrar SMA üstüne çıktı. Takip sıfırlandı.
2026-08-20 13:42:12 [INFO] [WS-2] Toplam 93400 adet veri paketi başarıyla işlendi.
2026-08-20 13:42:12 [INFO] [WS-4] Toplam 56600 adet veri paketi başarıyla işlendi.
2026-08-20 13:42:13 [INFO] [WS-1] Toplam 98900 adet veri paketi başarıyla işlendi.
2026-08-20 13:42:14 [INFO] [WS-3] Toplam 69400 adet veri paketi başarıyla işlendi.
2026-08-20 13:42:14 [INFO] [BİLGİ] DOSUSDT.P SMA 50'ye (Aşağı) dokundu. Referans: 0.237384, Hedef: 0.225515
2026-08-20 13:42:14 [INFO] [WS-2] Toplam 93500 adet veri paketi başarıyla işlendi.
2026-08-20 13:42:15 [INFO] [İPTAL] YFIUSDT.P tekrar SMA üstüne çıktı. Takip sıfırlandı.
2026-08-20 13:42:15 [INFO] [WS-1] Toplam 99000 adet veri paketi başarıyla işlendi.
2026-08-20 13:42:15 [INFO] [BİLGİ] B2USDT.P SMA 50'ye (Yukarı) dokundu. Referans: 0.454894, Hedef: 0.477639
2026-08-20 13:42:15 [INFO] [WS-4] Toplam 56700 adet veri paketi başarıyla işlendi.
2026-08-20 13:42:15 [INFO] [WS-2] Toplam 93600 adet veri paketi başarıyla işlendi.
2026-08-20 13:42:16 [INFO] [WS-3] Toplam 69500 adet veri paketi başarıyla işlendi.
2026-08-20 13:42:16 [INFO] [WS-1] Toplam 99100 adet veri paketi başarıyla işlendi.
2026-08-20 13:42:16 [INFO] [İPTAL] NIGHTUSDT.P tekrar SMA altına indi. Takip sıfırlandı.
2026-08-20 13:42:17 [INFO] [WS-2] Toplam 93700 adet veri paketi başarıyla işlendi.
2026-08-20 13:42:17 [INFO] [İPTAL] DOSUSDT.P tekrar SMA üstüne çıktı. Takip sıfırlandı.
2026-08-20 13:42:18 [INFO] [WS-3] Toplam 69600 adet veri paketi başarıyla işlendi.
2026-08-20 13:42:18 [INFO] [WS-4] Toplam 56800 adet veri paketi başarıyla işlendi.
2026-08-20 13:42:18 [INFO] [WS-1] Toplam 99200 adet veri paketi başarıyla işlendi.
2026-08-20 13:42:19 [INFO] [İPTAL] AEVOUSDT.P tekrar SMA üstüne çıktı. Takip sıfırlandı.
2026-08-20 13:42:19 [INFO] [BİLGİ] DOSUSDT.P SMA 50'ye (Aşağı) dokundu. Referans: 0.237384, Hedef: 0.225515
2026-08-20 13:42:19 [INFO] [WS-2] Toplam 93800 adet veri paketi başarıyla işlendi.
2026-08-20 13:42:21 [INFO] [WS-1] Toplam 99300 adet veri paketi başarıyla işlendi.
2026-08-20 13:42:21 [INFO] [WS-3] Toplam 69700 adet veri paketi başarıyla işlendi.
2026-08-20 13:42:21 [INFO] [WS-2] Toplam 93900 adet veri paketi başarıyla işlendi.
2026-08-20 13:42:22 [INFO] [WS-4] Toplam 56900 adet veri paketi başarıyla işlendi.
2026-08-20 13:42:22 [INFO] [İPTAL] DOSUSDT.P tekrar SMA üstüne çıktı. Takip sıfırlandı.
2026-08-20 13:42:23 [INFO] [WS-1] Toplam 99400 adet veri paketi başarıyla işlendi.
